surface,ranking,player_name,matches_played,match_record,match_win_pct,service_points_won,service_points_won_in_play,total_aces,ace_pct,double_faults,double_fault_pct,double_fault_per_second_serve,first_serve_in_pct,first_serve_win_pct,second_serve_win_pct,second_serve_win_pct_in_play,service_hold_pct,points_per_service_game,points_lost_per_service_game
all,267,Abdullah Shelbayh,41,19-22,46.34%,59.19%,60.63%,99,3.42%,133,4.60%,11.14%,58.74%,66.94%,48.16%,54.19%,72.67%,6.59,2.69
all,98,Adam Walton,62,33-29,53.23%,64.23%,62.29%,431,8.98%,112,2.33%,6.26%,62.71%,70.94%,52.93%,56.47%,80.42%,6.35,2.27
all,777,Adhithya Ganesan,6,1-5,16.67%,58.68%,60.52%,16,2.93%,27,4.94%,12.33%,59.96%,64.63%,49.77%,56.77%,70.89%,6.92,2.86
all,968,Aditya Vishal Balsekar,7,1-6,14.29%,53.96%,55.47%,7,1.68%,17,4.08%,11.41%,64.27%,56.72%,48.99%,55.30%,58.06%,6.73,3.1
all,70,Adolfo Daniel Vallejo,75,54-21,72.00%,61.66%,62.68%,221,4.32%,215,4.20%,11.27%,62.75%,68.10%,50.81%,57.27%,76.35%,6.44,2.47
all,368,Adria Soriano Barrera,9,2-7,22.22%,63.59%,63.81%,59,8.14%,36,4.97%,14.06%,64.69%,71.43%,49.22%,57.27%,79.82%,6.65,2.42
all,1108,Adrian Andreev,10,2-8,20.00%,55.36%,55.84%,18,2.68%,20,2.98%,7.55%,60.57%,60.93%,46.79%,50.61%,64.00%,6.72,3
all,435,Adrian Boitan,11,4-7,36.36%,61.12%,63.39%,51,6.20%,59,7.17%,19.41%,63.06%,72.06%,42.43%,52.65%,73.64%,6.38,2.48
all,52,Adrian Mannarino,49,19-30,38.78%,62.89%,62.34%,236,6.24%,109,2.88%,7.59%,61.99%,70.48%,50.52%,54.67%,77.01%,6.34,2.35
all,659,Aidan Kim,5,2-3,40.00%,58.90%,56.64%,30,9.20%,10,3.07%,7.81%,60.74%,63.64%,51.56%,55.93%,69.39%,6.65,2.73
all,625,Aidan Mayo,16,5-11,31.25%,66.23%,66.97%,121,9.29%,74,5.68%,13.14%,56.79%,75.54%,54.00%,62.17%,82.44%,6.36,2.15
all,291,Akira Santillan,27,13-14,48.15%,61.82%,62.60%,129,7.26%,99,5.57%,14.82%,62.39%,70.22%,47.90%,56.24%,72.76%,6.12,2.34
all,444,Alafia Ayeni,15,8-7,53.33%,63.41%,65.43%,130,11.32%,104,9.06%,23.74%,61.85%,74.51%,45.43%,59.58%,77.65%,6.41,2.35
all,554,Alan Magadan,16,6-10,37.50%,59.05%,60.09%,88,7.05%,80,6.41%,13.22%,51.52%,69.52%,47.93%,55.24%,71.96%,6.6,2.7
all,264,Alastair Gray,32,16-16,50.00%,64.42%,63.72%,211,8.83%,94,3.93%,10.76%,63.42%,73.20%,49.20%,55.13%,80.71%,6.49,2.31
all,354,Albert Ramos-Vinolas,5,2-3,40.00%,60.21%,60.77%,13,3.36%,12,3.10%,8.63%,64.08%,67.34%,47.48%,51.97%,72.88%,6.56,2.61
all,618,Alberto Barroso Campos,10,5-5,50.00%,60.06%,60.03%,32,4.88%,21,3.20%,8.24%,61.13%,67.58%,48.24%,52.56%,70.48%,6.25,2.5
all,20,Alejandro Davidovich Fokina,51,31-20,60.78%,65.03%,64.47%,206,5.28%,80,2.05%,6.34%,67.67%,70.14%,54.32%,58.00%,81.86%,6.37,2.23
all,236,Alejandro Moro Canas,57,32-25,56.14%,62.42%,62.90%,151,3.59%,121,2.88%,8.71%,66.92%,67.00%,53.17%,58.23%,76.70%,6.36,2.39
all,29,Alejandro Tabilo,77,47-30,61.04%,66.58%,65.15%,480,8.43%,131,2.30%,6.55%,64.90%,74.59%,51.78%,55.41%,84.78%,6.19,2.07
all,450,Alejo Sanchez Quilez,16,7-9,43.75%,58.07%,58.21%,35,2.99%,28,2.39%,6.28%,61.91%,63.31%,49.55%,52.87%,67.42%,6.58,2.76
all,96,Aleksandar Kovacevic,45,16-29,35.56%,65.82%,63.93%,474,12.99%,160,4.39%,11.12%,60.55%,75.96%,50.24%,56.53%,83.62%,6.36,2.17
all,101,Aleksandar Vukic,41,18-23,43.90%,62.24%,60.40%,266,8.25%,76,2.36%,5.57%,57.69%,70.45%,51.06%,54.07%,77.53%,6.53,2.47
all,261,Alex Barrena,59,28-31,47.46%,57.45%,58.04%,130,3.23%,135,3.35%,8.34%,59.81%,62.87%,49.38%,53.88%,67.72%,6.67,2.84
all,158,Alex Bolt,37,24-13,64.86%,66.72%,64.20%,274,10.78%,53,2.08%,6.00%,65.22%,73.34%,54.30%,57.76%,83.17%,6.2,2.06
all,459,Alex Hernandez,25,7-18,28.00%,56.61%,58.87%,50,2.56%,110,5.64%,16.11%,65.01%,62.49%,45.68%,54.45%,65.14%,6.87,2.98
all,518,Alex Marti Pujolras,8,2-6,25.00%,54.03%,55.99%,24,4.40%,38,6.96%,18.81%,63.00%,64.24%,36.63%,45.12%,56.96%,6.91,3.18
all,361,Alex Martinez,21,10-11,47.62%,59.04%,59.68%,51,3.51%,50,3.44%,9.35%,63.23%,66.30%,46.54%,51.34%,70.40%,6.52,2.67
all,41,Alex Michelsen,59,34-25,57.63%,64.42%,64.06%,326,7.32%,158,3.55%,10.08%,64.83%,70.98%,52.33%,58.20%,80.65%,6.34,2.25
all,75,Alex Molcan,45,29-16,64.44%,63.47%,63.24%,144,4.86%,73,2.46%,7.16%,65.56%,68.95%,53.04%,57.13%,78.26%,6.44,2.35
all,502,Alex Rybakov,27,11-16,40.74%,61.87%,62.58%,96,5.04%,79,4.15%,12.44%,66.65%,69.03%,47.56%,54.32%,74.05%,6.59,2.51
all,8,Alex de Minaur,71,46-25,64.79%,63.73%,64.03%,302,5.58%,195,3.60%,8.53%,57.78%,70.35%,54.66%,59.76%,81.20%,6.48,2.35
all,571,Alexander Binda,14,5-9,35.71%,57.26%,58.41%,45,4.67%,51,5.29%,13.32%,60.27%,65.23%,45.17%,52.11%,66.43%,6.74,2.88
all,32,Alexander Blockx,59,42-17,71.19%,66.75%,65.75%,427,9.28%,152,3.30%,8.52%,61.26%,76.98%,50.59%,55.30%,85.73%,6.31,2.1
all,11,Alexander Bublik,58,36-22,62.07%,68.24%,66.46%,673,14.68%,217,4.73%,13.42%,64.73%,78.60%,49.23%,56.86%,88.20%,6.22,1.98
all,551,Alexander Donski,15,8-7,53.33%,64.58%,64.91%,160,12.51%,93,7.27%,15.87%,54.18%,78.79%,47.78%,56.80%,84.66%,6.77,2.4
all,496,Alexander Ritschard,11,6-5,54.55%,62.23%,64.21%,23,3.52%,33,5.05%,11.79%,57.19%,71.12%,50.36%,57.09%,75.70%,6.11,2.31
all,100,Alexander Shevchenko,47,24-23,51.06%,62.25%,60.75%,281,7.78%,92,2.55%,6.82%,62.64%,69.27%,50.48%,54.18%,77.43%,6.63,2.5
all,567,Alexander Vasilev,14,7-7,50.00%,57.16%,62.13%,34,3.72%,94,10.27%,26.63%,61.42%,66.73%,41.93%,57.14%,68.22%,7.09,3.04
all,3,Alexander Zverev,76,55-21,72.37%,70.01%,68.20%,633,10.94%,142,2.45%,9.01%,72.76%,75.12%,56.35%,61.92%,87.89%,5.94,1.78
all,422,Alexandr Binda,6,2-4,33.33%,59.35%,60.10%,19,4.44%,18,4.21%,10.91%,61.45%,65.02%,50.30%,56.46%,72.31%,6.58,2.68
all,135,Alexandre Muller,36,11-25,30.56%,60.27%,60.25%,133,4.99%,87,3.26%,9.16%,64.39%,66.88%,48.32%,53.19%,71.82%,6.65,2.64
all,139,Alexei Popyrin,37,12-25,32.43%,65.46%,63.04%,314,12.31%,86,3.37%,8.91%,62.17%,74.21%,51.09%,56.09%,80.09%,5.97,2.06
all,413,Alexey Vatutin,7,2-5,28.57%,57.09%,59.77%,12,2.15%,33,5.92%,13.47%,56.01%,63.46%,48.98%,56.60%,67.09%,7.05,3.03
all,175,Alexis Galarneau,57,32-25,56.14%,61.51%,63.38%,193,4.40%,241,5.50%,13.56%,59.46%,68.34%,51.49%,59.57%,76.34%,6.52,2.51
all,409,Alfredo Perez,14,7-7,50.00%,62.32%,61.33%,64,6.68%,25,2.61%,7.35%,64.51%,71.20%,46.18%,49.84%,80.27%,6.52,2.46
all,278,Alvaro Guillen Meza,62,34-28,54.84%,58.24%,59.79%,137,2.89%,215,4.53%,13.05%,65.26%,64.84%,45.84%,52.72%,68.48%,6.79,2.84
all,679,Amit Vales,8,3-5,37.50%,58.88%,61.84%,10,1.93%,31,5.98%,15.42%,61.20%,67.19%,45.77%,54.12%,72.50%,6.47,2.66
all,243,Andre Ilagan,62,35-27,56.45%,61.13%,61.05%,222,4.50%,135,2.74%,7.83%,65.05%,66.11%,51.88%,56.29%,76.54%,6.77,2.63
all,304,Andrea Collarini,35,17-18,48.57%,58.83%,60.60%,40,1.55%,101,3.92%,11.30%,65.28%,64.01%,49.11%,55.36%,70.30%,6.54,2.69
all,213,Andrea Guerrieri,32,20-12,62.50%,59.16%,61.44%,69,2.82%,134,5.48%,15.02%,63.53%,66.92%,45.63%,53.69%,71.51%,6.7,2.74
all,134,Andrea Pellegrino,42,24-18,57.14%,61.34%,62.03%,126,4.11%,111,3.62%,8.54%,57.63%,67.93%,52.38%,57.28%,75.90%,6.49,2.51
all,393,Andrea Picchione,8,5-3,62.50%,60.70%,62.87%,14,2.58%,27,4.98%,12.00%,58.49%,67.82%,50.67%,57.58%,74.12%,6.38,2.51
all,614,Andrea Vavassori,11,7-4,63.64%,63.47%,62.25%,79,8.62%,30,3.27%,8.90%,63.25%,72.24%,48.37%,53.09%,82.35%,6.74,2.46
all,395,Andrej Martin,19,10-9,52.63%,61.85%,61.70%,68,5.25%,39,3.01%,7.25%,58.46%,69.62%,50.93%,54.91%,75.62%,6.44,2.46
all,246,Andrej Nedic,37,21-16,56.76%,59.03%,60.06%,55,2.21%,79,3.18%,9.52%,66.60%,63.02%,51.08%,56.46%,71.39%,6.52,2.67
all,257,Andres Andrade,9,4-5,44.44%,60.46%,61.33%,34,5.60%,30,4.94%,12.24%,59.64%,70.44%,45.71%,52.09%,72.04%,6.53,2.58
all,340,Andres Martin,46,19-27,41.30%,60.97%,61.42%,170,4.71%,133,3.68%,10.44%,64.74%,66.99%,49.92%,55.74%,75.09%,6.52,2.55
all,726,Andres Santamarta Roig,13,6-7,46.15%,55.14%,57.21%,7,0.83%,36,4.25%,10.23%,58.44%,58.59%,50.28%,56.01%,62.90%,6.83,3.06
all,394,Andrew Fenty,18,5-13,27.78%,61.48%,61.50%,79,5.72%,50,3.62%,9.94%,63.58%,66.74%,52.29%,58.06%,76.24%,6.84,2.63
all,634,Andrew Paulson,8,5-3,62.50%,60.40%,61.43%,30,4.95%,29,4.79%,11.69%,59.08%,71.23%,44.76%,50.68%,73.63%,6.66,2.64
all,18,Andrey Rublev,51,30-21,58.82%,65.14%,64.21%,374,8.97%,148,3.55%,9.26%,61.69%,73.65%,51.44%,56.69%,82.90%,6.43,2.24
all,251,Andy Andrade,36,20-16,55.56%,59.75%,61.76%,103,3.98%,148,5.72%,14.31%,60.06%,67.72%,47.78%,55.76%,71.18%,6.49,2.61
all,348,Antoine Escoffier,7,4-3,57.14%,58.76%,60.93%,19,3.78%,30,5.98%,14.22%,57.97%,65.64%,49.29%,57.46%,71.05%,6.61,2.72
all,351,Antoine Ghibaudo,40,21-19,52.50%,62.92%,63.02%,149,5.37%,92,3.32%,8.68%,61.80%,69.39%,52.45%,57.44%,80.05%,6.59,2.44
all,350,Anton Matusevich,12,6-6,50.00%,61.96%,62.00%,48,5.95%,30,3.72%,8.67%,57.13%,71.37%,49.42%,54.11%,75.38%,6.21,2.36
all,912,Aoran Wang,5,2-3,40.00%,64.48%,60.76%,61,16.67%,17,4.64%,10.37%,55.19%,78.22%,47.56%,53.06%,82.76%,6.31,2.24
all,829,Arda Azkara,13,6-7,46.15%,61.67%,63.65%,40,4.58%,50,5.72%,13.02%,56.06%,70.20%,50.78%,58.38%,78.72%,6.2,2.38
all,492,Aristotelis Thanos,6,1-5,16.67%,55.73%,58.43%,18,4.58%,31,7.89%,19.50%,59.54%,64.10%,43.40%,53.91%,61.67%,6.55,2.9
all,769,Arklon Huertas Del Pino Cordova,9,4-5,44.44%,61.03%,61.76%,5,0.76%,11,1.66%,6.79%,75.53%,63.00%,54.94%,58.94%,76.47%,6.49,2.53
all,439,Arthur Bouquier,14,6-8,42.86%,62.81%,60.28%,157,12.81%,52,4.24%,12.38%,65.74%,73.70%,41.90%,47.83%,79.78%,6.7,2.49
all,73,Arthur Cazaux,19,12-7,63.16%,66.10%,63.18%,164,11.07%,27,1.82%,4.80%,62.05%,75.30%,51.07%,53.64%,85.53%,6.5,2.2
all,37,Arthur Fery,43,28-15,65.12%,64.17%,63.76%,181,5.11%,80,2.26%,5.99%,62.34%,69.59%,55.21%,58.73%,81.41%,6.4,2.29
all,21,Arthur Fils,40,30-10,75.00%,68.31%,68.13%,197,7.14%,85,3.08%,8.61%,64.25%,74.80%,56.64%,61.97%,86.68%,6.23,1.98
all,127,Arthur Gea,52,35-17,67.31%,64.06%,64.76%,271,7.09%,189,4.95%,11.84%,58.22%,72.98%,51.63%,58.56%,79.69%,6.52,2.34
all,28,Arthur Rinderknech,53,28-25,52.83%,68.44%,66.21%,609,13.45%,158,3.49%,9.98%,65.04%,77.15%,52.24%,58.04%,87.78%,6.36,2.01
all,398,Arthur Weber,9,2-7,22.22%,57.42%,57.89%,11,1.79%,13,2.12%,7.14%,70.31%,59.16%,53.30%,57.40%,66.30%,6.66,2.84
all,410,Aryan Shah,9,1-8,11.11%,58.24%,60.83%,27,4.16%,45,6.93%,15.41%,55.01%,68.91%,45.21%,53.44%,72.45%,6.62,2.77
all,227,August Holmgren,46,22-24,47.83%,65.49%,65.14%,339,9.84%,163,4.73%,12.95%,63.45%,73.60%,51.39%,59.03%,82.99%,6.44,2.22
all,690,Aziz Dougaz,14,7-7,50.00%,67.06%,67.09%,105,9.50%,52,4.71%,12.56%,62.53%,74.67%,54.35%,62.15%,85.88%,6.24,2.06
all,494,Aziz Ouakaa,13,1-12,7.69%,51.72%,53.70%,22,2.80%,48,6.10%,13.99%,56.42%,62.16%,38.19%,44.41%,52.42%,6.35,3.06
all,419,Beibit Zhukayev,25,10-15,40.00%,62.33%,60.73%,236,12.54%,103,5.47%,14.01%,60.95%,72.45%,46.53%,54.11%,78.05%,6.56,2.47
all,746,Ben Jones,5,2-3,40.00%,62.73%,63.94%,30,9.32%,23,7.14%,20.00%,64.29%,71.98%,46.09%,57.61%,80.39%,6.31,2.35
all,6,Ben Shelton,52,33-19,63.46%,70.30%,69.09%,487,11.21%,142,3.27%,10.27%,68.18%,76.56%,56.87%,63.39%,90.15%,6.11,1.81
all,103,Benjamin Bonzi,43,25-18,58.14%,65.34%,64.49%,252,7.23%,93,2.67%,8.02%,66.71%,71.91%,52.16%,56.70%,82.37%,6.27,2.17
all,509,Benjamin Hassan,31,13-18,41.94%,60.67%,61.13%,145,6.47%,109,4.87%,10.34%,52.95%,70.49%,49.62%,55.34%,72.52%,6.35,2.5
all,725,Benjamin Torrealba,6,0-6,0.00%,48.93%,50.15%,13,3.48%,22,5.88%,14.57%,59.63%,54.71%,40.40%,47.29%,50.00%,6.23,3.18
all,917,Benoit Paire,5,0-5,0.00%,54.64%,55.17%,30,7.96%,28,7.43%,14.81%,49.87%,68.62%,40.74%,47.83%,60.71%,6.73,3.05
all,830,Bernabe Zapata Miralles,7,0-7,0.00%,50.44%,52.22%,7,1.54%,22,4.82%,13.58%,64.47%,54.76%,42.59%,49.29%,50.00%,6.33,3.14
all,160,Bernard Tomic,41,22-19,53.66%,63.48%,62.53%,214,6.90%,81,2.61%,7.04%,62.90%,70.97%,50.78%,54.63%,79.96%,6.54,2.39
all,155,Billy Harris,40,20-20,50.00%,64.02%,62.79%,275,8.31%,98,2.96%,7.69%,61.51%,72.15%,51.02%,55.27%,80.36%,6.57,2.36
all,373,Blaise Bicknell,31,11-20,35.48%,61.74%,61.64%,140,5.78%,83,3.43%,10.30%,66.74%,66.48%,52.23%,58.23%,77.78%,6.57,2.51
all,502,Blake Ellis,27,15-12,55.56%,64.38%,62.09%,298,13.56%,101,4.60%,10.79%,57.42%,74.33%,50.96%,57.13%,82.42%,6.66,2.37
all,437,Bor Artnak,8,2-6,25.00%,57.84%,58.23%,31,5.59%,26,4.68%,10.16%,53.87%,64.55%,50.00%,55.65%,64.71%,6.53,2.75
all,163,Borna Gojo,34,24-10,70.59%,67.92%,65.17%,402,15.86%,108,4.26%,11.53%,63.02%,79.02%,48.99%,55.37%,87.10%,6.29,2.02
all,59,Botic Van De Zandschulp,5,2-3,40.00%,64.01%,66.88%,21,5.77%,26,7.14%,16.56%,56.87%,77.29%,46.50%,55.73%,78.57%,6.5,2.34
all,59,Botic van de Zandschulp,38,17-21,44.74%,61.92%,62.64%,251,7.89%,186,5.84%,15.58%,62.49%,71.29%,46.31%,54.86%,76.89%,6.69,2.55
all,234,Braden Shick,20,12-8,60.00%,60.27%,60.77%,83,5.55%,66,4.41%,9.54%,53.71%,69.24%,49.86%,55.11%,72.73%,6.8,2.7
all,109,Brandon Holt,14,7-7,50.00%,62.54%,61.12%,64,6.01%,16,1.50%,4.65%,67.70%,68.38%,50.29%,52.74%,77.65%,6.26,2.35
all,22,Brandon Nakashima,61,38-23,62.30%,68.28%,64.68%,619,12.73%,67,1.38%,4.10%,66.35%,77.40%,50.31%,52.45%,87.47%,6.22,1.97
all,628,Bruno Fernandez,15,3-12,20.00%,57.01%,59.02%,40,3.30%,69,5.69%,15.97%,64.36%,63.97%,44.44%,52.89%,67.58%,6.66,2.86
all,616,Bruno Kuzuhara,5,0-5,0.00%,59.18%,61.42%,4,1.17%,15,4.37%,14.42%,69.68%,64.02%,48.08%,56.18%,69.09%,6.24,2.55
all,251,Buvaysar Gadamauri,39,21-18,53.85%,62.17%,62.60%,139,4.79%,103,3.55%,9.97%,64.38%,67.49%,52.57%,58.39%,77.65%,6.68,2.53
all,318,Calvin Hemery,45,23-22,51.11%,63.33%,62.81%,285,9.09%,143,4.56%,12.34%,63.04%,72.33%,47.97%,54.72%,80.25%,6.59,2.42
all,35,Cameron Norrie,54,30-24,55.56%,64.56%,64.64%,253,5.63%,144,3.21%,9.01%,64.40%,70.96%,52.97%,58.21%,82.39%,6.54,2.32
all,76,Camilo Ugo Carabelli,50,23-27,46.00%,60.31%,60.56%,175,4.72%,129,3.48%,8.75%,60.21%,68.43%,48.03%,52.64%,73.67%,6.59,2.62
all,435,Cannon Kingsley,25,10-15,40.00%,63.35%,61.12%,167,8.79%,37,1.95%,5.29%,63.14%,69.89%,52.14%,55.05%,79.12%,6.39,2.34
all,472,Carl Emil Overbeck,12,5-7,41.67%,64.93%,64.44%,72,9.60%,34,4.53%,13.13%,65.47%,72.71%,50.19%,57.78%,80.49%,6.1,2.14
all,452,Carlo Alberto Caniato,25,7-18,28.00%,63.28%,63.49%,114,5.95%,72,3.76%,9.90%,62.08%,70.17%,51.99%,57.71%,78.74%,6.37,2.34
all,2,Carlos Alcaraz,44,38-6,86.36%,68.62%,68.25%,224,6.82%,86,2.62%,7.78%,66.37%,74.64%,56.74%,61.53%,89.29%,6.28,1.97
all,551,Carlos Lopez Montagud,7,4-3,57.14%,59.96%,61.34%,9,1.97%,16,3.50%,14.68%,76.15%,66.38%,39.45%,46.24%,73.61%,6.35,2.54
all,412,Carlos Maria Zarate,21,7-14,33.33%,57.57%,58.38%,63,3.97%,67,4.22%,9.87%,57.19%,65.27%,47.28%,52.45%,67.83%,6.9,2.93
all,377,Carlos Sanchez Jover,29,12-17,41.38%,54.18%,55.72%,32,1.54%,83,3.99%,11.89%,66.47%,59.32%,43.98%,49.92%,59.48%,6.8,3.12
all,409,Carlos Taberner,25,14-11,56.00%,58.95%,61.32%,45,2.57%,96,5.49%,14.29%,61.58%,65.92%,47.77%,55.73%,70.72%,6.65,2.73
all,17,Casper Ruud,53,33-20,62.26%,67.36%,66.72%,293,7.50%,109,2.79%,8.25%,66.18%,73.11%,56.09%,61.14%,85.76%,6.18,2.02
all,320,Cedrik-Marcel Stebe,20,11-9,55.00%,59.68%,60.44%,74,4.49%,69,4.19%,9.91%,57.74%,67.09%,49.57%,55.02%,73.01%,7.29,2.94
all,609,Cesar Bouchelaghem,5,1-4,20.00%,61.77%,61.30%,23,7.03%,12,3.67%,9.16%,59.94%,71.94%,46.56%,51.26%,75.00%,6.29,2.4
all,260,Cezar Cretu,30,14-16,46.67%,57.04%,57.93%,50,2.58%,66,3.40%,9.82%,65.34%,62.67%,46.43%,51.49%,64.71%,6.34,2.72
all,287,Charles Broom,36,18-18,50.00%,63.52%,62.87%,192,7.24%,86,3.24%,8.64%,62.47%,70.89%,51.26%,56.11%,78.28%,6.33,2.31
all,884,Charlie Robertson,5,3-2,60.00%,55.23%,57.25%,11,3.59%,19,6.21%,15.97%,61.11%,63.64%,42.02%,50.00%,64.44%,6.8,3.04
all,191,Chris Rodesch,38,25-13,65.79%,66.67%,65.73%,271,9.81%,102,3.69%,11.30%,67.32%,73.01%,53.60%,60.42%,84.32%,6.28,2.09
all,455,Christian Langmo,24,7-17,29.17%,62.39%,61.13%,164,9.87%,70,4.21%,12.48%,66.25%,70.75%,45.99%,52.55%,78.80%,6.65,2.5
all,422,Christoph Negritu,23,9-14,39.13%,63.65%,61.06%,164,8.95%,27,1.47%,3.74%,60.64%,71.83%,51.04%,53.03%,80.50%,6.5,2.36
all,129,Christopher O'Connell,32,15-17,46.88%,64.65%,61.06%,256,11.92%,37,1.72%,4.28%,59.71%,73.87%,50.98%,53.26%,81.42%,6.33,2.24
all,272,Chun-Hsin Tseng,43,25-18,58.14%,60.03%,60.04%,84,2.84%,56,1.89%,5.49%,65.54%,64.85%,50.88%,53.84%,72.10%,6.61,2.64
all,202,Clement Chidekh,58,36-22,62.07%,62.44%,64.02%,170,3.99%,201,4.71%,12.78%,63.12%,70.02%,49.46%,56.71%,77.12%,6.46,2.43
all,159,Clement Tabur,44,24-20,54.55%,63.74%,63.90%,184,5.20%,113,3.19%,8.06%,60.41%,70.64%,53.21%,57.87%,80.07%,6.53,2.37
all,92,Coleman Wong,57,33-24,57.89%,64.80%,61.92%,552,12.69%,137,3.15%,7.88%,60.02%,74.34%,50.49%,54.81%,80.97%,6.37,2.24
all,503,Colin Sinclair,7,2-5,28.57%,60.91%,60.89%,33,6.26%,21,3.98%,10.34%,61.48%,67.59%,50.25%,56.04%,71.95%,6.43,2.51
all,197,Colton Smith,35,19-16,54.29%,61.17%,60.59%,171,6.47%,86,3.26%,8.71%,62.64%,67.85%,49.95%,54.72%,75.89%,6.71,2.6
all,639,Conner Huertas del Pino,14,7-7,50.00%,61.12%,60.26%,49,5.29%,19,2.05%,5.78%,64.47%,69.51%,45.90%,48.71%,75.86%,6.39,2.48
all,424,Constantin Bittoun Kouzmine,13,5-8,38.46%,60.56%,60.50%,29,3.14%,18,1.95%,5.45%,64.25%,65.60%,51.52%,54.49%,73.94%,6.5,2.56
all,490,Corentin Denolly,19,7-12,36.84%,57.08%,58.90%,77,5.48%,97,6.90%,17.29%,60.07%,65.88%,43.85%,53.02%,66.67%,7.21,3.09
all,69,Corentin Moutet,47,20-27,42.55%,61.27%,61.65%,143,3.93%,111,3.05%,8.55%,64.35%,67.01%,50.92%,55.69%,77.02%,6.54,2.53
all,778,Cosme Rolland De Ravel,6,4-2,66.67%,61.74%,61.71%,31,6.74%,19,4.13%,9.18%,55.00%,72.33%,48.79%,53.72%,78.79%,6.97,2.67
all,114,Cristian Garin,31,19-12,61.29%,59.99%,60.94%,85,3.51%,92,3.80%,9.47%,59.87%,68.48%,47.33%,52.27%,73.39%,6.51,2.6
all,612,Cruz Hewitt,11,5-6,45.45%,61.40%,62.60%,47,5.67%,44,5.31%,12.39%,57.18%,69.20%,50.99%,58.20%,76.80%,6.63,2.56
all,305,Dali Blanch,32,17-15,53.12%,61.08%,61.22%,134,6.09%,90,4.09%,9.81%,58.36%,68.72%,50.38%,55.86%,75.15%,6.44,2.51
all,111,Dalibor Svrcina,38,20-18,52.63%,57.63%,60.17%,69,2.61%,157,5.94%,14.91%,60.13%,62.72%,49.95%,58.71%,67.77%,6.7,2.84
all,104,Damir Dzumhur,49,17-32,34.69%,58.93%,59.55%,65,1.77%,82,2.23%,6.69%,66.68%,62.23%,52.33%,56.08%,68.84%,6.47,2.66
all,220,Dan Added,43,19-24,44.19%,61.71%,60.73%,229,7.52%,99,3.25%,7.78%,58.19%,71.16%,48.55%,52.64%,75.80%,6.46,2.48
all,630,Dan Martin,18,6-12,33.33%,62.01%,62.21%,81,5.50%,54,3.66%,9.56%,61.67%,69.09%,50.62%,55.97%,78.92%,6.61,2.51
all,122,Dane Sweeny,40,22-18,55.00%,61.33%,62.58%,113,3.80%,127,4.27%,11.84%,63.92%,66.75%,51.72%,58.67%,76.47%,6.73,2.6
all,65,Daniel Altmaier,58,27-31,46.55%,62.67%,61.30%,411,9.11%,159,3.52%,9.47%,62.78%,71.50%,47.77%,52.76%,78.29%,6.53,2.44
all,689,Daniel Antonio Nunez,7,3-4,42.86%,58.72%,59.18%,21,4.64%,18,3.97%,8.87%,55.19%,67.60%,47.78%,52.43%,66.67%,6.57,2.71
all,413,Daniel Dutra da Silva,34,11-23,32.35%,56.73%,57.34%,94,3.99%,95,4.03%,9.33%,56.77%,64.17%,46.95%,51.79%,64.48%,6.43,2.78
all,271,Daniel Elahi Galan,36,16-20,44.44%,60.42%,59.81%,149,5.18%,71,2.47%,6.79%,63.62%,65.88%,50.86%,54.56%,74.60%,6.64,2.63
all,184,Daniel Evans,5,3-2,60.00%,64.36%,65.40%,28,7.18%,21,5.38%,13.64%,60.51%,75.00%,48.05%,55.64%,81.97%,6.39,2.28
all,370,Daniel Masur,15,6-9,40.00%,63.66%,62.25%,125,10.54%,49,4.13%,10.68%,61.30%,71.39%,51.42%,57.56%,77.78%,6.28,2.28
all,40,Daniel Merida,65,42-23,64.62%,61.12%,61.98%,149,3.19%,156,3.34%,10.55%,68.30%,66.11%,50.37%,56.31%,75.52%,6.45,2.51
all,338,Daniel Michalski,37,18-19,48.65%,58.67%,58.87%,72,2.79%,59,2.28%,5.45%,58.13%,64.98%,49.91%,52.79%,68.47%,6.36,2.63
all,306,Daniel Milavsky,31,16-15,51.61%,61.78%,61.80%,178,7.99%,111,4.98%,12.50%,60.16%,69.65%,49.89%,57.01%,77.08%,6.63,2.54
all,203,Daniel Rincon,46,25-21,54.35%,58.58%,58.26%,149,4.33%,88,2.55%,6.15%,58.43%,66.62%,47.28%,50.37%,69.83%,6.66,2.76
all,166,Daniil Glinka,63,39-24,61.90%,64.28%,63.23%,422,9.26%,170,3.73%,8.95%,58.31%,72.74%,52.45%,57.61%,80.76%,6.44,2.3
all,7,Daniil Medvedev,62,43-19,69.35%,65.35%,65.37%,492,10.57%,262,5.63%,16.08%,65.01%,74.85%,47.70%,56.84%,84.01%,6.26,2.17
all,533,Daniil Ostapenkov,8,4-4,50.00%,63.12%,63.19%,69,9.53%,41,5.66%,12.58%,54.97%,69.60%,55.21%,63.16%,79.44%,6.77,2.5
all,221,Darwin Blanch,51,26-25,50.98%,63.49%,63.10%,352,9.09%,182,4.70%,11.45%,58.95%,73.41%,49.25%,55.61%,78.90%,6.43,2.35
all,236,David Goffin,13,3-10,23.08%,59.87%,59.87%,76,8.24%,51,5.53%,12.81%,56.83%,70.61%,45.73%,52.45%,69.28%,6.03,2.42
all,186,David Jorda Sanchis,40,20-20,50.00%,61.55%,61.96%,166,5.79%,121,4.22%,9.61%,56.07%,70.94%,49.56%,54.83%,76.07%,6.47,2.49
all,48,Denis Shapovalov,42,20-22,47.62%,62.07%,63.03%,319,10.11%,235,7.45%,17.72%,57.98%,71.15%,49.55%,60.22%,75.39%,6.16,2.34
all,439,Denis Yevseyev,29,10-19,34.48%,56.45%,56.43%,72,3.18%,55,2.43%,8.03%,69.74%,61.18%,45.55%,49.52%,66.36%,6.86,2.99
all,463,Dennis Novak,6,2-4,33.33%,55.50%,54.40%,19,4.86%,8,2.05%,6.06%,66.24%,60.62%,45.45%,48.39%,59.42%,5.67,2.52
all,393,Dhakshineswar Suresh,21,14-7,66.67%,67.10%,65.18%,189,12.95%,58,3.98%,10.53%,62.23%,77.64%,49.73%,55.58%,85.65%,6.34,2.09
all,193,Diego Dedura,43,23-20,53.49%,60.42%,61.10%,31,1.03%,53,1.76%,6.46%,72.82%,62.45%,55.00%,58.80%,73.77%,6.43,2.55
all,540,Digvijaypratap Singh,10,1-9,10.00%,64.69%,62.48%,79,11.43%,23,3.33%,8.07%,58.76%,72.91%,52.98%,57.63%,81.82%,6.28,2.22
all,378,Dimitar Kuzmanov,51,23-28,45.10%,59.28%,59.66%,110,3.16%,97,2.79%,8.91%,68.72%,63.02%,51.06%,56.05%,69.60%,6.38,2.6
all,98,Dino Prizmic,36,19-17,52.78%,65.14%,65.34%,169,6.14%,98,3.56%,9.05%,60.68%,71.45%,55.40%,60.91%,82.47%,6.19,2.16
all,652,Dmitry Popko,17,5-12,29.41%,60.77%,62.25%,46,4.20%,54,4.93%,11.07%,55.47%,69.74%,49.59%,55.76%,73.18%,6.12,2.4
all,327,Dominic Stricker,25,14-11,56.00%,64.91%,63.59%,120,7.88%,37,2.43%,5.92%,58.94%,73.47%,52.64%,55.95%,81.22%,6.21,2.18
all,580,Dominik Kellovsky,5,2-3,40.00%,62.32%,63.86%,23,5.56%,23,5.56%,13.07%,57.49%,73.11%,47.73%,54.90%,77.97%,7.02,2.64
all,498,Dominik Palan,14,6-8,42.86%,64.09%,65.82%,117,10.91%,89,8.30%,19.14%,56.62%,76.44%,47.96%,59.31%,81.60%,6.58,2.36
all,302,Duje Ajdukovic,45,23-22,51.11%,59.96%,59.71%,208,6.18%,126,3.74%,9.10%,58.87%,69.22%,46.71%,51.39%,73.12%,6.65,2.66
all,606,Duncan Chan,12,5-7,41.67%,61.36%,62.16%,46,5.39%,39,4.57%,11.40%,59.95%,69.73%,48.83%,55.12%,75.37%,6.37,2.46
all,149,Dusan Lajovic,44,20-24,45.45%,61.69%,61.32%,136,4.19%,66,2.04%,6.26%,67.49%,66.50%,51.71%,55.16%,74.16%,6.39,2.45
all,437,Dylan Dietrich,12,6-6,50.00%,66.40%,65.28%,104,11.72%,40,4.51%,11.98%,62.34%,76.67%,49.40%,56.12%,84.67%,6.47,2.18
all,268,Edas Butvilas,54,29-25,53.70%,62.50%,61.77%,254,6.62%,112,2.92%,7.71%,62.16%,69.69%,50.69%,54.93%,77.72%,6.43,2.41
all,372,Eduardo Ribeiro,34,15-19,44.12%,58.99%,58.75%,79,3.31%,46,1.93%,5.08%,62.04%,63.54%,51.55%,54.30%,70.92%,6.49,2.66
all,348,Edward Winter,29,16-13,55.17%,61.77%,62.85%,51,2.38%,67,3.12%,9.29%,66.39%,67.06%,51.32%,56.57%,75.91%,6.54,2.5
all,486,Eero Vasa,14,7-7,50.00%,58.61%,59.59%,69,6.25%,65,5.89%,14.19%,58.51%,68.58%,44.54%,51.91%,69.57%,6.86,2.84
all,314,Eliakim Coulibaly,41,23-18,56.10%,62.41%,62.94%,229,7.96%,159,5.53%,13.86%,60.12%,72.64%,46.99%,54.55%,76.58%,6.48,2.43
all,208,Elias Ymer,33,14-19,42.42%,61.06%,61.43%,150,6.48%,108,4.67%,11.53%,59.51%,70.01%,47.92%,54.16%,73.11%,6.48,2.52
all,91,Eliot Spizzirri,22,13-9,59.09%,67.79%,65.19%,178,10.13%,25,1.42%,4.66%,69.49%,73.38%,55.04%,57.73%,82.92%,6.25,2.01
all,184,Elmer Moller,47,25-22,53.19%,55.73%,59.01%,80,2.53%,231,7.31%,19.23%,61.97%,62.39%,44.88%,55.57%,62.85%,6.7,2.97
all,547,Emil Ruusuvuori,13,5-8,38.46%,66.73%,65.79%,114,10.62%,44,4.10%,11.99%,65.80%,74.79%,51.23%,58.20%,85.12%,6.39,2.12
all,517,Emile Hudd,6,1-5,16.67%,65.83%,64.25%,50,11.39%,17,3.87%,13.18%,70.62%,73.87%,46.51%,53.57%,81.43%,6.27,2.14
all,658,Emilien Demanet,7,4-3,57.14%,61.13%,60.67%,18,3.78%,8,1.68%,4.65%,63.87%,65.13%,54.07%,56.71%,76.71%,6.52,2.53
all,86,Emilio Nava,48,26-22,54.17%,62.91%,61.82%,315,8.61%,130,3.55%,10.16%,65.05%,70.59%,48.63%,54.13%,79.45%,6.65,2.47
all,321,Enrico Dalla Valle,40,19-21,47.50%,63.50%,62.90%,134,4.92%,53,1.94%,6.06%,67.90%,68.13%,53.71%,57.18%,79.25%,6.43,2.35
all,608,Ergi Kirkin,8,1-7,12.50%,57.17%,56.32%,37,6.39%,20,3.45%,7.38%,53.20%,63.96%,49.45%,53.39%,65.56%,6.43,2.76
all,532,Eric Vanshelboim,6,2-4,33.33%,59.85%,59.95%,8,2.02%,6,1.52%,5.71%,73.48%,64.60%,46.67%,49.49%,69.84%,6.29,2.52
all,621,Erik Arutiunian,7,3-4,42.86%,62.10%,60.51%,54,11.56%,23,4.93%,10.60%,53.53%,72.40%,50.23%,56.19%,78.57%,6.67,2.53
all,47,Ethan Quinn,39,19-20,48.72%,65.30%,64.15%,318,10.31%,122,3.96%,11.87%,66.67%,73.83%,48.25%,54.75%,84.55%,6.11,2.12
all,590,Evan Zhu,7,0-7,0.00%,55.09%,56.08%,15,2.88%,21,4.03%,9.86%,59.12%,60.71%,46.95%,52.08%,63.38%,7.34,3.3
all,63,Fabian Marozsan,45,20-25,44.44%,64.61%,64.02%,220,6.21%,91,2.57%,7.63%,66.31%,70.23%,53.56%,57.99%,81.05%,6.39,2.26
all,348,Fabrizio Andaloro,5,2-3,40.00%,53.16%,52.60%,20,5.26%,14,3.68%,8.64%,57.37%,59.63%,44.44%,48.65%,57.41%,7.04,3.3
all,431,Facundo Bagnis,5,3-2,60.00%,60.16%,62.35%,12,3.30%,20,5.49%,16.26%,66.21%,67.22%,46.34%,55.34%,74.14%,6.28,2.5
all,107,Facundo Diaz Acosta,78,54-24,69.23%,63.17%,63.67%,216,3.80%,168,2.96%,8.46%,65.03%,68.82%,52.64%,57.51%,78.04%,6.27,2.31
all,333,Facundo Mena,35,16-19,45.71%,61.92%,60.59%,256,10.27%,112,4.49%,10.11%,55.54%,72.54%,48.65%,54.12%,78.68%,6.56,2.5
all,326,Fajing Sun,47,23-24,48.94%,62.51%,62.44%,161,4.78%,93,2.76%,6.56%,57.87%,70.28%,51.83%,55.47%,78.32%,6.57,2.46
all,514,Fares Zakaria,6,1-5,16.67%,56.00%,58.00%,21,5.25%,29,7.25%,16.76%,56.75%,64.76%,44.51%,53.47%,67.27%,7.27,3.2
all,174,Federico Agustin Gomez,52,25-27,48.08%,61.95%,63.13%,250,6.49%,218,5.66%,14.82%,61.79%,69.19%,50.24%,58.98%,77.13%,6.43,2.45
all,476,Federico Arnaboldi,12,2-10,16.67%,55.86%,56.66%,43,4.66%,46,4.99%,11.00%,54.66%,64.09%,45.93%,51.61%,63.31%,6.63,2.93
all,346,Federico Bondioli,32,14-18,43.75%,59.66%,60.70%,118,4.52%,121,4.63%,12.00%,61.42%,66.36%,49.01%,55.69%,72.94%,6.73,2.72
all,178,Federico Cina,47,22-25,46.81%,61.42%,61.41%,203,5.62%,127,3.52%,9.24%,61.95%,68.57%,49.78%,54.85%,77.20%,6.75,2.6
all,779,Federico Coria,10,4-6,40.00%,57.30%,57.84%,14,1.93%,17,2.34%,6.94%,66.25%,60.08%,51.84%,55.70%,67.27%,6.6,2.82
all,601,Federico Iannaccone,7,3-4,42.86%,54.92%,55.25%,9,1.97%,10,2.19%,6.45%,66.08%,58.61%,47.74%,51.03%,58.33%,6.35,2.86
all,560,Felipe Meligeni Alves,17,7-10,41.18%,59.60%,58.99%,52,4.38%,24,2.02%,5.45%,62.96%,66.04%,48.64%,51.44%,72.13%,6.49,2.62
all,29,Felix Auger-Aliassime,72,52-20,72.22%,69.59%,67.45%,785,13.78%,198,3.48%,10.89%,68.07%,78.33%,50.96%,57.19%,89.32%,6.2,1.89
all,248,Felix Balshaw,20,12-8,60.00%,62.86%,62.34%,133,9.03%,68,4.62%,10.21%,54.79%,70.63%,53.45%,59.53%,79.22%,6.38,2.37
all,218,Felix Gill,34,17-17,50.00%,62.50%,61.62%,146,5.31%,52,1.89%,5.54%,65.84%,68.01%,51.86%,54.90%,79.33%,6.53,2.45
all,279,Filip Cristian Jianu,38,17-21,44.74%,60.53%,60.50%,71,2.75%,45,1.74%,5.18%,66.34%,65.38%,50.98%,53.76%,74.19%,6.47,2.55
all,81,Filip Misolic,9,1-8,11.11%,59.34%,59.63%,35,5.27%,27,4.07%,11.54%,64.76%,67.44%,44.44%,50.24%,74.23%,6.85,2.78
all,547,Filip Peliwo,9,1-8,11.11%,53.62%,54.56%,18,3.10%,25,4.31%,10.64%,59.48%,60.58%,43.40%,48.57%,58.62%,6.67,3.09
all,303,Filippo Romano,30,16-14,53.33%,61.14%,60.40%,161,6.63%,76,3.13%,8.33%,62.45%,69.22%,47.70%,52.03%,75.98%,6.78,2.64
all,10,Flavio Cobolli,64,40-24,62.50%,63.50%,62.96%,392,7.23%,184,3.39%,7.99%,57.51%,71.65%,52.47%,57.03%,80.17%,6.56,2.39
all,247,Florent Bax,34,18-16,52.94%,64.69%,64.21%,234,9.07%,111,4.30%,9.82%,56.20%,76.90%,49.03%,54.37%,82.49%,6.55,2.31
all,290,Florian Broska,16,10-6,62.50%,66.28%,66.21%,77,6.00%,38,2.96%,8.43%,64.88%,71.79%,56.10%,61.26%,86.63%,6.36,2.14
all,23,Frances Tiafoe,55,36-19,65.45%,66.00%,64.95%,371,7.79%,123,2.58%,6.43%,59.83%,74.61%,53.19%,56.84%,83.94%,6.43,2.19
all,357,Francesco Forti,22,9-13,40.91%,61.35%,60.50%,116,6.86%,52,3.07%,8.47%,63.71%,68.65%,48.53%,53.02%,75.20%,6.66,2.57
all,161,Francesco Maestrelli,41,20-21,48.78%,63.22%,63.18%,261,8.62%,150,4.95%,14.78%,66.49%,71.75%,46.31%,54.34%,79.39%,6.57,2.42
all,219,Francesco Passaro,41,19-22,46.34%,65.14%,64.37%,270,8.79%,113,3.68%,9.78%,62.40%,72.56%,52.81%,58.54%,81.89%,6.32,2.2
all,25,Francisco Cerundolo,54,32-22,59.26%,61.09%,61.46%,197,4.72%,149,3.57%,8.97%,60.15%,68.00%,50.66%,55.65%,75.40%,6.66,2.59
all,107,Francisco Comesana,34,11-23,32.35%,61.66%,61.17%,228,7.73%,121,4.10%,11.78%,65.19%,70.10%,45.86%,51.99%,75.27%,6.4,2.45
all,767,Francisco Rocha,6,1-5,16.67%,53.21%,53.95%,17,5.20%,19,5.81%,12.26%,52.60%,67.44%,37.42%,42.65%,57.45%,6.96,3.26
all,262,Franco Agamenone,44,23-21,52.27%,57.44%,58.68%,77,2.23%,127,3.67%,10.49%,64.99%,64.15%,45.00%,50.28%,68.26%,6.9,2.94
all,733,Franco Ribero,8,3-5,37.50%,59.97%,59.57%,34,5.51%,19,3.08%,8.76%,64.83%,65.25%,50.23%,55.05%,71.43%,6.3,2.52
all,225,Franco Roncadelli,48,26-22,54.17%,57.34%,57.82%,35,1.06%,53,1.61%,6.49%,75.23%,59.69%,50.18%,53.66%,65.56%,6.45,2.75
all,235,Frederico Ferreira Silva,63,33-30,52.38%,60.31%,60.85%,122,2.58%,121,2.56%,7.45%,65.60%,65.26%,50.86%,54.96%,73.26%,6.58,2.61
all,333,Gabi Adrian Boitan,10,5-5,50.00%,60.30%,63.14%,31,4.66%,48,7.22%,20.96%,65.56%,68.58%,44.54%,56.35%,75.00%,6.39,2.54
all,,Gabriel Debru,5,5-0,100.00%,64.72%,66.20%,27,6.57%,23,5.60%,16.43%,65.94%,72.32%,50.00%,59.83%,78.79%,6.23,2.2
all,87,Gabriel Diallo,40,16-24,40.00%,64.77%,63.13%,313,9.83%,100,3.14%,10.24%,69.32%,72.69%,46.88%,52.22%,80.97%,6.45,2.27
all,613,Gabriele Pennaforti,5,0-5,0.00%,56.92%,59.14%,20,6.15%,26,8.00%,25.49%,68.62%,64.13%,41.18%,55.26%,63.46%,6.25,2.69
all,404,Gabriele Piraino,23,10-13,43.48%,56.65%,58.03%,50,3.14%,74,4.64%,11.82%,60.73%,62.60%,47.44%,53.80%,65.45%,6.48,2.81
all,305,Gael Monfils,14,4-10,28.57%,60.31%,60.00%,116,9.61%,71,5.88%,13.50%,56.42%,73.13%,43.73%,50.55%,74.32%,6.6,2.62
all,381,Garrett Johns,33,11-22,33.33%,59.31%,58.87%,122,5.06%,67,2.78%,7.16%,61.18%,66.71%,47.65%,51.32%,71.59%,6.72,2.73
all,586,Gastao Elias,5,0-5,0.00%,56.11%,57.62%,13,3.61%,19,5.28%,10.92%,51.67%,66.13%,45.40%,50.97%,65.38%,6.92,3.04
all,167,Gauthier Onclin,39,21-18,53.85%,61.29%,63.19%,81,2.91%,131,4.70%,10.70%,56.05%,68.67%,51.88%,58.10%,75.88%,6.52,2.52
all,200,Genaro Alberto Olivieri,48,23-25,47.92%,56.78%,57.02%,48,1.34%,51,1.42%,6.03%,76.38%,59.21%,48.94%,52.08%,66.36%,6.7,2.89
all,414,Geoffrey Blancaneaux,31,10-21,32.26%,59.25%,59.90%,102,4.82%,91,4.30%,10.92%,60.67%,67.08%,47.18%,52.96%,70.99%,6.54,2.66
all,247,George Loffhagen,17,7-10,41.18%,63.46%,64.24%,104,8.92%,72,6.17%,14.72%,58.06%,73.12%,50.10%,58.75%,76.22%,6.3,2.3
all,388,Georgii Kravchenko,5,0-5,0.00%,55.10%,55.52%,12,3.82%,12,3.82%,8.70%,56.05%,64.20%,43.48%,47.62%,58.70%,6.83,3.07
all,585,Gerard Campana Lee,16,6-10,37.50%,56.44%,57.05%,30,2.59%,35,3.03%,7.37%,58.95%,62.32%,48.00%,51.82%,65.34%,6.57,2.86
all,196,Gianluca Cadenasso,34,19-15,55.88%,59.64%,60.55%,73,3.27%,81,3.63%,10.04%,63.81%,64.44%,51.18%,56.89%,69.21%,6.3,2.54
all,1156,Gijs Brouwer,10,5-5,50.00%,55.07%,59.11%,13,2.16%,50,8.32%,24.39%,65.89%,62.88%,40.00%,52.90%,62.11%,6.33,2.84
all,258,Giles Hussey,32,16-16,50.00%,58.44%,58.77%,87,3.98%,73,3.34%,9.00%,62.88%,63.17%,50.43%,55.42%,68.55%,6.48,2.69
all,227,Gilles Arnaud Bailly,35,15-20,42.86%,58.43%,59.70%,41,1.61%,82,3.22%,8.00%,59.80%,64.46%,49.46%,53.76%,68.57%,6.62,2.75
all,454,Giovanni Fonio,6,2-4,33.33%,62.07%,61.38%,31,6.29%,14,2.84%,7.41%,61.66%,70.39%,48.68%,52.57%,78.08%,6.75,2.56
all,91,Giovanni Mpetshi Perricard,40,16-24,40.00%,69.20%,65.55%,603,18.06%,131,3.92%,13.58%,71.09%,76.91%,50.26%,58.15%,87.36%,6.3,1.94
all,153,Giulio Zeppieri,16,8-8,50.00%,66.27%,63.40%,149,13.51%,36,3.26%,8.93%,63.46%,75.00%,51.12%,56.13%,82.29%,6.3,2.13
all,173,Gonzalo Bueno,69,39-30,56.52%,56.28%,58.14%,76,1.59%,208,4.34%,11.20%,61.23%,61.75%,47.66%,53.67%,66.01%,6.73,2.94
all,320,Gonzalo Villanueva,44,19-25,43.18%,56.44%,56.65%,108,3.48%,94,3.03%,8.12%,62.72%,62.42%,46.37%,50.47%,64.69%,6.57,2.86
all,138,Grigor Dimitrov,25,11-14,44.00%,66.05%,66.46%,188,9.70%,107,5.52%,13.99%,60.53%,76.56%,49.93%,58.05%,81.99%,6.02,2.04
all,223,Guido Ivan Justo,67,39-28,58.21%,59.26%,59.63%,95,2.11%,92,2.04%,5.82%,64.92%,63.74%,50.98%,54.13%,69.97%,6.48,2.64
all,568,Guillaume Dalmasso,7,2-5,28.57%,59.38%,63.32%,29,6.89%,43,10.21%,27.74%,63.18%,70.68%,40.00%,55.36%,67.69%,6.48,2.63
all,131,Gustavo Heide,48,33-15,68.75%,63.32%,65.95%,181,5.58%,223,6.87%,15.75%,56.35%,71.72%,52.47%,62.28%,78.70%,6.4,2.35
all,835,Guto Miguel,10,5-5,50.00%,58.56%,60.75%,24,3.84%,38,6.08%,13.92%,56.32%,68.75%,45.42%,52.77%,69.00%,6.25,2.59
all,222,Guy Den Ouden,39,22-17,56.41%,60.37%,61.59%,93,3.42%,112,4.12%,11.05%,62.72%,65.94%,50.99%,57.32%,72.46%,6.57,2.6
all,334,Hady Habib,15,6-9,40.00%,62.46%,61.82%,137,10.47%,71,5.43%,14.52%,62.61%,71.31%,47.65%,55.74%,78.84%,6.92,2.6
all,73,Hamad Medjedovic,32,16-16,50.00%,64.24%,63.37%,256,9.24%,110,3.97%,11.64%,65.90%,72.34%,48.57%,54.97%,81.37%,6.79,2.43
all,332,Hamish Stewart,26,14-12,53.85%,65.33%,64.87%,190,10.42%,90,4.94%,13.14%,62.42%,73.11%,52.41%,60.34%,81.66%,6.31,2.19
all,255,Harold Mayot,39,24-15,61.54%,61.68%,61.48%,161,5.93%,92,3.39%,8.81%,61.53%,69.10%,49.81%,54.62%,76.19%,6.46,2.48
all,201,Harry Wendelken,47,28-19,59.57%,60.13%,60.71%,157,4.54%,135,3.91%,8.43%,53.67%,68.68%,50.22%,54.84%,72.28%,6.47,2.58
all,309,Hayato Matsuoka,43,23-20,53.49%,62.77%,63.66%,159,5.30%,133,4.43%,13.16%,66.30%,68.88%,50.74%,58.43%,76.73%,6.29,2.34
all,211,Henri Squire,54,29-25,53.70%,62.35%,63.86%,280,7.19%,251,6.44%,20.99%,69.30%,69.04%,47.24%,59.79%,77.15%,6.45,2.43
all,125,Henrique Rocha,54,33-21,61.11%,62.06%,63.89%,137,3.55%,188,4.87%,12.72%,61.75%,69.15%,50.61%,57.98%,76.16%,6.4,2.43
all,430,Henry Bernet,19,6-13,31.58%,61.24%,61.60%,95,6.39%,68,4.58%,10.66%,57.07%,69.69%,50.00%,55.96%,75.86%,6.41,2.48
all,217,Henry Searle,19,12-7,63.16%,68.09%,67.60%,107,8.29%,42,3.25%,8.57%,62.04%,75.53%,55.92%,61.16%,88.04%,6.18,1.97
all,330,Hernan Casanova,31,17-14,54.84%,58.15%,58.53%,22,1.17%,28,1.49%,5.91%,74.76%,60.54%,51.05%,54.26%,68.67%,6.26,2.62
all,442,Hikaru Shiraishi,7,2-5,28.57%,58.82%,58.89%,19,3.02%,14,2.23%,6.36%,65.02%,66.26%,45.00%,48.06%,73.86%,7.15,2.94
all,507,Hiroki Moriya,18,7-11,38.89%,58.62%,59.97%,35,2.57%,54,3.96%,9.39%,57.81%,65.36%,49.39%,54.51%,70.94%,6.71,2.78
all,11,Holger Rune,15,9-6,60.00%,65.33%,64.72%,105,8.77%,46,3.84%,10.31%,62.74%,74.30%,50.22%,56.00%,83.60%,6.33,2.2
all,72,Hubert Hurkacz,38,21-17,55.26%,68.37%,64.27%,545,16.85%,97,3.00%,8.32%,63.95%,78.24%,50.86%,55.47%,87.40%,6.17,1.95
all,143,Hugo Dellien,49,31-18,63.27%,60.81%,60.38%,138,3.85%,65,1.81%,6.28%,71.13%,65.25%,49.86%,53.20%,75.05%,6.53,2.56
all,96,Hugo Gaston,54,34-20,62.96%,62.07%,62.04%,174,4.56%,105,2.75%,6.43%,57.16%,69.85%,51.68%,55.24%,75.17%,6.35,2.41
all,221,Hugo Grenier,33,18-15,54.55%,63.40%,61.88%,254,10.84%,99,4.22%,11.73%,63.99%,72.27%,47.63%,53.96%,77.41%,6.46,2.36
all,646,Hyeon Chung,18,6-12,33.33%,54.96%,58.67%,33,2.68%,101,8.21%,19.57%,58.05%,63.03%,43.80%,54.46%,60.66%,6.72,3.03
all,263,Hynek Barton,53,28-25,52.83%,63.45%,62.25%,332,8.16%,123,3.02%,7.29%,58.51%,72.48%,50.71%,54.70%,79.46%,6.43,2.35
all,36,Ignacio Buse,58,36-22,62.07%,62.31%,62.13%,206,4.58%,113,2.51%,6.51%,61.46%,68.85%,51.87%,55.49%,76.65%,6.45,2.43
all,693,Ignacio Monzon,8,2-6,25.00%,52.87%,54.58%,2,0.38%,18,3.45%,12.77%,72.99%,56.96%,41.84%,47.97%,56.00%,6.96,3.28
all,310,Igor Marcondes,27,13-14,48.15%,62.02%,61.74%,111,5.59%,60,3.02%,8.24%,63.32%,67.14%,53.16%,57.93%,77.30%,6.53,2.48
all,297,Ilia Simakin,51,30-21,58.82%,63.52%,62.73%,332,8.33%,147,3.69%,9.58%,61.49%,71.24%,51.21%,56.63%,79.90%,6.41,2.34
all,617,Iliyan Radulov,5,1-4,20.00%,55.97%,56.79%,13,3.69%,15,4.26%,11.19%,61.93%,63.76%,43.28%,48.74%,58.33%,7.33,3.23
all,402,Ilya Ivashka,25,15-10,60.00%,65.22%,65.86%,109,6.84%,72,4.52%,12.37%,63.47%,72.80%,52.06%,59.41%,81.82%,6.3,2.19
all,272,Inaki Montes-De La Torre,34,19-15,55.88%,58.64%,61.76%,77,3.16%,171,7.02%,16.98%,58.68%,66.22%,47.86%,57.66%,70.03%,6.64,2.75
all,351,Ioannis Xilas,21,8-13,38.10%,55.39%,57.55%,13,1.01%,58,4.50%,12.69%,64.55%,59.38%,48.14%,55.14%,60.10%,6.35,2.83
all,263,Ivan Gakhov,27,12-15,44.44%,58.49%,58.82%,126,6.06%,100,4.81%,12.20%,60.56%,67.28%,45.00%,51.25%,68.71%,6.71,2.78
all,563,Ivan Ivanov,15,3-12,20.00%,55.44%,55.50%,31,3.04%,26,2.55%,7.32%,65.23%,58.41%,49.86%,53.80%,62.50%,6.72,2.99
all,360,Ivan Marrero Curbelo,18,10-8,55.56%,60.45%,62.29%,12,1.08%,40,3.60%,10.58%,65.95%,63.25%,55.03%,61.54%,71.35%,6.24,2.47
all,585,Izan Almazan Valiente,6,2-4,33.33%,59.87%,59.85%,24,5.32%,16,3.55%,9.88%,64.08%,68.86%,43.83%,48.63%,72.73%,6.83,2.74
all,285,J.J. Wolf,15,9-6,60.00%,63.82%,62.93%,96,8.73%,41,3.73%,8.65%,56.91%,74.92%,49.16%,53.81%,81.82%,6.25,2.26
all,143,Jack Draper,16,9-7,56.25%,67.97%,67.51%,112,9.75%,46,4.00%,10.72%,62.66%,77.08%,52.68%,59.01%,83.85%,5.98,1.92
all,389,Jack Kennedy,16,10-6,62.50%,55.08%,56.05%,44,3.72%,55,4.65%,11.29%,58.80%,63.31%,43.33%,48.84%,61.24%,6.64,2.98
all,485,Jack Loge,6,3-3,50.00%,55.87%,57.87%,5,0.89%,23,4.09%,10.80%,62.10%,61.89%,46.01%,51.58%,63.10%,6.69,2.95
all,172,Jack Pinnington Jones,38,20-18,52.63%,62.10%,63.39%,177,6.70%,156,5.91%,16.12%,63.35%,71.31%,46.18%,55.05%,77.56%,6.59,2.5
all,110,Jacob Fearnley,48,25-23,52.08%,61.24%,63.81%,235,6.19%,286,7.53%,19.38%,61.14%,71.10%,45.73%,56.72%,74.19%,6.49,2.52
all,304,Jacopo Berrettini,13,3-10,23.08%,55.80%,57.18%,31,3.79%,43,5.25%,12.95%,59.46%,63.66%,44.28%,50.87%,61.42%,6.45,2.85
all,362,Jacopo Vasami,23,11-12,47.83%,61.21%,62.12%,100,6.11%,85,5.19%,13.20%,60.66%,69.39%,48.60%,55.99%,76.15%,6.85,2.66
all,79,Jaime Faria,59,33-26,55.93%,62.55%,63.53%,396,8.38%,300,6.35%,15.15%,58.09%,72.27%,49.09%,57.86%,77.40%,6.39,2.39
all,503,Jake Delaney,11,2-9,18.18%,63.08%,61.33%,89,11.53%,34,4.40%,12.36%,64.38%,70.62%,49.45%,56.43%,78.33%,6.43,2.38
all,16,Jakub Mensik,54,34-20,62.96%,65.94%,64.27%,603,13.15%,216,4.71%,12.36%,61.91%,77.46%,47.22%,53.89%,83.79%,6.3,2.15
all,519,Jakub Paul,5,1-4,20.00%,57.71%,57.25%,11,2.74%,5,1.24%,3.52%,64.68%,61.92%,50.00%,51.82%,64.41%,6.81,2.88
all,86,James Duckworth,58,34-24,58.62%,66.97%,66.12%,439,9.93%,168,3.80%,8.71%,56.38%,77.37%,53.53%,58.64%,86.46%,6.43,2.13
all,239,James McCabe,43,22-21,51.16%,63.85%,61.50%,358,11.46%,105,3.36%,8.74%,61.51%,74.02%,47.59%,52.14%,79.75%,6.45,2.33
all,442,James Trotter,22,7-15,31.82%,65.05%,62.89%,194,11.61%,57,3.41%,9.06%,62.36%,72.46%,52.78%,58.04%,81.30%,6.38,2.23
all,717,James Watt,6,2-4,33.33%,63.65%,58.73%,85,17.07%,18,3.61%,12.00%,69.88%,69.83%,49.33%,56.06%,78.38%,6.73,2.45
all,573,Jamie Mackenzie,10,5-5,50.00%,64.26%,63.79%,55,7.65%,26,3.62%,8.87%,59.25%,74.88%,48.81%,53.56%,77.19%,6.31,2.25
all,77,Jan Choinski,63,41-22,65.08%,64.50%,63.06%,369,7.73%,107,2.24%,6.17%,63.69%,71.16%,52.83%,56.30%,81.52%,6.35,2.25
all,336,Jan Kumstat,24,19-5,79.17%,67.74%,66.27%,194,12.03%,63,3.91%,8.75%,55.33%,77.47%,55.69%,61.04%,85.98%,6.11,1.97
all,43,Jan-Lennard Struff,50,25-25,50.00%,65.10%,63.34%,512,11.63%,174,3.95%,9.65%,59.06%,75.28%,50.42%,55.80%,81.36%,6.36,2.22
all,1,Jannik Sinner,72,67-5,93.06%,72.31%,70.27%,587,11.94%,106,2.16%,6.07%,64.50%,80.38%,57.65%,61.38%,92.71%,5.87,1.63
all,1107,Jason Jung,12,3-9,25.00%,57.06%,56.55%,46,5.60%,28,3.41%,9.24%,63.14%,62.04%,48.51%,53.45%,62.02%,6.37,2.74
all,179,Jason Kubler,10,5-5,50.00%,65.66%,63.75%,56,9.96%,15,2.67%,7.81%,65.84%,74.86%,47.92%,51.98%,78.72%,5.98,2.05
all,43,Jaume Munar,44,21-23,47.73%,64.24%,63.77%,218,6.73%,100,3.09%,8.56%,63.93%,72.42%,49.74%,54.40%,78.79%,6.3,2.25
all,457,Javier Barranco Cosano,14,5-9,35.71%,54.85%,56.86%,23,2.75%,47,5.63%,15.61%,63.95%,60.86%,44.19%,52.36%,59.84%,6.57,2.97
all,238,Jay Clarke,52,28-24,53.85%,61.31%,62.00%,178,4.60%,152,3.93%,9.28%,57.64%,70.39%,48.96%,53.97%,76.87%,6.58,2.54
all,314,Jay Friend,29,17-12,58.62%,63.72%,64.71%,143,6.41%,112,5.02%,13.35%,62.38%,70.24%,52.92%,61.07%,81.10%,6.48,2.35
all,501,Jelle Sels,20,7-13,35.00%,55.35%,55.13%,53,4.11%,38,2.95%,8.35%,64.73%,60.12%,46.59%,50.84%,62.69%,6.68,2.98
all,74,Jenson Brooksby,40,17-23,42.50%,61.88%,61.62%,122,4.26%,64,2.24%,6.65%,66.35%,67.72%,50.36%,53.95%,74.94%,6.35,2.42
all,205,Jerome Kym,31,17-14,54.84%,66.53%,65.10%,274,10.57%,90,3.47%,9.45%,63.29%,75.08%,51.79%,57.19%,84.26%,6,2.01
all,105,Jesper de Jong,43,23-20,53.49%,62.12%,61.86%,345,9.52%,197,5.43%,13.61%,60.08%,72.50%,46.51%,53.84%,76.47%,6.46,2.45
all,450,Jie Cui,23,10-13,43.48%,61.84%,62.00%,95,5.32%,63,3.53%,9.20%,61.67%,70.05%,48.61%,53.54%,76.10%,6.57,2.51
all,14,Jiri Lehecka,58,37-21,63.79%,67.88%,65.55%,493,11.14%,102,2.30%,6.65%,65.35%,75.91%,52.74%,56.49%,87.76%,6.23,2
all,443,Joao Eduardo Schiessl,20,6-14,30.00%,56.90%,57.33%,42,3.26%,41,3.18%,9.30%,65.81%,62.31%,46.49%,51.25%,65.67%,6.42,2.77
all,26,Joao Fonseca,43,28-15,65.12%,66.10%,65.11%,233,6.44%,70,1.93%,6.06%,68.09%,70.94%,55.76%,59.35%,84.45%,6.39,2.17
all,259,Joao Lucas Reis Da Silva,49,22-27,44.90%,61.09%,61.21%,110,3.13%,77,2.19%,6.43%,65.95%,66.98%,49.67%,53.08%,72.79%,6.47,2.52
all,582,Joaquin Aguilar Cardozo,15,5-10,33.33%,55.55%,56.61%,15,1.37%,32,2.93%,8.29%,64.62%,60.00%,47.41%,51.69%,62.18%,6.99,3.11
all,182,Joel Schwaerzler,53,30-23,56.60%,63.86%,63.47%,308,7.30%,151,3.58%,9.14%,60.85%,71.77%,51.57%,56.76%,80.03%,6.64,2.4
all,560,Johan Alexander Rodriguez,8,4-4,50.00%,58.93%,58.70%,16,2.77%,9,1.56%,3.96%,60.66%,60.00%,57.27%,59.63%,72.41%,6.63,2.72
all,412,Johan Nikles,13,6-7,46.15%,54.44%,56.05%,12,1.30%,36,3.90%,9.35%,58.33%,59.93%,46.75%,51.58%,60.58%,6.74,3.07
all,315,Johannus Monday,37,21-16,56.76%,67.69%,67.77%,199,7.43%,98,3.66%,11.14%,67.13%,74.23%,54.32%,61.13%,87.56%,6.28,2.03
all,314,Jonas Forejtek,28,11-17,39.29%,61.62%,61.04%,114,5.25%,52,2.39%,7.02%,65.90%,68.99%,47.37%,50.94%,76.99%,6.67,2.56
all,113,Jordan Thompson,15,7-8,46.67%,64.98%,61.90%,112,10.32%,15,1.38%,3.84%,63.96%,73.05%,50.64%,52.66%,83.13%,6.54,2.29
all,758,Josip Simundza,5,1-4,20.00%,53.31%,52.65%,18,5.42%,12,3.61%,9.23%,60.84%,61.88%,40.00%,44.07%,57.14%,6.78,3.16
all,801,Jozef Kovalik,5,1-4,20.00%,56.38%,58.47%,7,2.08%,17,5.04%,10.30%,51.04%,63.37%,49.09%,54.73%,62.50%,6.02,2.62
all,266,Juan Bautista Torres,58,30-28,51.72%,55.93%,56.59%,61,1.41%,97,2.25%,7.26%,69.02%,60.46%,45.85%,49.44%,63.87%,6.84,3.01
all,151,Juan Carlos Prado Angelo,60,35-25,58.33%,58.92%,59.74%,142,3.04%,160,3.43%,8.85%,61.30%,64.78%,49.64%,54.46%,71.93%,6.83,2.8
all,405,Juan Cruz Martin Manzano,12,5-7,41.67%,55.34%,56.91%,38,4.51%,52,6.18%,16.25%,62.00%,61.49%,45.31%,54.10%,62.88%,6.38,2.85
all,329,Juan Estevez,20,8-12,40.00%,58.23%,59.45%,23,1.62%,45,3.16%,10.27%,69.20%,63.41%,46.58%,51.91%,68.58%,6.29,2.63
all,51,Juan Manuel Cerundolo,56,34-22,60.71%,63.16%,63.04%,280,6.54%,156,3.64%,9.07%,59.82%,70.68%,51.98%,57.16%,79.85%,6.49,2.39
all,286,Juan Manuel La Serna,46,29-17,63.04%,58.58%,59.73%,87,2.60%,123,3.68%,10.94%,66.39%,63.29%,49.29%,55.34%,69.28%,6.54,2.71
all,341,Juan Pablo Ficovich,35,13-22,37.14%,62.02%,61.43%,175,6.76%,85,3.28%,8.42%,61.01%,68.59%,51.73%,56.49%,77.34%,6.37,2.42
all,274,Juan Pablo Varillas,56,31-25,55.36%,61.06%,60.38%,227,5.63%,104,2.58%,6.12%,57.91%,69.22%,49.82%,53.07%,75.17%,6.72,2.62
all,562,Juan Sebastian Gomez,12,5-7,41.67%,54.34%,57.42%,18,2.11%,59,6.92%,21.38%,67.61%,59.90%,42.75%,54.38%,61.65%,6.41,2.92
all,840,Juan Sebastian Osorio,5,2-3,40.00%,62.11%,61.92%,23,6.05%,13,3.42%,10.66%,67.89%,69.38%,46.72%,52.29%,73.33%,6.33,2.4
all,228,Juncheng Shang,17,7-10,41.18%,63.86%,63.63%,73,5.54%,37,2.81%,7.76%,63.78%,68.45%,55.77%,60.45%,80.49%,6.42,2.32
all,132,Jurij Rodionov,64,39-25,60.94%,63.75%,63.46%,353,7.53%,182,3.88%,9.44%,58.89%,71.99%,51.95%,57.36%,79.37%,6.45,2.34
all,391,Justin Boulais,25,10-15,40.00%,59.04%,60.17%,90,5.23%,92,5.35%,13.22%,59.56%,67.02%,47.27%,54.47%,69.20%,6.54,2.68
all,190,Justin Engel,44,20-24,45.45%,63.22%,62.70%,276,8.10%,136,3.99%,10.49%,61.95%,71.78%,49.27%,55.04%,77.95%,6.48,2.38
all,619,Kai Wehnelt,5,1-4,20.00%,58.65%,59.16%,20,5.41%,17,4.59%,11.41%,59.73%,67.87%,44.97%,50.76%,65.00%,6.17,2.55
all,259,Kaichi Uchida,39,18-21,46.15%,63.99%,63.00%,257,9.61%,109,4.08%,9.38%,56.54%,75.26%,49.31%,54.42%,79.01%,6.31,2.27
all,68,Kamil Majchrzak,41,21-20,51.22%,64.49%,62.56%,293,8.32%,67,1.90%,5.33%,64.32%,72.26%,50.48%,53.32%,82.32%,6.69,2.38
all,554,Karan Singh,20,4-16,20.00%,60.03%,60.10%,94,6.64%,64,4.52%,10.44%,56.71%,66.75%,51.22%,57.19%,75.12%,6.78,2.71
all,39,Karen Khachanov,40,17-23,42.50%,66.83%,65.22%,321,9.19%,85,2.43%,7.23%,66.34%,74.12%,52.47%,56.55%,84.49%,6.23,2.07
all,518,Karim Bennani,9,4-5,44.44%,63.26%,64.74%,24,3.66%,28,4.27%,10.29%,58.54%,70.83%,52.57%,58.61%,78.30%,6.19,2.27
all,611,Karl Poling,12,5-7,41.67%,60.02%,61.98%,15,1.59%,39,4.14%,11.93%,65.32%,64.29%,51.99%,59.03%,75.00%,6.74,2.69
all,406,Kasidit Samrej,17,5-12,29.41%,60.84%,61.67%,109,8.50%,85,6.63%,17.31%,61.70%,70.29%,45.62%,55.17%,75.66%,6.78,2.66
all,664,Kaylan Bigun,7,1-6,14.29%,56.74%,57.22%,30,7.09%,26,6.15%,15.57%,60.52%,67.97%,39.52%,46.81%,64.62%,6.51,2.82
all,831,Keegan Rice,10,6-4,60.00%,57.38%,59.12%,29,3.42%,45,5.31%,13.89%,61.75%,62.33%,49.38%,57.35%,64.57%,6.67,2.84
all,209,Keegan Smith,44,23-21,52.27%,66.71%,65.39%,284,8.46%,83,2.47%,9.70%,74.49%,70.67%,55.14%,61.06%,84.44%,6.37,2.12
all,721,Kei Nishikori,13,6-7,46.15%,61.83%,62.61%,32,3.62%,30,3.40%,9.12%,62.74%,67.69%,51.98%,57.19%,75.54%,6.35,2.42
all,525,Kenta Miyoshi,17,11-6,64.71%,62.95%,61.43%,93,8.42%,31,2.81%,6.39%,56.07%,71.57%,51.96%,55.51%,74.60%,5.84,2.16
all,1340,Khololwam Montsi,5,3-2,60.00%,58.89%,60.00%,8,2.22%,12,3.33%,9.76%,65.83%,62.87%,51.22%,56.76%,71.93%,6.32,2.6
all,508,Khumoyun Sultanov,9,4-5,44.44%,61.97%,61.19%,43,7.57%,20,3.52%,8.97%,60.74%,70.72%,48.43%,53.20%,75.56%,6.31,2.4
all,242,Kilian Feldbausch,38,26-12,68.42%,59.44%,61.54%,34,1.35%,107,4.25%,14.60%,70.85%,63.75%,48.98%,57.35%,72.05%,6.45,2.62
all,215,Kimmer Coppejans,54,32-22,59.26%,58.40%,59.65%,151,3.86%,184,4.70%,12.68%,62.95%,65.52%,46.31%,53.04%,69.05%,6.52,2.71
all,478,Koki Matsuda,11,5-6,45.45%,60.62%,59.17%,61,6.75%,20,2.21%,5.97%,62.94%,66.61%,50.45%,53.65%,78.20%,6.8,2.68
all,566,Kokoro Isomura,17,5-12,29.41%,58.43%,61.15%,49,3.97%,86,6.97%,17.59%,60.37%,67.38%,44.79%,54.34%,68.85%,6.74,2.8
all,956,Kriish Tyagi,6,4-2,66.67%,62.94%,62.09%,25,5.48%,9,1.97%,5.17%,61.84%,68.44%,54.02%,56.97%,74.29%,6.51,2.41
all,121,Kyrian Jacquet,42,26-16,61.90%,63.34%,62.67%,239,7.47%,108,3.38%,7.92%,57.41%,71.09%,52.90%,57.45%,78.43%,6.45,2.36
all,221,Laslo Djere,33,16-17,48.48%,62.41%,62.70%,111,4.71%,77,3.27%,8.47%,61.43%,68.65%,52.48%,57.33%,77.17%,6.4,2.41
all,473,Laurent Lokoli,13,5-8,38.46%,58.90%,60.00%,45,4.85%,47,5.07%,13.70%,63.00%,67.81%,43.73%,50.68%,71.13%,6.53,2.68
all,191,Lautaro Midon,57,33-24,57.89%,58.03%,58.00%,180,4.10%,128,2.92%,6.96%,58.08%,64.77%,48.70%,52.34%,67.92%,6.58,2.76
all,117,Leandro Riedi,25,17-8,68.00%,63.57%,62.99%,134,7.87%,63,3.70%,8.85%,58.17%,70.10%,54.49%,59.78%,80.44%,6.28,2.29
all,12,Learner Tien,61,41-20,67.21%,62.76%,63.30%,321,6.58%,228,4.68%,12.76%,63.35%,69.57%,50.98%,58.43%,77.42%,6.37,2.37
all,549,Leo Borg,8,3-5,37.50%,54.48%,55.85%,15,2.80%,25,4.66%,12.25%,61.94%,61.45%,43.14%,49.16%,63.41%,6.54,2.98
all,646,Leo Raquillet,7,2-5,28.57%,55.68%,57.29%,14,2.70%,25,4.82%,13.59%,64.55%,62.69%,42.93%,49.69%,62.50%,6.49,2.88
all,642,Leo Vithoontien,7,3-4,42.86%,62.79%,63.06%,32,6.11%,21,4.01%,13.12%,69.47%,65.93%,55.62%,64.03%,80.77%,6.72,2.5
all,350,Li Tu,21,11-10,52.38%,64.92%,63.78%,183,11.69%,76,4.86%,12.04%,59.68%,74.30%,51.03%,58.02%,81.63%,6.39,2.24
all,199,Liam Broady,43,26-17,60.47%,62.88%,63.03%,135,4.61%,86,2.94%,7.92%,62.88%,69.51%,51.66%,56.10%,77.06%,6.33,2.35
all,209,Liam Draxl,40,22-18,55.00%,61.87%,62.65%,145,5.35%,120,4.42%,12.70%,65.15%,69.04%,48.47%,55.52%,74.64%,6.49,2.47
all,298,Lilian Marmousez,13,7-6,53.85%,60.29%,61.04%,41,4.64%,37,4.19%,9.51%,56.00%,68.08%,50.39%,55.68%,72.73%,6.18,2.45
all,179,Lloyd Harris,32,23-9,71.88%,65.44%,62.51%,287,11.99%,60,2.51%,7.23%,65.32%,74.79%,47.83%,51.56%,84.53%,6.38,2.21
all,564,Lorenzo Angelini,7,2-5,28.57%,50.00%,52.12%,3,0.63%,22,4.64%,14.57%,68.14%,55.42%,38.41%,44.96%,49.28%,6.87,3.43
all,481,Lorenzo Carboni,18,3-15,16.67%,55.17%,55.97%,28,2.50%,38,3.39%,8.86%,61.76%,60.17%,47.09%,51.66%,60.45%,6.34,2.84
all,198,Lorenzo Giustino,59,35-24,59.32%,60.96%,61.68%,226,5.12%,192,4.35%,10.65%,59.15%,70.03%,47.84%,53.54%,75.79%,6.63,2.59
all,454,Lorenzo Joaquin Rodriguez,21,7-14,33.33%,60.04%,61.04%,42,2.97%,50,3.54%,10.71%,66.97%,64.73%,50.54%,56.59%,73.81%,6.73,2.69
all,15,Lorenzo Musetti,54,34-20,62.96%,65.95%,65.59%,251,6.63%,111,2.93%,8.30%,64.66%,71.75%,55.35%,60.36%,83.77%,6.26,2.13
all,88,Lorenzo Sonego,37,16-21,43.24%,66.09%,64.69%,251,8.28%,71,2.34%,7.01%,66.59%,72.86%,52.62%,56.58%,82.30%,6.24,2.12
all,539,Louis Wessels,7,3-4,42.86%,59.02%,59.28%,32,6.79%,24,5.10%,14.63%,65.18%,65.80%,46.34%,54.29%,72.46%,6.83,2.8
all,435,Luca Castelnuovo,15,4-11,26.67%,61.92%,60.48%,114,9.50%,46,3.83%,9.66%,60.33%,69.75%,50.00%,55.35%,77.40%,6.78,2.58
all,173,Luca Nardi,29,13-16,44.83%,61.38%,62.14%,96,4.41%,85,3.91%,10.93%,64.23%,67.72%,50.00%,56.13%,75.90%,6.55,2.53
all,425,Luca Potenza,11,5-6,45.45%,59.11%,60.24%,22,3.06%,28,3.89%,9.72%,59.94%,64.50%,51.04%,56.54%,69.03%,6.36,2.6
all,521,Luca Staeheli,7,3-4,42.86%,55.21%,55.94%,27,5.21%,28,5.41%,12.90%,58.11%,65.78%,40.55%,46.56%,69.57%,7.51,3.36
all,49,Luca Van Assche,55,39-16,70.91%,61.39%,62.55%,194,4.59%,194,4.59%,12.33%,62.72%,67.07%,51.84%,59.13%,75.97%,6.55,2.53
all,810,Lucas Andrade Da Silva,7,3-4,42.86%,65.03%,65.86%,58,10.56%,37,6.74%,17.87%,62.30%,76.32%,46.38%,56.47%,81.40%,6.38,2.23
all,500,Lucas Poullain,21,11-10,52.38%,60.33%,60.01%,46,3.19%,23,1.60%,4.89%,67.41%,65.02%,50.64%,53.24%,72.77%,6.44,2.55
all,20,Luciano Darderi,63,36-27,57.14%,62.87%,62.32%,339,7.13%,163,3.43%,8.40%,59.19%,71.30%,50.64%,55.29%,78.37%,6.55,2.43
all,313,Luciano Emanuel Ambrogi,38,17-21,44.74%,59.19%,59.17%,96,3.52%,65,2.39%,6.21%,61.58%,64.78%,50.24%,53.56%,70.98%,6.53,2.67
all,380,Lucio Ratti,18,8-10,44.44%,59.91%,61.28%,46,3.57%,58,4.51%,13.33%,66.20%,65.73%,48.51%,55.97%,72.02%,6.67,2.67
all,396,Lui Maxted,10,4-6,40.00%,62.23%,61.44%,53,7.28%,24,3.30%,10.86%,69.64%,70.61%,42.99%,48.22%,77.19%,6.39,2.41
all,195,Luka Mikrut,37,28-9,75.68%,64.36%,63.21%,206,7.51%,70,2.55%,6.03%,57.73%,73.11%,52.41%,55.78%,80.41%,6.32,2.25
all,208,Luka Pavlovic,42,19-23,45.24%,62.21%,61.31%,357,11.66%,180,5.88%,12.72%,53.79%,74.92%,47.42%,54.33%,77.14%,6.54,2.47
all,150,Lukas Klein,11,4-7,36.36%,65.21%,65.10%,68,7.81%,35,4.02%,12.28%,67.28%,70.65%,54.04%,61.60%,83.82%,6.4,2.23
all,169,Lukas Neumayer,50,30-20,60.00%,61.41%,62.15%,106,2.97%,107,3.00%,8.40%,64.29%,66.04%,53.06%,57.93%,76.35%,6.64,2.56
all,597,Lukas Pokorny,6,3-3,50.00%,59.36%,56.62%,48,10.21%,14,2.98%,8.14%,63.40%,67.11%,45.93%,50.00%,72.46%,6.81,2.77
all,144,Mackenzie McDonald,33,13-20,39.39%,61.53%,61.34%,134,5.64%,77,3.24%,9.11%,64.44%,66.95%,51.72%,56.90%,77.56%,6.58,2.53
all,518,Mae Malige,13,5-8,38.46%,57.82%,58.62%,27,3.06%,31,3.51%,8.76%,59.86%,62.50%,50.85%,55.73%,70.00%,6.78,2.86
all,231,Maks Kasnikowski,43,21-22,48.84%,62.94%,62.04%,161,5.38%,55,1.84%,4.73%,61.10%,70.55%,50.99%,53.52%,77.78%,6.27,2.32
all,362,Manas Dhamne,32,15-17,46.88%,59.86%,61.27%,64,2.65%,96,3.97%,10.25%,61.26%,64.78%,52.08%,58.03%,71.73%,6.45,2.59
all,740,Manish Sureshkumar,7,3-4,42.86%,59.52%,58.18%,30,7.23%,12,2.89%,7.02%,58.80%,69.67%,45.03%,48.43%,67.69%,6.38,2.58
all,381,Marat Sharipov,24,13-11,54.17%,65.12%,62.63%,240,13.77%,74,4.25%,10.14%,58.12%,76.11%,49.86%,55.49%,80.59%,6.38,2.23
all,366,Marc Polmans,14,5-9,35.71%,60.24%,60.95%,71,6.61%,58,5.40%,14.57%,62.94%,68.64%,45.98%,53.82%,75.46%,6.59,2.62
all,297,Marc-Andrea Huesler,32,15-17,46.88%,66.31%,64.49%,269,11.49%,82,3.50%,8.86%,60.50%,75.09%,52.86%,58.01%,84.14%,6.3,2.12
all,170,Marco Cecchinato,64,38-26,59.38%,63.29%,64.01%,170,3.63%,148,3.16%,8.93%,64.57%,67.98%,54.74%,60.11%,78.72%,6.38,2.34
all,91,Marco Trungelliti,58,37-21,63.79%,62.82%,63.75%,230,5.07%,197,4.34%,11.41%,61.94%,69.93%,51.24%,57.84%,78.89%,6.65,2.47
all,45,Marcos Giron,49,23-26,46.94%,65.24%,64.53%,244,5.97%,89,2.18%,6.18%,64.77%,71.53%,53.68%,57.22%,82.97%,6.39,2.22
all,376,Marek Gengel,29,13-16,44.83%,60.68%,59.96%,168,7.99%,87,4.14%,10.73%,61.44%,71.13%,44.02%,49.31%,73.54%,6.47,2.54
all,624,Mariano Kestelboim,9,2-7,22.22%,51.77%,52.71%,10,1.77%,19,3.37%,9.90%,65.96%,56.72%,42.19%,46.82%,55.42%,6.8,3.28
all,44,Mariano Navone,60,35-25,58.33%,60.54%,61.55%,93,2.03%,133,2.91%,10.35%,71.91%,64.91%,49.34%,55.03%,73.73%,6.46,2.55
all,80,Marin Cilic,40,17-23,42.50%,64.34%,62.59%,341,11.46%,121,4.07%,9.60%,57.65%,75.80%,48.73%,53.91%,81.29%,6.4,2.28
all,159,Mark Lajal,58,35-23,60.34%,64.01%,63.88%,415,9.05%,225,4.90%,12.27%,60.03%,74.44%,48.36%,55.13%,81.05%,6.54,2.35
all,346,Marko Topo,30,12-18,40.00%,61.79%,61.50%,151,6.74%,84,3.75%,9.51%,60.58%,67.80%,52.55%,58.07%,73.93%,6.42,2.45
all,326,Martin Damm,48,26-22,54.17%,68.88%,66.83%,614,16.84%,193,5.29%,14.09%,62.43%,78.17%,53.43%,62.19%,88.34%,6.16,1.92
all,261,Martin Krumich,38,19-19,50.00%,59.89%,59.92%,164,5.78%,111,3.92%,9.38%,58.27%,69.25%,46.83%,51.68%,71.56%,6.4,2.57
all,67,Martin Landaluce,58,31-27,53.45%,63.17%,64.05%,264,5.81%,211,4.65%,12.66%,63.30%,70.71%,50.15%,57.42%,79.97%,6.59,2.43
all,82,Marton Fucsovics,36,15-21,41.67%,62.22%,62.97%,140,5.48%,113,4.42%,11.46%,61.39%,69.77%,50.20%,56.70%,78.17%,6.48,2.45
all,319,Marvin Moeller,22,14-8,63.64%,61.46%,61.33%,69,4.15%,40,2.41%,6.14%,60.85%,69.17%,49.46%,52.70%,75.98%,6.55,2.52
all,415,Masamichi Imamura,22,9-13,40.91%,58.55%,59.05%,34,2.51%,35,2.58%,6.85%,62.32%,63.43%,50.49%,54.20%,66.82%,6.25,2.59
all,422,Massimo Giunta,8,2-6,25.00%,64.18%,62.63%,67,9.80%,23,3.36%,8.58%,60.82%,73.08%,50.37%,55.10%,81.63%,6.98,2.5
all,257,Matej Dodig,50,26-24,52.00%,63.33%,61.80%,317,8.83%,107,2.98%,8.14%,63.36%,71.55%,49.13%,53.48%,79.22%,6.37,2.34
all,545,Mateus Alves,13,3-10,23.08%,57.80%,56.82%,65,7.30%,34,3.82%,9.86%,61.28%,68.13%,41.45%,45.98%,67.91%,6.65,2.81
all,277,Matheus Pucinelli De Almeida,43,25-18,58.14%,59.90%,61.44%,84,2.66%,132,4.19%,11.18%,62.53%,64.94%,51.48%,57.96%,70.93%,6.41,2.57
all,359,Mathys Erhard,43,21-22,48.84%,62.72%,62.98%,147,4.93%,99,3.32%,9.35%,64.46%,71.11%,47.50%,52.40%,78.12%,6.52,2.43
all,256,Matias Soto,45,25-20,55.56%,59.78%,60.97%,184,5.77%,180,5.64%,12.54%,55.02%,68.95%,48.57%,55.54%,72.15%,6.73,2.71
all,298,Mats Rosenkranz,28,15-13,53.57%,64.27%,62.99%,180,10.21%,70,3.97%,10.29%,61.43%,73.50%,49.56%,55.25%,82.29%,6.51,2.32
all,747,Matt Kuhar,5,2-3,40.00%,55.24%,56.64%,12,3.81%,17,5.40%,15.18%,64.44%,64.04%,39.29%,46.32%,58.33%,6.56,2.94
all,34,Matteo Arnaldi,32,16-16,50.00%,62.02%,61.90%,199,6.78%,117,3.99%,9.76%,59.12%,71.22%,48.71%,53.97%,76.54%,6.43,2.44
all,42,Matteo Berrettini,48,27-21,56.25%,68.35%,66.19%,406,10.88%,86,2.31%,6.64%,65.29%,76.31%,53.36%,57.15%,86.62%,6.24,1.97
all,283,Matteo Martineau,41,19-22,46.34%,63.09%,63.16%,241,7.79%,144,4.65%,15.05%,69.07%,71.13%,45.14%,53.14%,78.94%,6.58,2.43
all,447,Matthew Dellavedova,8,1-7,12.50%,54.90%,54.58%,13,2.65%,8,1.63%,5.84%,72.04%,58.07%,46.72%,49.61%,57.50%,6.12,2.76
all,499,Matthew William Donald,5,2-3,40.00%,55.21%,59.66%,4,1.23%,27,8.28%,21.95%,62.27%,62.56%,43.09%,55.21%,62.00%,6.52,2.92
all,81,Mattia Bellucci,45,22-23,48.89%,63.64%,63.38%,255,7.87%,134,4.14%,10.55%,60.80%,71.17%,51.97%,58.10%,80.16%,6.43,2.34
all,704,Matyas Fuele,5,3-2,60.00%,57.80%,60.05%,10,2.44%,22,5.37%,13.66%,60.73%,64.66%,47.20%,54.68%,67.24%,7.07,2.98
all,171,Max Alcala Gurri,33,21-12,63.64%,60.37%,62.47%,28,1.33%,88,4.17%,14.74%,71.73%,63.83%,51.59%,60.51%,71.22%,6.27,2.48
all,250,Max Basing,20,9-11,45.00%,58.70%,60.96%,22,1.46%,70,4.65%,14.17%,67.20%,65.61%,44.53%,51.89%,69.55%,6.85,2.83
all,866,Max Dahlin,6,3-3,50.00%,65.31%,64.68%,44,8.53%,19,3.68%,8.80%,58.14%,74.00%,53.24%,58.38%,84.15%,6.29,2.18
all,332,Max Hans Rehberg,28,15-13,53.57%,65.20%,65.47%,72,3.78%,46,2.41%,7.29%,66.88%,68.84%,57.84%,62.39%,83.01%,6.23,2.17
all,242,Max Houkes,28,13-15,46.43%,61.01%,60.77%,114,5.81%,66,3.36%,8.59%,60.86%,67.25%,51.30%,56.13%,73.74%,6.61,2.58
all,312,Max Schoenhaus,20,9-11,45.00%,62.13%,61.14%,133,9.58%,62,4.46%,10.80%,58.68%,69.33%,51.92%,58.20%,75.11%,6.07,2.3
all,554,Max Wiskandt,17,5-12,29.41%,60.29%,60.72%,63,5.43%,49,4.22%,12.73%,66.84%,64.82%,51.17%,58.63%,68.25%,6.14,2.44
all,317,Maxim Mrva,60,32-28,53.33%,56.14%,57.51%,180,4.00%,240,5.33%,12.07%,55.83%,63.60%,46.71%,53.12%,64.44%,6.67,2.93
all,531,Maxim Zhukov,6,1-5,16.67%,55.14%,55.64%,31,6.50%,29,6.08%,13.55%,55.14%,60.84%,48.13%,55.68%,63.08%,7.34,3.29
all,488,Maxime Chazal,11,4-7,36.36%,61.10%,62.36%,33,4.14%,36,4.52%,12.77%,64.62%,69.32%,46.10%,52.85%,74.36%,6.81,2.65
all,572,Maxime Janvier,13,4-9,30.77%,59.49%,60.88%,65,6.42%,65,6.42%,16.01%,59.88%,69.80%,44.09%,52.49%,72.11%,6.88,2.79
all,832,Maximilian Neuchrist,7,2-5,28.57%,65.80%,64.14%,50,10.00%,15,3.00%,8.38%,64.20%,72.90%,53.07%,57.93%,79.01%,6.17,2.11
all,625,Maximo Zeitune,11,2-9,18.18%,57.98%,57.90%,29,3.80%,20,2.62%,8.58%,69.50%,63.28%,45.92%,50.23%,65.55%,6.42,2.7
all,419,Maximus Jones,30,12-18,40.00%,61.01%,60.83%,171,7.15%,103,4.30%,10.51%,59.05%,70.91%,46.73%,52.22%,74.02%,6.68,2.61
all,534,Maxwell Mckennon,6,1-5,16.67%,54.75%,57.62%,22,6.15%,34,9.50%,24.64%,61.45%,62.27%,42.75%,56.73%,66.67%,7.02,3.18
all,416,Mees Rottgering,13,5-8,38.46%,58.89%,58.92%,48,5.23%,34,3.71%,8.67%,57.25%,67.62%,47.19%,51.68%,72.93%,6.89,2.83
all,299,Mert Alkaya,30,17-13,56.67%,62.78%,61.55%,181,8.55%,71,3.35%,7.33%,54.27%,72.24%,51.55%,55.63%,78.42%,6.43,2.4
all,767,Mert Naci Turker,5,1-4,20.00%,57.18%,56.85%,23,5.32%,15,3.47%,9.38%,62.96%,65.07%,43.75%,48.28%,69.64%,7.71,3.3
all,794,Micah Braswell,7,3-4,42.86%,57.56%,53.52%,54,12.00%,13,2.89%,7.51%,61.56%,62.82%,49.13%,53.12%,67.12%,6.16,2.62
all,690,Michael Bassem Sobhy,5,2-3,40.00%,60.15%,60.00%,18,4.51%,11,2.76%,7.01%,60.65%,67.77%,48.41%,52.05%,74.14%,6.88,2.74
all,339,Michael Geerts,42,20-22,47.62%,63.16%,63.15%,177,5.84%,103,3.40%,7.99%,57.44%,70.23%,53.61%,58.26%,78.42%,6.47,2.38
all,181,Michael Mmoh,47,29-18,61.70%,62.63%,64.38%,283,8.64%,246,7.51%,19.19%,60.85%,73.66%,45.48%,56.27%,77.43%,6.49,2.42
all,744,Michael Vrbensky,6,2-4,33.33%,58.90%,58.67%,32,8.02%,21,5.26%,12.14%,56.64%,71.24%,42.77%,48.68%,67.74%,6.44,2.65
all,110,Michael Zheng,34,21-13,61.76%,63.00%,62.62%,190,7.17%,97,3.66%,9.07%,59.65%,72.85%,48.46%,53.29%,79.46%,6.48,2.4
all,265,Michele Ribecai,33,15-18,45.45%,58.68%,59.97%,41,1.64%,81,3.23%,8.09%,60.04%,62.97%,52.25%,56.85%,71.74%,6.81,2.81
all,300,Miguel Damas,45,19-26,42.22%,56.18%,57.75%,55,1.71%,128,3.97%,10.42%,61.89%,60.13%,49.76%,55.55%,62.86%,6.68,2.93
all,473,Miguel Tobon,28,8-20,28.57%,58.86%,59.28%,122,5.68%,99,4.61%,11.28%,59.14%,66.25%,48.18%,54.30%,69.47%,6.69,2.75
all,417,Mika Brunold,26,14-12,53.85%,61.78%,62.19%,78,4.02%,60,3.09%,8.57%,63.90%,66.18%,54.00%,59.06%,76.04%,6.73,2.57
all,429,Mika Petkovic,8,1-7,12.50%,57.26%,57.88%,20,3.30%,21,3.47%,9.01%,61.55%,60.86%,51.50%,56.60%,66.67%,6.31,2.7
all,281,Mikhail Kukushkin,40,21-19,52.50%,63.78%,62.95%,120,4.35%,34,1.23%,3.39%,63.64%,69.66%,53.49%,55.36%,79.26%,6.36,2.3
all,352,Mili Poljicak,30,19-11,63.33%,62.04%,61.03%,146,7.06%,59,2.85%,6.86%,58.41%,71.03%,49.42%,53.06%,76.52%,6.3,2.39
all,670,Millen Hurrion,7,1-6,14.29%,57.49%,58.14%,30,6.16%,27,5.54%,13.37%,58.52%,64.91%,47.03%,54.29%,66.67%,6.24,2.65
all,461,Milos Karol,14,6-8,42.86%,66.58%,64.56%,185,15.42%,64,5.33%,12.88%,58.58%,78.24%,50.10%,57.51%,86.34%,6.56,2.19
all,66,Miomir Kecmanovic,53,25-28,47.17%,64.16%,63.87%,260,6.08%,128,2.99%,7.90%,62.10%,72.06%,51.20%,55.59%,78.93%,6.35,2.27
all,712,Mirza Basic,6,2-4,33.33%,59.62%,58.23%,29,7.86%,12,3.25%,9.68%,66.40%,68.57%,41.94%,46.43%,68.97%,6.36,2.57
all,364,Mitchell Krueger,31,16-15,51.61%,62.03%,61.93%,123,5.42%,72,3.17%,9.28%,65.81%,69.81%,47.04%,51.85%,78.10%,6.54,2.48
all,545,Mitsuki Wei Kang Leong,12,3-9,25.00%,59.77%,59.23%,64,7.31%,36,4.11%,12.77%,67.77%,67.12%,44.33%,50.81%,72.18%,6.58,2.65
all,425,Moerani Bouzige,18,4-14,22.22%,60.00%,60.10%,98,8.31%,67,5.68%,13.01%,56.36%,70.83%,46.02%,52.90%,71.98%,6.48,2.59
all,194,Moez Echargui,35,14-21,40.00%,62.58%,61.79%,163,6.73%,70,2.89%,6.80%,57.50%,69.97%,52.58%,56.41%,78.01%,6.34,2.37
all,212,Moise Kouame,24,10-14,41.67%,60.91%,62.20%,113,6.08%,107,5.75%,14.29%,59.73%,69.13%,48.73%,56.85%,76.75%,6.86,2.68
all,517,Mukund Sasikumar,12,4-8,33.33%,63.04%,61.49%,70,7.70%,21,2.31%,5.85%,60.51%,70.55%,51.53%,54.73%,75.35%,6.4,2.37
all,328,Murkel Dellien,39,18-21,46.15%,56.21%,58.55%,51,1.94%,141,5.36%,14.24%,62.37%,63.32%,44.44%,51.83%,65.32%,6.66,2.92
all,285,Murphy Cassone,42,20-22,47.62%,62.42%,61.37%,264,8.53%,113,3.65%,10.03%,63.59%,70.12%,48.98%,54.44%,77.83%,6.6,2.48
all,954,Naoya Honda,8,3-5,37.50%,61.54%,62.70%,30,6.07%,27,5.47%,11.95%,54.25%,69.40%,52.21%,59.30%,75.90%,5.95,2.29
all,425,Neil Oberleitner,11,4-7,36.36%,60.23%,58.77%,67,9.80%,30,4.39%,11.54%,61.99%,69.34%,45.38%,51.30%,71.56%,6.28,2.5
all,411,Nerman Fatic,24,10-14,41.67%,59.98%,59.05%,122,6.71%,56,3.08%,7.80%,60.53%,66.76%,49.58%,53.78%,71.89%,6.47,2.59
all,273,Nick Hardt,22,13-9,59.09%,58.34%,60.80%,32,2.01%,85,5.35%,14.73%,63.69%,64.13%,48.18%,56.50%,69.36%,6.76,2.82
all,152,Nicolai Budkov Kjaer,52,27-25,51.92%,62.98%,61.99%,276,8.04%,114,3.32%,8.96%,62.90%,70.67%,49.96%,54.87%,76.77%,6.38,2.36
all,475,Nicolas Alvarez Varona,12,4-8,33.33%,57.88%,59.92%,44,5.42%,57,7.02%,18.39%,61.82%,67.33%,42.58%,52.17%,68.25%,6.44,2.71
all,1086,Nicolas Arseneault,6,1-5,16.67%,59.45%,60.75%,18,4.10%,21,4.78%,11.17%,57.18%,68.92%,46.81%,52.69%,71.01%,6.36,2.58
all,155,Nicolas Jarry,10,4-6,40.00%,66.08%,63.37%,76,11.21%,15,2.21%,7.35%,69.91%,73.42%,49.02%,52.91%,83.33%,6.28,2.13
all,365,Nicolas Kicker,49,23-26,46.94%,58.55%,59.40%,49,1.49%,81,2.46%,8.11%,69.62%,63.65%,46.85%,50.98%,70.16%,6.63,2.75
all,129,Nicolas Mejia,60,35-25,58.33%,61.94%,61.19%,296,6.66%,133,2.99%,7.38%,59.45%,69.54%,50.80%,54.85%,77.31%,6.64,2.53
all,536,Nicolas Moreno De Alboran,6,3-3,50.00%,65.47%,66.15%,17,4.08%,13,3.12%,10.40%,70.02%,70.89%,52.80%,58.93%,81.82%,6.32,2.18
all,664,Nicolas Villalon,9,4-5,44.44%,58.40%,59.79%,16,2.28%,27,3.85%,9.78%,60.68%,63.15%,51.09%,56.63%,69.37%,6.32,2.63
all,802,Nicolas Zanellato,5,1-4,20.00%,52.20%,52.86%,8,2.07%,12,3.10%,10.62%,70.80%,55.11%,45.13%,50.50%,55.74%,6.34,3.03
all,526,Niels McDonald,17,7-10,41.18%,57.84%,60.00%,40,3.18%,72,5.73%,15.19%,62.29%,65.64%,44.94%,52.99%,68.82%,6.76,2.85
all,439,Niels Visker,19,8-11,42.11%,66.28%,64.29%,178,13.80%,59,4.57%,10.81%,57.67%,76.75%,52.01%,58.32%,83.66%,6.39,2.15
all,1137,Nikolai Barsukov,5,3-2,60.00%,61.52%,63.76%,28,8.16%,28,8.16%,18.79%,56.56%,76.80%,41.61%,51.24%,73.08%,6.6,2.54
all,214,Nikolas Sanchez Izquierdo,59,32-27,54.24%,60.43%,61.59%,103,2.49%,142,3.43%,9.54%,64.03%,65.35%,51.68%,57.13%,72.59%,6.34,2.51
all,494,Nikolay Vylegzhanin,5,2-3,40.00%,57.63%,61.99%,4,1.25%,25,7.79%,21.74%,64.17%,65.53%,43.48%,55.56%,67.35%,6.55,2.78
all,133,Nikoloz Basilashvili,29,10-19,34.48%,61.00%,61.72%,206,9.54%,153,7.09%,15.03%,52.85%,75.20%,45.09%,53.06%,75.85%,6.68,2.61
all,146,Nishesh Basavareddy,32,18-14,56.25%,62.55%,63.95%,138,5.89%,129,5.51%,12.90%,57.30%,70.49%,51.90%,59.59%,77.53%,6.42,2.4
all,418,Norbert Gombos,37,16-21,43.24%,60.85%,60.56%,150,5.67%,85,3.21%,8.16%,60.59%,67.73%,50.29%,54.75%,72.88%,6.4,2.51
all,5,Novak Djokovic,33,25-8,75.76%,68.24%,67.45%,276,8.52%,95,2.93%,9.09%,67.75%,74.67%,54.74%,60.21%,86.80%,6.29,2
all,47,Nuno Borges,64,32-32,50.00%,65.42%,64.17%,422,8.29%,137,2.69%,7.86%,65.75%,74.13%,48.68%,52.83%,83.82%,6.44,2.23
all,337,Ognjen Milic,25,12-13,48.00%,60.43%,61.00%,124,6.90%,96,5.34%,10.67%,49.92%,72.24%,48.67%,54.48%,73.82%,6.53,2.59
all,674,Olaf Pieczkowski,6,2-4,33.33%,58.64%,60.34%,20,4.38%,26,5.69%,15.48%,63.24%,62.98%,51.19%,60.56%,75.00%,7.62,3.15
all,400,Oleg Prihodko,20,9-11,45.00%,61.23%,60.71%,104,7.16%,55,3.79%,10.52%,63.98%,68.78%,47.80%,53.42%,76.06%,6.82,2.64
all,522,Oleksii Krutykh,7,2-5,28.57%,59.08%,60.05%,14,3.39%,16,3.87%,9.14%,57.63%,66.81%,48.57%,53.46%,72.73%,6.26,2.56
all,237,Oliver Crawford,44,24-20,54.55%,64.23%,65.17%,163,4.55%,139,3.88%,10.23%,62.05%,70.39%,54.16%,60.33%,81.13%,6.5,2.32
all,436,Oliver Tarvet,20,10-10,50.00%,63.40%,62.69%,139,8.96%,65,4.19%,10.78%,61.15%,71.76%,50.25%,56.32%,80.00%,6.33,2.32
all,407,Olle Wallin,24,9-15,37.50%,59.65%,59.35%,127,7.32%,78,4.50%,10.54%,57.35%,67.94%,48.51%,54.23%,69.88%,6.97,2.81
all,515,Omar Jasika,21,5-16,23.81%,57.96%,59.36%,45,2.78%,69,4.26%,12.48%,65.86%,61.95%,50.27%,57.44%,68.64%,6.86,2.89
all,1215,Orel Kimhi,6,2-4,33.33%,56.14%,57.14%,4,1.00%,10,2.51%,9.35%,73.18%,60.62%,43.93%,48.45%,64.41%,6.76,2.97
all,342,Oriol Roca Batalla,16,5-11,31.25%,61.21%,60.98%,52,4.70%,29,2.62%,6.76%,61.21%,70.16%,47.09%,50.50%,73.03%,6.21,2.41
all,114,Otto Virtanen,52,32-20,61.54%,66.62%,64.44%,541,13.69%,165,4.18%,10.25%,59.25%,76.68%,51.99%,57.92%,84.91%,6.34,2.12
all,486,Ozan Baris,5,3-2,60.00%,58.65%,58.52%,18,5.28%,12,3.52%,8.63%,59.24%,67.33%,46.04%,50.39%,67.31%,6.56,2.71
all,72,Pablo Carreno Busta,57,37-20,64.91%,63.27%,62.91%,191,4.36%,87,1.99%,6.19%,67.91%,68.37%,52.49%,55.95%,78.40%,6.27,2.3
all,127,Pablo Llamas Ruiz,47,29-18,61.70%,61.80%,61.89%,88,2.54%,59,1.70%,5.86%,71.00%,66.10%,51.29%,54.49%,77.99%,6.58,2.51
all,827,Patrick Brady,6,3-3,50.00%,62.43%,62.35%,21,4.05%,12,2.31%,8.51%,72.83%,67.20%,49.65%,54.26%,79.49%,6.65,2.5
all,113,Patrick Kypson,37,24-13,64.86%,66.52%,65.23%,228,8.16%,66,2.36%,6.87%,65.59%,73.91%,52.45%,56.31%,83.78%,6.29,2.11
all,781,Patrick Maloney,5,1-4,20.00%,57.80%,58.66%,23,7.03%,21,6.42%,18.26%,64.83%,65.57%,43.48%,53.19%,66.67%,6.81,2.88
all,408,Patrick Zahraj,23,8-15,34.78%,56.23%,57.94%,89,5.33%,114,6.83%,16.03%,57.43%,66.11%,42.90%,51.09%,62.92%,6.96,3.05
all,600,Paul Inchauspe,11,7-4,63.64%,66.42%,66.44%,45,5.49%,23,2.81%,7.67%,63.37%,73.41%,54.33%,58.84%,84.68%,6.6,2.22
all,375,Paul Jubb,17,8-9,47.06%,57.97%,59.03%,64,4.84%,68,5.14%,13.77%,62.66%,65.02%,46.15%,53.52%,68.66%,6.58,2.77
all,527,Paulo Andre Saraiva Dos Santos,16,5-11,31.25%,60.39%,61.07%,73,5.66%,61,4.73%,11.73%,59.69%,68.96%,47.69%,54.03%,71.57%,6.55,2.59
all,243,Pavel Kotov,35,21-14,60.00%,66.07%,65.08%,210,8.97%,77,3.29%,9.03%,63.55%,74.65%,51.11%,56.19%,82.46%,6.13,2.08
all,591,Pavle Marinkov,8,2-6,25.00%,58.06%,58.60%,41,7.51%,34,6.23%,15.25%,59.16%,66.25%,46.19%,54.50%,64.77%,6.2,2.6
all,594,Pedro Araujo,5,1-4,20.00%,48.86%,49.13%,2,0.57%,4,1.14%,4.21%,72.86%,49.41%,47.37%,49.45%,46.15%,6.73,3.44
all,274,Pedro Boscardin Dias,48,22-26,45.83%,57.38%,58.26%,137,3.93%,151,4.33%,10.18%,57.49%,65.30%,46.66%,51.95%,66.73%,6.79,2.89
all,148,Pedro Martinez,42,18-24,42.86%,59.68%,61.04%,61,2.12%,103,3.58%,10.36%,65.45%,65.80%,48.09%,53.65%,71.59%,6.44,2.6
all,496,Pedro Sakamoto,20,5-15,25.00%,57.19%,57.06%,55,3.61%,38,2.50%,6.82%,63.43%,63.46%,46.32%,49.71%,67.69%,6.65,2.85
all,524,Pedro Vives Marcos,5,1-4,20.00%,58.20%,58.48%,18,7.03%,14,5.47%,13.21%,58.59%,67.33%,45.28%,52.17%,67.50%,6.4,2.67
all,787,Peter Bertran,5,2-3,40.00%,60.48%,64.72%,25,6.72%,38,10.22%,21.97%,53.49%,72.86%,46.24%,59.26%,74.07%,6.89,2.72
all,567,Peter Fajta,6,3-3,50.00%,60.87%,62.73%,13,3.14%,20,4.83%,13.25%,63.53%,69.20%,46.36%,53.44%,73.44%,6.47,2.53
all,546,Peter Makk,5,0-5,0.00%,58.42%,58.48%,15,4.95%,11,3.63%,8.87%,59.08%,63.13%,51.61%,56.64%,66.67%,5.94,2.47
all,285,Petr Bar Biryukov,41,19-22,46.34%,63.10%,62.68%,396,12.87%,215,6.99%,16.97%,58.81%,74.24%,47.20%,56.84%,78.22%,6.5,2.4
all,331,Petr Brunclik,37,21-16,56.76%,63.66%,65.03%,177,7.07%,148,5.91%,14.95%,60.46%,71.80%,51.21%,60.21%,78.91%,6.52,2.37
all,364,Petr Nesterov,18,12-6,66.67%,60.55%,60.31%,44,3.53%,24,1.92%,5.02%,61.67%,66.32%,51.26%,53.96%,73.30%,6.53,2.58
all,298,Philip Henning,25,13-12,52.00%,61.04%,61.13%,84,5.12%,56,3.41%,9.33%,63.41%,66.83%,51.00%,56.25%,72.83%,6.46,2.52
all,301,Philip Sekulic,38,16-22,42.11%,60.84%,61.30%,159,5.77%,121,4.39%,12.32%,64.39%,67.06%,49.59%,56.56%,72.27%,6.54,2.56
all,627,Pierluigi Basile,12,4-8,33.33%,58.65%,57.68%,54,6.19%,25,2.86%,6.51%,56.01%,67.08%,47.92%,51.25%,71.77%,7.04,2.91
all,232,Pierre-Hugues Herbert,22,9-13,40.91%,63.33%,63.81%,185,10.65%,118,6.79%,16.79%,59.53%,74.47%,46.94%,56.41%,79.49%,6.36,2.33
all,446,Pietro Fellin,11,4-7,36.36%,58.27%,58.47%,32,4.69%,25,3.66%,9.80%,62.66%,67.29%,43.14%,47.83%,68.57%,6.5,2.71
all,222,Pol Martin Tiffon,46,26-20,56.52%,61.58%,62.60%,137,4.20%,135,4.14%,10.24%,59.58%,68.35%,51.59%,57.48%,76.26%,6.56,2.52
all,57,Quentin Halys,48,24-24,50.00%,66.59%,64.72%,473,12.86%,152,4.13%,10.61%,61.07%,76.14%,51.61%,57.73%,83.56%,6.36,2.13
all,471,Quinn Vandecasteele,15,6-9,40.00%,61.29%,61.60%,73,6.73%,51,4.70%,10.37%,54.65%,70.99%,49.59%,55.33%,75.93%,6.7,2.59
all,507,Radu Albot,25,11-14,44.00%,57.81%,59.98%,40,2.25%,91,5.11%,14.04%,63.60%,62.81%,49.07%,57.09%,65.92%,6.67,2.81
all,352,Radu Mihai Papoe,11,6-5,54.55%,54.02%,54.53%,7,0.80%,14,1.61%,5.24%,69.31%,56.05%,49.44%,52.17%,59.54%,6.64,3.05
all,11,Rafael Jodar,78,59-19,75.64%,64.85%,64.44%,334,6.08%,150,2.73%,7.43%,63.22%,70.82%,54.58%,58.96%,82.15%,6.28,2.21
all,38,Raphael Collignon,69,48-21,69.57%,66.32%,67.61%,471,9.02%,325,6.22%,17.97%,65.36%,76.04%,47.98%,58.49%,84.10%,6.34,2.13
all,345,Raphael Perot,13,4-9,30.77%,58.68%,59.43%,26,2.67%,30,3.08%,8.15%,62.18%,64.46%,49.18%,53.55%,72.60%,6.66,2.75
all,237,Raul Brancaccio,43,23-20,53.49%,60.68%,61.42%,126,4.10%,116,3.77%,9.72%,61.17%,66.67%,51.26%,56.77%,74.37%,6.46,2.54
all,535,Reda Bennani,5,2-3,40.00%,63.95%,65.37%,6,1.48%,12,2.96%,10.17%,70.86%,67.25%,55.93%,62.26%,79.03%,6.53,2.35
all,165,Rei Sakamoto,42,25-17,59.52%,65.69%,63.67%,318,10.47%,85,2.80%,7.57%,63.02%,74.56%,50.58%,54.72%,83.02%,6.29,2.16
all,76,Reilly Opelka,21,7-14,33.33%,71.35%,67.01%,366,22.75%,76,4.72%,15.90%,70.29%,79.22%,52.72%,62.69%,89.81%,6.07,1.74
all,182,Remy Bertola,45,21-24,46.67%,61.85%,62.55%,214,6.68%,164,5.12%,12.97%,60.54%,69.98%,49.37%,56.73%,76.52%,6.48,2.47
all,327,Renta Tokuda,19,5-14,26.32%,59.79%,59.31%,52,3.92%,25,1.88%,5.64%,66.64%,64.75%,49.89%,52.87%,70.14%,6.29,2.53
all,832,Rigele Te,6,0-6,0.00%,57.58%,56.07%,35,7.58%,15,3.25%,7.25%,55.19%,63.53%,50.24%,54.17%,65.67%,6.9,2.93
all,95,Rinky Hijikata,57,30-27,52.63%,62.06%,61.89%,244,5.52%,138,3.12%,7.87%,60.34%,68.50%,52.25%,56.72%,77.16%,6.6,2.5
all,216,Rio Noguchi,51,30-21,58.82%,60.08%,60.72%,75,2.09%,86,2.40%,7.11%,66.30%,65.34%,49.75%,53.56%,72.99%,6.55,2.61
all,476,Robert Strombachs,17,6-11,35.29%,62.69%,63.94%,84,6.68%,72,5.73%,16.44%,65.16%,71.43%,46.35%,55.46%,76.53%,6.41,2.39
all,183,Roberto Bautista Agut,24,7-17,29.17%,60.99%,61.52%,60,3.36%,53,2.97%,9.15%,67.54%,66.89%,48.70%,53.61%,73.21%,6.37,2.49
all,176,Roberto Carballes Baena,40,20-20,50.00%,61.44%,61.93%,108,3.77%,89,3.11%,9.86%,68.49%,67.24%,48.84%,54.18%,75.45%,6.4,2.47
all,368,Robin Bertrand,26,9-17,34.62%,57.17%,58.90%,45,2.42%,86,4.62%,12.32%,62.49%,63.03%,47.42%,54.08%,67.14%,6.65,2.85
all,579,Robin Catry,5,0-5,0.00%,60.00%,58.97%,52,12.68%,29,7.07%,17.79%,60.24%,72.06%,41.72%,50.75%,76.27%,6.95,2.78
all,293,Rodrigo Pacheco Mendez,45,21-24,46.67%,64.00%,64.74%,186,5.92%,137,4.36%,11.15%,60.88%,71.09%,52.97%,59.62%,80.12%,6.37,2.29
all,56,Roman Andres Burruchaga,70,45-25,64.29%,60.66%,62.20%,178,3.49%,235,4.60%,12.27%,62.46%,67.47%,49.32%,56.22%,74.21%,6.49,2.55
all,102,Roman Safiullin,36,24-12,66.67%,64.69%,64.56%,199,6.51%,103,3.37%,10.22%,67.05%,71.04%,51.79%,57.68%,80.42%,6.37,2.25
all,488,Rudolf Molleker,18,8-10,44.44%,61.60%,61.96%,88,6.50%,62,4.58%,11.92%,61.60%,70.74%,46.92%,53.28%,75.61%,6.6,2.54
all,594,Ryan Dickerson,10,3-7,30.00%,55.11%,58.97%,19,2.90%,56,8.55%,21.21%,59.69%,67.01%,37.50%,47.60%,62.63%,6.62,2.97
all,504,Ryan Nijboer,11,4-7,36.36%,60.33%,61.25%,25,3.71%,26,3.86%,9.03%,57.21%,66.49%,52.08%,57.25%,73.79%,6.53,2.59
all,231,Ryan Peniston,18,9-9,50.00%,58.49%,60.89%,40,3.02%,78,5.89%,15.73%,62.57%,64.78%,47.98%,56.94%,67.66%,6.59,2.74
all,750,Ryan Seggerman,6,4-2,66.67%,65.28%,62.50%,59,11.71%,13,2.58%,7.18%,64.09%,72.76%,51.93%,55.95%,83.12%,6.55,2.27
all,989,Ryotaro Taguchi,5,1-4,20.00%,62.50%,61.64%,20,6.25%,8,2.50%,7.84%,68.12%,64.68%,57.84%,62.77%,76.47%,6.27,2.35
all,562,Ryuki Matsuda,6,0-6,0.00%,56.81%,56.46%,10,2.31%,5,1.15%,2.86%,59.58%,65.50%,44.00%,45.29%,63.77%,6.28,2.71
all,653,S D Prajwal Dev,6,0-6,0.00%,50.54%,52.37%,10,2.70%,22,5.95%,14.38%,58.65%,59.91%,37.25%,43.51%,52.94%,7.25,3.59
all,659,Saba Purtseladze,19,3-16,15.79%,56.08%,57.55%,98,7.41%,106,8.01%,17.41%,53.97%,67.79%,42.36%,51.29%,66.32%,6.85,3.01
all,349,Samir Banerjee,11,7-4,63.64%,62.72%,63.17%,54,6.94%,37,4.76%,11.21%,57.58%,70.98%,51.52%,58.02%,77.69%,6.43,2.4
all,656,Samuel Alejandro Linde Palacios,9,1-8,11.11%,48.96%,50.55%,9,1.56%,27,4.67%,13.24%,64.71%,55.61%,36.76%,42.37%,45.68%,7.14,3.64
all,727,Samuel Heredia,10,3-7,30.00%,58.53%,61.51%,38,4.80%,62,7.84%,18.02%,56.51%,69.57%,44.19%,53.90%,71.93%,6.94,2.88
all,386,Samuele Pieri,15,4-11,26.67%,57.98%,58.55%,29,2.49%,32,2.74%,7.36%,62.69%,60.88%,53.10%,57.32%,68.39%,6.7,2.82
all,289,Sandro Kopp,39,18-21,46.15%,60.58%,60.77%,101,3.46%,74,2.54%,7.99%,68.23%,65.66%,49.68%,53.99%,75.11%,6.66,2.62
all,491,Sanhui Shin,16,5-11,31.25%,54.61%,54.67%,42,3.87%,36,3.32%,8.57%,61.25%,59.79%,46.43%,50.78%,60.12%,6.65,3.02
all,625,Santiago De La Fuente,10,1-9,10.00%,49.87%,50.46%,8,1.03%,17,2.18%,8.37%,73.97%,55.63%,33.50%,36.56%,50.45%,7.03,3.52
all,384,Santiago Rodriguez Taverna,36,14-22,38.89%,61.28%,60.98%,151,5.46%,83,3.00%,7.72%,61.14%,67.18%,52.00%,56.35%,76.11%,6.48,2.51
all,313,Sascha Gueymard Wayenburg,45,18-27,40.00%,61.32%,60.29%,286,8.87%,133,4.13%,10.83%,61.91%,69.89%,47.39%,53.15%,74.80%,6.5,2.51
all,301,Sean Cuenin,8,2-6,25.00%,61.11%,63.09%,24,4.44%,31,5.74%,14.42%,60.19%,67.08%,52.09%,60.87%,74.70%,6.51,2.53
all,48,Sebastian Baez,55,30-25,54.55%,60.68%,61.52%,90,2.33%,109,2.82%,9.60%,70.58%,64.48%,51.58%,57.06%,73.73%,6.54,2.57
all,516,Sebastian Gima,12,2-10,16.67%,54.95%,55.96%,26,3.48%,34,4.55%,11.93%,61.90%,61.56%,44.21%,50.20%,62.39%,6.39,2.88
all,876,Sebastian Gorzny,7,3-4,42.86%,62.94%,62.92%,46,8.44%,27,4.95%,10.34%,52.11%,70.07%,55.17%,61.54%,80.49%,6.65,2.46
all,36,Sebastian Korda,38,24-14,63.16%,67.17%,64.74%,354,12.84%,89,3.23%,8.22%,60.72%,76.88%,52.17%,56.84%,84.80%,6.07,1.99
all,126,Sebastian Ofner,45,24-21,53.33%,65.48%,64.22%,349,10.32%,128,3.79%,8.64%,56.20%,75.79%,52.26%,57.21%,82.13%,6.43,2.22
all,479,Sebastian Sorger,5,2-3,40.00%,57.21%,58.29%,12,2.99%,16,3.98%,12.80%,68.91%,60.65%,49.60%,56.88%,66.67%,7.05,3.02
all,421,Semen Pankin,12,6-6,50.00%,61.46%,61.96%,58,6.33%,43,4.69%,9.49%,50.55%,72.79%,49.89%,55.12%,77.08%,6.36,2.45
all,305,Sergey Fomin,33,18-15,54.55%,60.63%,60.92%,166,6.85%,118,4.87%,11.87%,58.98%,67.88%,50.20%,56.96%,72.61%,6.44,2.54
all,452,Sergio Callejon Hernando,11,5-6,45.45%,57.14%,58.57%,18,2.40%,31,4.14%,10.00%,58.61%,64.01%,47.42%,52.69%,64.71%,6.29,2.7
all,117,Shintaro Mochizuki,41,17-24,41.46%,57.97%,59.76%,145,4.60%,192,6.10%,12.10%,49.62%,69.61%,46.50%,52.90%,68.31%,6.75,2.84
all,90,Sho Shimabukuro,59,35-24,59.32%,64.57%,64.09%,387,9.05%,185,4.33%,10.20%,57.58%,73.60%,52.32%,58.26%,80.71%,6.3,2.23
all,537,Shunsuke Mitsui,5,2-3,40.00%,61.19%,62.03%,9,2.69%,10,2.99%,8.62%,65.37%,67.58%,49.14%,53.77%,75.00%,6.98,2.71
all,536,Sidharth Rawat,10,2-8,20.00%,53.82%,54.12%,18,2.65%,19,2.79%,6.07%,53.97%,62.13%,44.09%,46.94%,58.00%,6.8,3.14
all,153,Soonwoo Kwon,29,22-7,75.86%,65.51%,65.53%,223,11.25%,118,5.95%,12.76%,53.35%,77.32%,52.00%,59.60%,82.85%,6.42,2.21
all,524,Spencer Johnson,9,6-3,66.67%,66.73%,65.16%,76,13.38%,27,4.75%,11.44%,58.45%,77.71%,51.27%,57.89%,83.16%,5.98,1.99
all,124,Stan Wawrinka,38,16-22,42.11%,66.15%,64.64%,284,9.31%,84,2.76%,6.23%,55.79%,76.01%,53.71%,57.28%,84.11%,6.46,2.19
all,261,Stefan Dostanic,29,18-11,62.07%,63.07%,62.58%,121,6.15%,57,2.90%,9.19%,68.46%,68.20%,51.94%,57.19%,78.21%,6.3,2.33
all,295,Stefan Kozlov,40,21-19,52.50%,60.34%,61.84%,118,4.13%,142,4.98%,12.29%,59.53%,67.98%,49.09%,55.97%,72.03%,6.29,2.49
all,411,Stefan Palosi,19,9-10,47.37%,56.53%,57.36%,22,1.63%,36,2.67%,8.59%,68.92%,60.71%,47.26%,51.70%,64.53%,6.64,2.89
all,229,Stefano Napolitano,39,24-15,61.54%,64.75%,63.96%,169,6.31%,62,2.32%,5.94%,61.02%,71.36%,54.41%,57.84%,80.33%,6.27,2.21
all,140,Stefano Travaglia,56,33-23,58.93%,62.57%,61.37%,263,6.64%,88,2.22%,5.46%,59.29%,70.33%,51.27%,54.23%,76.43%,6.31,2.36
all,155,Stefanos Sakellaridis,49,32-17,65.31%,64.41%,63.25%,327,9.24%,125,3.53%,8.57%,58.79%,72.50%,52.88%,57.84%,79.20%,6.19,2.2
all,49,Stefanos Tsitsipas,44,25-19,56.82%,67.82%,66.92%,294,8.93%,101,3.07%,8.02%,61.78%,77.00%,52.98%,57.60%,86.76%,6.06,1.95
all,660,Strong Kirchheimer,5,2-3,40.00%,57.62%,57.22%,13,3.36%,7,1.81%,4.86%,62.79%,60.08%,53.47%,56.20%,67.80%,6.56,2.78
all,384,Stuart Parker,6,3-3,50.00%,60.54%,60.39%,29,7.11%,18,4.41%,10.71%,58.82%,68.75%,48.81%,54.67%,73.77%,6.69,2.64
all,235,Sumit Nagal,48,26-22,54.17%,60.30%,61.52%,69,2.04%,110,3.25%,11.02%,70.50%,63.86%,51.80%,58.22%,71.84%,6.57,2.61
all,584,Svyatoslav Gulin,13,3-10,23.08%,56.58%,57.16%,31,3.21%,33,3.42%,9.04%,62.18%,62.50%,46.85%,51.51%,64.05%,6.31,2.74
all,587,Taha Baadi,5,1-4,20.00%,55.89%,56.10%,9,3.42%,8,3.04%,7.48%,59.32%,58.33%,52.34%,56.57%,62.79%,6.12,2.7
all,512,Tai Sach,12,5-7,41.67%,56.42%,56.41%,48,5.55%,37,4.28%,10.36%,58.73%,66.14%,42.58%,47.50%,63.91%,6.5,2.83
all,549,Takuya Kumasaka,12,2-10,16.67%,56.65%,56.89%,31,3.68%,27,3.21%,7.16%,55.23%,62.15%,49.87%,53.71%,64.00%,6.74,2.92
all,69,Tallon Griekspoor,41,18-23,43.90%,66.23%,65.01%,343,10.83%,125,3.95%,10.92%,63.83%,73.68%,53.10%,59.61%,83.63%,6.17,2.08
all,183,Taro Daniel,36,22-14,61.11%,63.57%,62.52%,163,6.28%,54,2.08%,5.55%,62.49%,68.60%,55.19%,58.43%,80.58%,6.3,2.29
all,9,Taylor Fritz,65,43-22,66.15%,70.05%,66.29%,887,16.44%,145,2.69%,7.73%,65.23%,79.03%,53.20%,57.65%,89.52%,6.15,1.84
all,31,Taym Al Azmeh,5,3-2,60.00%,53.70%,55.00%,16,4.23%,22,5.82%,15.60%,62.70%,59.07%,44.68%,52.94%,60.71%,6.75,3.12
all,45,Terence Atmane,46,19-27,41.30%,66.02%,64.51%,340,10.20%,109,3.27%,8.56%,61.82%,74.96%,51.53%,56.36%,82.10%,6.15,2.09
all,440,Thanasi Kokkinakis,10,4-6,40.00%,66.67%,64.40%,128,13.33%,37,3.85%,9.69%,60.21%,73.53%,56.28%,62.32%,88.28%,6.62,2.21
all,50,Thiago Agustin Tirante,59,36-23,61.02%,65.88%,64.40%,433,9.97%,140,3.22%,7.72%,58.23%,74.14%,54.36%,58.90%,81.71%,6.2,2.12
all,687,Thiago Cigarran,9,3-6,33.33%,54.63%,56.23%,23,3.43%,37,5.52%,14.74%,62.54%,62.53%,41.43%,48.60%,61.86%,6.91,3.13
all,276,Thiago Monteiro,40,21-19,52.50%,63.74%,63.34%,158,5.52%,73,2.55%,7.07%,63.92%,70.77%,51.31%,55.21%,79.41%,6.48,2.35
all,206,Thiago Seyboth Wild,37,20-17,54.05%,62.60%,62.02%,177,6.85%,84,3.25%,8.66%,62.45%,69.13%,51.75%,56.66%,77.11%,6.43,2.4
all,529,Thijs Boogaard,7,3-4,42.86%,60.28%,60.37%,43,7.62%,29,5.14%,13.62%,62.23%,68.95%,46.01%,53.26%,73.26%,6.56,2.6
all,323,Thomas Faurel,22,6-16,27.27%,60.18%,60.52%,56,3.34%,46,2.75%,8.16%,66.33%,63.55%,53.55%,58.30%,73.52%,6.62,2.64
all,389,Tiago Pereira,32,7-25,21.88%,56.47%,56.41%,72,3.10%,53,2.28%,5.69%,59.96%,64.56%,44.36%,47.04%,63.07%,6.61,2.88
all,427,Tiago Torres,10,5-5,50.00%,54.45%,57.51%,28,3.51%,63,7.90%,15.75%,49.81%,68.01%,41.00%,48.66%,63.55%,7.45,3.39
all,496,Tibo Colson,13,6-7,46.15%,59.12%,56.61%,132,12.67%,55,5.28%,11.48%,54.03%,75.31%,40.08%,45.28%,79.74%,6.81,2.78
all,961,Timo Legout,10,7-3,70.00%,60.63%,62.32%,11,1.83%,23,3.82%,10.18%,62.46%,67.29%,49.56%,55.17%,73.96%,6.27,2.47
all,147,Timofey Skatov,50,22-28,44.00%,59.99%,60.63%,133,3.79%,123,3.50%,9.39%,62.70%,66.49%,49.08%,54.17%,72.22%,6.5,2.6
all,111,Titouan Droguet,60,36-24,60.00%,65.02%,63.10%,459,10.37%,134,3.03%,7.63%,60.32%,74.45%,50.68%,54.87%,80.63%,6.35,2.22
all,112,Toby Samuel,55,40-15,72.73%,63.81%,63.89%,211,5.59%,124,3.29%,9.35%,64.85%,68.64%,54.90%,60.57%,79.80%,6.35,2.3
all,185,Tom Gentzsch,59,37-22,62.71%,64.03%,64.00%,347,7.92%,193,4.41%,12.91%,65.86%,72.54%,47.63%,54.69%,80.90%,6.54,2.35
all,372,Tom Paris,16,6-10,37.50%,62.33%,61.11%,114,10.15%,50,4.45%,11.49%,61.26%,71.37%,48.05%,54.29%,76.54%,6.27,2.36
all,145,Tomas Barrios Vera,51,29-22,56.86%,61.03%,61.12%,139,3.78%,94,2.55%,7.26%,64.83%,65.81%,52.20%,56.29%,75.13%,6.54,2.55
all,62,Tomas Machac,31,16-15,51.61%,62.86%,62.46%,146,6.31%,73,3.16%,8.69%,63.68%,69.72%,50.83%,55.67%,78.61%,6.42,2.39
all,31,Tomas Martin Etcheverry,56,30-26,53.57%,65.38%,63.86%,364,8.42%,103,2.38%,7.06%,66.26%,72.09%,52.19%,56.16%,81.22%,6.29,2.18
all,558,Tomasz Berkieta,12,3-9,25.00%,60.91%,62.06%,61,7.69%,52,6.56%,14.13%,53.59%,73.18%,46.74%,54.43%,76.67%,6.61,2.58
all,358,Tommaso Compagnucci,17,9-8,52.94%,60.94%,60.51%,51,4.34%,25,2.13%,6.25%,65.96%,66.84%,49.50%,52.80%,75.41%,6.42,2.51
all,24,Tommy Paul,52,35-17,67.31%,66.32%,65.25%,349,7.76%,112,2.49%,6.37%,60.94%,73.88%,54.52%,58.24%,84.42%,6.37,2.15
all,436,Trevor Svajda,13,5-8,38.46%,59.77%,59.98%,37,3.87%,28,2.93%,6.81%,57.05%,66.30%,51.09%,54.83%,71.13%,6.74,2.71
all,168,Tristan Boyer,32,17-15,53.12%,60.97%,61.53%,87,3.50%,77,3.09%,8.30%,62.70%,66.79%,51.19%,55.82%,73.70%,6.48,2.53
all,604,Tristan McCormick,10,3-7,30.00%,60.28%,59.45%,60,7.71%,30,3.86%,10.14%,61.95%,68.05%,47.64%,53.01%,74.55%,7.07,2.81
all,187,Tristan Schoolkate,41,19-22,46.34%,64.77%,64.20%,318,9.71%,148,4.52%,11.33%,60.13%,73.35%,51.84%,58.46%,81.18%,6.42,2.26
all,612,Tsung-Hao Huang,9,3-6,33.33%,58.74%,59.37%,14,2.01%,17,2.44%,6.27%,61.17%,62.06%,53.51%,57.09%,67.37%,7.35,3.03
all,626,Tuncay Duran,6,2-4,33.33%,58.59%,58.60%,41,8.01%,29,5.66%,14.29%,60.35%,67.31%,45.32%,52.87%,73.61%,7.11,2.94
all,329,Tung-Lin Wu,35,15-20,42.86%,63.43%,63.08%,119,4.41%,55,2.04%,6.46%,68.40%,68.49%,52.46%,56.09%,77.91%,6.54,2.39
all,320,Tyler Zink,45,18-27,40.00%,63.36%,61.70%,250,8.12%,72,2.34%,5.61%,58.33%,71.55%,51.91%,55.00%,77.89%,6.25,2.29
all,190,Ugo Blanchet,32,11-21,34.38%,62.15%,61.98%,191,7.30%,110,4.20%,9.35%,55.04%,72.31%,49.70%,54.83%,77.69%,6.71,2.54
all,30,Ugo Humbert,57,32-25,56.14%,66.79%,66.28%,414,9.76%,178,4.20%,10.79%,61.11%,75.43%,53.21%,59.65%,84.76%,6.28,2.08
all,401,Vadym Ursu,16,5-11,31.25%,56.10%,58.50%,45,3.69%,82,6.72%,16.17%,58.48%,63.03%,46.35%,55.29%,65.73%,6.86,3.01
all,78,Valentin Royer,59,28-31,47.46%,62.75%,61.83%,312,6.70%,123,2.64%,7.12%,62.92%,69.19%,51.82%,55.80%,79.10%,6.58,2.45
all,19,Valentin Vacherot,44,27-17,61.36%,67.82%,66.78%,381,11.12%,136,3.97%,11.14%,64.35%,75.73%,53.56%,60.28%,86.14%,6.33,2.04
all,428,Valerio Aboian,26,12-14,46.15%,56.25%,54.94%,139,7.40%,69,3.67%,8.29%,55.72%,65.81%,44.23%,48.23%,64.73%,6.83,2.99
all,475,Viktor Durasovic,29,10-19,34.48%,59.90%,59.35%,169,7.59%,95,4.27%,9.70%,56.04%,68.99%,48.31%,53.51%,69.71%,6.55,2.63
all,120,Vilius Gaubas,53,28-25,52.83%,59.64%,59.97%,145,3.26%,121,2.72%,8.09%,66.38%,64.39%,50.27%,54.69%,75.15%,6.74,2.72
all,71,Vit Kopriva,61,32-29,52.46%,60.68%,61.65%,216,4.93%,203,4.64%,12.45%,62.74%,67.77%,48.74%,55.67%,74.74%,6.39,2.51
all,189,Vitaliy Sachko,38,19-19,50.00%,61.37%,61.24%,141,4.83%,83,2.84%,7.68%,62.98%,67.32%,51.25%,55.51%,75.33%,6.43,2.48
all,530,Vladyslav Orlov,8,0-8,0.00%,55.65%,58.26%,19,3.11%,41,6.71%,14.44%,53.52%,63.00%,47.18%,55.14%,60.82%,6.3,2.79
all,801,Wilson Leite,6,1-5,16.67%,53.69%,53.69%,7,1.99%,6,1.70%,4.20%,59.38%,58.85%,46.15%,48.18%,56.90%,6.07,2.81
all,280,Yanki Erel,16,8-8,50.00%,65.44%,65.46%,77,6.29%,41,3.35%,10.17%,67.08%,71.01%,54.09%,60.22%,82.35%,6.55,2.26
all,55,Yannick Hanfmann,53,31-22,58.49%,67.80%,65.68%,451,11.58%,110,2.82%,7.68%,63.20%,75.66%,54.29%,58.81%,85.58%,6.17,1.99
all,928,Yannick Theodor Alexandrescou,7,3-4,42.86%,56.01%,58.46%,6,1.06%,28,4.95%,14.51%,65.90%,62.47%,43.52%,50.91%,67.47%,6.82,3
all,312,Yasutaka Uchiyama,32,15-17,46.88%,64.72%,63.56%,233,9.57%,89,3.66%,8.48%,56.92%,75.97%,49.86%,54.48%,82.18%,6.48,2.28
all,662,Ye Cong Mo,5,2-3,40.00%,57.24%,59.23%,16,5.39%,21,7.07%,14.09%,49.83%,68.92%,45.64%,53.12%,68.75%,6.19,2.65
all,239,Yi Zhou,42,22-20,52.38%,63.07%,61.77%,287,9.31%,113,3.66%,9.60%,61.84%,71.84%,48.85%,54.04%,78.45%,6.45,2.38
all,106,Yibing Wu,30,17-13,56.67%,64.58%,64.10%,119,5.36%,50,2.25%,5.52%,59.22%,71.39%,54.70%,57.89%,80.95%,6.22,2.2
all,131,Yoshihito Nishioka,21,14-7,66.67%,62.71%,61.98%,64,4.11%,21,1.35%,3.75%,64.06%,66.73%,55.54%,57.70%,75.82%,6.39,2.38
all,316,Yosuke Watanuki,21,10-11,47.62%,59.71%,57.75%,165,10.83%,69,4.53%,10.33%,56.17%,71.50%,44.61%,49.75%,73.01%,6.74,2.72
all,241,Yu Hsiou Hsu,41,21-20,51.22%,59.52%,59.94%,101,3.34%,89,2.94%,8.45%,65.20%,65.59%,48.15%,52.59%,72.85%,6.68,2.7
all,571,Yuki Mochizuki,5,0-5,0.00%,49.48%,49.45%,10,3.44%,10,3.44%,14.29%,75.95%,53.85%,35.71%,41.67%,47.73%,6.61,3.34
all,118,Yunchaokete Bu,41,27-14,65.85%,66.56%,64.88%,259,8.84%,64,2.18%,5.54%,60.56%,74.93%,53.72%,56.87%,87.25%,6.44,2.15
all,670,Yusuke Takahashi,12,3-9,25.00%,57.22%,57.94%,19,2.11%,25,2.78%,7.44%,62.67%,61.88%,49.40%,53.38%,66.41%,6.87,2.94
all,385,Yuta Shimizu,38,17-21,44.74%,59.86%,59.98%,144,4.79%,102,3.39%,9.13%,62.85%,67.25%,47.36%,52.12%,72.61%,6.7,2.69
all,84,Zachary Svajda,29,15-14,51.72%,63.76%,62.40%,208,8.32%,71,2.84%,7.27%,60.92%,72.95%,49.44%,53.31%,78.84%,6.3,2.28
all,154,Zdenek Kolar,68,36-32,52.94%,59.88%,61.62%,162,3.32%,239,4.89%,13.23%,62.99%,66.55%,48.53%,55.93%,74.66%,6.58,2.64
all,156,Zhizhen Zhang,36,16-20,44.44%,65.11%,62.61%,308,10.80%,70,2.45%,6.87%,64.27%,74.52%,48.18%,51.74%,83.26%,6.63,2.31
all,34,Zizou Bergs,59,31-28,52.54%,64.19%,64.49%,411,9.14%,247,5.49%,13.44%,59.15%,73.51%,50.71%,58.58%,79.67%,6.27,2.24
all,123,Zsombor Piros,48,36-12,75.00%,63.93%,63.65%,194,5.68%,96,2.81%,6.98%,59.77%,69.46%,55.71%,59.89%,81.49%,6.52,2.35
clay,267,Abdullah Shelbayh,7,0-7,0.00%,52.71%,54.36%,8,1.40%,24,4.20%,10.34%,59.37%,57.52%,45.69%,50.96%,60.49%,7.05,3.33
clay,98,Adam Walton,5,2-3,40.00%,56.56%,54.76%,23,4.71%,3,0.61%,1.68%,63.32%,62.46%,46.37%,47.16%,70.31%,7.62,3.31
clay,70,Adolfo Daniel Vallejo,69,52-17,75.36%,61.67%,62.65%,192,4.15%,187,4.04%,10.99%,63.18%,67.92%,50.94%,57.23%,76.39%,6.42,2.46
clay,1108,Adrian Andreev,7,2-5,28.57%,55.47%,55.80%,15,2.88%,15,2.88%,7.65%,62.38%,60.31%,47.45%,51.38%,65.33%,6.95,3.09
clay,435,Adrian Boitan,6,2-4,33.33%,57.62%,60.96%,25,5.95%,39,9.29%,22.81%,59.29%,69.08%,40.94%,53.03%,64.62%,6.46,2.74
clay,52,Adrian Mannarino,8,0-8,0.00%,54.38%,54.65%,16,2.86%,16,2.86%,8.08%,64.58%,61.77%,40.91%,44.51%,61.90%,6.65,3.04
clay,554,Alan Magadan,9,4-5,44.44%,58.99%,61.41%,54,7.58%,62,8.71%,15.98%,45.51%,71.60%,48.45%,57.67%,70.75%,6.72,2.75
clay,20,Alejandro Davidovich Fokina,10,5-5,50.00%,59.93%,59.78%,21,2.47%,12,1.41%,4.56%,69.10%,64.12%,50.57%,52.99%,72.87%,6.6,2.64
clay,236,Alejandro Moro Canas,34,18-16,52.94%,61.54%,62.28%,93,3.64%,87,3.41%,10.09%,66.24%,66.06%,52.67%,58.58%,75.57%,6.5,2.5
clay,29,Alejandro Tabilo,42,28-14,66.67%,66.66%,65.29%,241,7.65%,62,1.97%,5.47%,64.02%,74.78%,52.20%,55.22%,84.33%,6.1,2.03
clay,450,Alejo Sanchez Quilez,9,3-6,33.33%,55.59%,56.17%,10,1.43%,15,2.15%,5.58%,61.46%,60.84%,47.21%,50.00%,63.11%,6.78,3.01
clay,96,Aleksandar Kovacevic,11,5-6,45.45%,61.49%,62.01%,52,6.07%,39,4.55%,11.37%,59.98%,68.09%,51.60%,58.22%,75.76%,6.49,2.5
clay,101,Aleksandar Vukic,7,2-5,28.57%,57.27%,56.69%,31,5.57%,18,3.23%,7.44%,56.55%,65.71%,46.28%,50.00%,67.86%,6.63,2.83
clay,261,Alex Barrena,56,27-29,48.21%,57.47%,58.09%,120,3.12%,127,3.31%,8.28%,60.05%,62.79%,49.48%,53.94%,67.88%,6.67,2.84
clay,459,Alex Hernandez,14,4-10,28.57%,57.76%,60.67%,24,2.15%,69,6.19%,16.43%,62.33%,63.74%,47.86%,57.26%,67.06%,6.56,2.77
clay,518,Alex Marti Pujolras,7,2-5,28.57%,54.30%,56.59%,16,3.28%,32,6.56%,17.39%,62.30%,64.14%,38.04%,46.05%,58.57%,6.97,3.19
clay,361,Alex Martinez,11,6-5,54.55%,59.53%,60.58%,21,2.72%,27,3.50%,10.11%,65.37%,66.67%,46.07%,51.25%,71.55%,6.65,2.69
clay,41,Alex Michelsen,13,6-7,46.15%,61.08%,61.28%,58,5.61%,40,3.87%,10.93%,64.57%,67.62%,49.18%,55.21%,74.23%,6.34,2.47
clay,75,Alex Molcan,29,19-10,65.52%,62.48%,62.54%,77,4.21%,48,2.62%,7.24%,63.79%,69.26%,50.53%,54.47%,78.12%,6.36,2.39
clay,502,Alex Rybakov,5,2-3,40.00%,60.31%,61.56%,16,4.07%,18,4.58%,12.33%,62.85%,71.66%,41.10%,46.88%,68.25%,6.24,2.48
clay,8,Alex de Minaur,13,7-6,53.85%,60.24%,61.69%,29,2.71%,43,4.02%,8.70%,53.79%,67.48%,51.82%,56.76%,74.07%,6.6,2.62
clay,32,Alexander Blockx,26,20-6,76.92%,67.34%,66.84%,174,8.58%,71,3.50%,8.95%,60.88%,77.88%,50.95%,55.96%,84.36%,6.22,2.03
clay,11,Alexander Bublik,16,8-8,50.00%,64.68%,63.77%,125,10.49%,54,4.53%,13.04%,65.27%,73.01%,49.03%,56.39%,83.16%,6.27,2.22
clay,551,Alexander Donski,5,1-4,20.00%,63.61%,63.17%,39,9.92%,20,5.09%,11.83%,57.00%,73.66%,50.30%,57.05%,82.76%,6.78,2.47
clay,496,Alexander Ritschard,6,3-3,50.00%,61.51%,62.16%,11,3.47%,10,3.15%,8.33%,62.15%,68.53%,50.00%,54.55%,73.58%,5.98,2.3
clay,100,Alexander Shevchenko,22,12-10,54.55%,60.86%,59.88%,103,6.48%,43,2.71%,6.90%,60.79%,67.18%,51.04%,54.83%,76.23%,6.51,2.55
clay,567,Alexander Vasilev,14,7-7,50.00%,57.16%,62.13%,34,3.72%,94,10.27%,26.63%,61.42%,66.73%,41.93%,57.14%,68.22%,7.09,3.04
clay,3,Alexander Zverev,24,20-4,83.33%,68.30%,67.85%,139,7.74%,54,3.01%,10.61%,71.64%,72.47%,57.76%,64.62%,84.84%,5.79,1.84
clay,135,Alexandre Muller,18,6-12,33.33%,60.62%,60.81%,51,4.03%,37,2.92%,7.84%,62.75%,67.42%,49.15%,53.33%,72.77%,6.63,2.61
clay,139,Alexei Popyrin,12,6-6,50.00%,67.08%,65.49%,100,11.16%,31,3.46%,8.47%,59.15%,76.98%,52.73%,57.61%,84.67%,5.97,1.97
clay,278,Alvaro Guillen Meza,61,34-27,55.74%,58.34%,59.84%,137,2.92%,210,4.48%,12.93%,65.34%,64.88%,46.00%,52.83%,68.65%,6.8,2.83
clay,304,Andrea Collarini,35,17-18,48.57%,58.83%,60.60%,40,1.55%,101,3.92%,11.30%,65.28%,64.01%,49.11%,55.36%,70.30%,6.54,2.69
clay,213,Andrea Guerrieri,22,14-8,63.64%,56.62%,58.97%,34,2.05%,90,5.42%,14.93%,63.72%,64.40%,42.95%,50.49%,64.63%,6.76,2.93
clay,134,Andrea Pellegrino,39,23-16,58.97%,61.53%,62.29%,112,3.91%,103,3.59%,8.58%,58.11%,68.07%,52.46%,57.38%,76.24%,6.49,2.5
clay,393,Andrea Picchione,8,5-3,62.50%,60.70%,62.87%,14,2.58%,27,4.98%,12.00%,58.49%,67.82%,50.67%,57.58%,74.12%,6.38,2.51
clay,395,Andrej Martin,19,10-9,52.63%,61.85%,61.70%,68,5.25%,39,3.01%,7.25%,58.46%,69.62%,50.93%,54.91%,75.62%,6.44,2.46
clay,246,Andrej Nedic,36,21-15,58.33%,59.17%,60.23%,54,2.24%,78,3.24%,9.68%,66.56%,63.15%,51.24%,56.73%,71.70%,6.5,2.65
clay,257,Andres Andrade,8,4-4,50.00%,61.32%,61.75%,34,6.06%,25,4.46%,11.21%,60.25%,71.01%,46.64%,52.53%,74.12%,6.6,2.55
clay,340,Andres Martin,5,1-4,20.00%,59.32%,59.59%,15,3.63%,12,2.91%,7.45%,61.02%,62.70%,54.04%,58.39%,72.31%,6.35,2.58
clay,726,Andres Santamarta Roig,13,6-7,46.15%,55.14%,57.21%,7,0.83%,36,4.25%,10.23%,58.44%,58.59%,50.28%,56.01%,62.90%,6.83,3.06
clay,634,Andrew Paulson,8,5-3,62.50%,60.40%,61.43%,30,4.95%,29,4.79%,11.69%,59.08%,71.23%,44.76%,50.68%,73.63%,6.66,2.64
clay,18,Andrey Rublev,22,16-6,72.73%,64.40%,63.74%,122,6.85%,51,2.86%,7.50%,61.82%,71.39%,53.09%,57.39%,82.12%,6.5,2.31
clay,251,Andy Andrade,11,7-4,63.64%,58.66%,61.06%,24,2.97%,47,5.82%,15.46%,62.38%,66.67%,45.39%,53.70%,70.49%,6.62,2.74
clay,351,Antoine Ghibaudo,8,6-2,75.00%,60.73%,62.81%,17,2.97%,29,5.06%,11.07%,54.28%,66.56%,53.82%,60.52%,77.65%,6.74,2.65
clay,350,Anton Matusevich,6,3-3,50.00%,60.92%,61.56%,20,4.60%,17,3.91%,8.17%,52.18%,72.69%,48.08%,52.36%,75.76%,6.59,2.58
clay,769,Arklon Huertas Del Pino Cordova,9,4-5,44.44%,61.03%,61.76%,5,0.76%,11,1.66%,6.79%,75.53%,63.00%,54.94%,58.94%,76.47%,6.49,2.53
clay,37,Arthur Fery,8,5-3,62.50%,61.21%,61.31%,22,3.10%,15,2.12%,5.64%,62.48%,66.82%,51.88%,54.98%,78.00%,7.09,2.75
clay,21,Arthur Fils,11,9-2,81.82%,68.06%,69.21%,25,3.49%,23,3.21%,8.71%,63.18%,75.72%,54.92%,60.17%,87.18%,6.13,1.96
clay,127,Arthur Gea,22,14-8,63.64%,62.99%,63.37%,108,6.76%,72,4.51%,10.36%,56.48%,72.17%,51.08%,56.98%,79.25%,6.63,2.45
clay,28,Arthur Rinderknech,16,8-8,50.00%,68.16%,66.60%,167,13.63%,55,4.49%,12.09%,62.86%,77.27%,52.75%,60.00%,87.63%,6.31,2.01
clay,227,August Holmgren,7,4-3,57.14%,65.15%,64.81%,44,7.99%,21,3.81%,11.54%,66.97%,72.36%,50.55%,57.14%,81.61%,6.33,2.21
clay,494,Aziz Ouakaa,5,0-5,0.00%,51.34%,55.17%,6,2.30%,23,8.81%,20.35%,56.70%,62.84%,36.28%,45.56%,52.27%,5.93,2.89
clay,419,Beibit Zhukayev,6,4-2,66.67%,62.04%,62.81%,67,12.91%,46,8.86%,22.12%,59.92%,71.38%,48.08%,61.73%,78.67%,6.92,2.63
clay,6,Ben Shelton,13,8-5,61.54%,71.31%,70.79%,112,10.14%,38,3.44%,10.08%,65.88%,76.92%,60.48%,67.26%,91.16%,6.1,1.75
clay,103,Benjamin Bonzi,5,2-3,40.00%,62.62%,62.69%,16,3.81%,10,2.38%,7.09%,66.43%,68.82%,50.35%,54.20%,75.76%,6.36,2.38
clay,509,Benjamin Hassan,13,8-5,61.54%,63.21%,63.73%,63,6.28%,44,4.39%,9.11%,51.84%,71.92%,53.83%,59.23%,79.35%,6.47,2.38
clay,725,Benjamin Torrealba,5,0-5,0.00%,49.54%,50.68%,13,3.98%,20,6.12%,15.27%,59.94%,54.59%,41.98%,49.55%,50.94%,6.17,3.11
clay,830,Bernabe Zapata Miralles,5,0-5,0.00%,50.44%,51.88%,5,1.47%,14,4.13%,12.39%,66.67%,55.31%,40.71%,46.46%,51.92%,6.52,3.23
clay,155,Billy Harris,7,2-5,28.57%,62.16%,61.78%,24,5.07%,12,2.54%,6.15%,58.77%,72.66%,47.18%,50.27%,74.03%,6.14,2.32
clay,59,Botic van de Zandschulp,11,6-5,54.55%,59.55%,60.20%,46,5.20%,40,4.52%,12.38%,63.50%,66.55%,47.37%,54.06%,72.66%,6.91,2.8
clay,22,Brandon Nakashima,10,5-5,50.00%,66.38%,63.81%,70,8.62%,7,0.86%,2.52%,65.76%,76.03%,47.84%,49.08%,82.48%,5.93,1.99
clay,628,Bruno Fernandez,15,3-12,20.00%,57.01%,59.02%,40,3.30%,69,5.69%,15.97%,64.36%,63.97%,44.44%,52.89%,67.58%,6.66,2.86
clay,251,Buvaysar Gadamauri,25,14-11,56.00%,62.27%,62.81%,76,4.06%,61,3.26%,9.31%,65.05%,66.37%,54.66%,60.27%,77.45%,6.81,2.57
clay,318,Calvin Hemery,19,12-7,63.16%,64.25%,64.99%,87,6.49%,62,4.63%,12.58%,63.21%,72.37%,50.30%,57.54%,81.95%,6.54,2.34
clay,35,Cameron Norrie,11,5-6,45.45%,60.77%,61.47%,36,3.93%,33,3.61%,9.46%,61.86%,67.14%,50.43%,55.70%,77.44%,6.88,2.7
clay,76,Camilo Ugo Carabelli,30,18-12,60.00%,60.81%,61.31%,95,4.07%,79,3.38%,8.69%,61.07%,68.51%,48.73%,53.37%,75.49%,6.58,2.58
clay,435,Cannon Kingsley,7,2-5,28.57%,60.84%,60.18%,34,5.71%,16,2.69%,6.87%,60.84%,67.40%,50.64%,54.38%,75.00%,6.76,2.65
clay,452,Carlo Alberto Caniato,23,7-16,30.43%,63.63%,63.96%,106,5.97%,69,3.89%,10.12%,61.60%,71.12%,51.61%,57.42%,79.29%,6.34,2.31
clay,2,Carlos Alcaraz,6,5-1,83.33%,63.40%,64.76%,20,5.15%,19,4.90%,13.19%,62.89%,68.44%,54.86%,63.20%,84.21%,6.81,2.49
clay,551,Carlos Lopez Montagud,7,4-3,57.14%,59.96%,61.34%,9,1.97%,16,3.50%,14.68%,76.15%,66.38%,39.45%,46.24%,73.61%,6.35,2.54
clay,412,Carlos Maria Zarate,19,6-13,31.58%,57.74%,58.33%,59,4.04%,57,3.90%,9.13%,57.26%,65.19%,47.76%,52.56%,68.40%,6.89,2.91
clay,377,Carlos Sanchez Jover,27,12-15,44.44%,54.40%,55.93%,31,1.58%,78,3.99%,12.02%,66.82%,59.60%,43.91%,49.91%,60.14%,6.84,3.12
clay,409,Carlos Taberner,25,14-11,56.00%,58.95%,61.32%,45,2.57%,96,5.49%,14.29%,61.58%,65.92%,47.77%,55.73%,70.72%,6.65,2.73
clay,17,Casper Ruud,23,17-6,73.91%,66.36%,66.67%,94,5.36%,55,3.14%,9.32%,66.36%,70.45%,58.31%,64.30%,84.10%,6.2,2.08
clay,260,Cezar Cretu,30,14-16,46.67%,57.04%,57.93%,50,2.58%,66,3.40%,9.82%,65.34%,62.67%,46.43%,51.49%,64.71%,6.34,2.72
clay,191,Chris Rodesch,11,6-5,54.55%,63.38%,61.36%,95,10.51%,30,3.32%,10.95%,69.69%,68.57%,51.46%,57.79%,79.72%,6.32,2.31
clay,422,Christoph Negritu,11,4-7,36.36%,63.93%,62.38%,54,6.24%,11,1.27%,3.14%,59.54%,71.84%,52.29%,53.98%,81.34%,6.46,2.33
clay,272,Chun-Hsin Tseng,34,21-13,61.76%,59.90%,59.73%,62,2.62%,35,1.48%,4.48%,66.92%,64.60%,50.38%,52.74%,72.29%,6.75,2.71
clay,159,Clement Tabur,22,11-11,50.00%,61.16%,62.03%,67,3.63%,67,3.63%,8.60%,57.80%,67.01%,53.15%,58.15%,77.49%,6.81,2.65
clay,197,Colton Smith,8,2-6,25.00%,57.06%,56.19%,33,6.56%,18,3.58%,9.23%,61.23%,65.26%,44.10%,48.59%,66.67%,6.71,2.88
clay,639,Conner Huertas del Pino,14,7-7,50.00%,61.12%,60.26%,49,5.29%,19,2.05%,5.78%,64.47%,69.51%,45.90%,48.71%,75.86%,6.39,2.48
clay,490,Corentin Denolly,14,6-8,42.86%,56.52%,58.82%,49,4.95%,73,7.38%,18.16%,59.35%,65.25%,43.78%,53.50%,66.43%,7.06,3.07
clay,69,Corentin Moutet,12,5-7,41.67%,59.82%,60.63%,20,2.23%,25,2.79%,8.04%,65.29%,66.15%,47.91%,52.10%,76.76%,6.31,2.54
clay,778,Cosme Rolland De Ravel,6,4-2,66.67%,61.74%,61.71%,31,6.74%,19,4.13%,9.18%,55.00%,72.33%,48.79%,53.72%,78.79%,6.97,2.67
clay,114,Cristian Garin,30,19-11,63.33%,60.30%,61.17%,84,3.57%,87,3.69%,9.21%,59.87%,68.72%,47.72%,52.56%,74.03%,6.51,2.58
clay,305,Dali Blanch,28,17-11,60.71%,60.94%,61.36%,102,5.47%,77,4.13%,10.20%,59.50%,67.72%,50.99%,56.78%,75.35%,6.47,2.53
clay,111,Dalibor Svrcina,20,11-9,55.00%,57.57%,60.34%,37,2.51%,92,6.25%,15.33%,59.27%,63.23%,49.33%,58.27%,68.18%,6.7,2.84
clay,104,Damir Dzumhur,28,13-15,46.43%,58.07%,58.61%,27,1.33%,38,1.87%,5.84%,67.88%,61.05%,51.77%,54.98%,65.27%,6.52,2.73
clay,220,Dan Added,7,2-5,28.57%,59.76%,59.28%,29,5.89%,16,3.25%,7.77%,58.13%,66.08%,50.97%,55.26%,72.97%,6.65,2.68
clay,630,Dan Martin,5,1-4,20.00%,61.02%,61.92%,22,4.90%,20,4.45%,10.93%,59.24%,69.55%,48.63%,54.60%,79.03%,7.24,2.82
clay,65,Daniel Altmaier,26,13-13,50.00%,62.24%,61.40%,134,6.74%,57,2.87%,7.79%,63.20%,70.01%,48.91%,53.04%,77.70%,6.52,2.46
clay,689,Daniel Antonio Nunez,5,2-3,40.00%,55.93%,56.86%,14,4.26%,16,4.86%,10.53%,53.80%,65.54%,44.74%,50.00%,61.22%,6.71,2.96
clay,413,Daniel Dutra da Silva,33,11-22,33.33%,56.76%,57.26%,92,4.02%,89,3.89%,9.04%,56.97%,64.08%,47.05%,51.73%,64.61%,6.42,2.78
clay,271,Daniel Elahi Galan,33,15-18,45.45%,60.46%,59.93%,120,4.56%,57,2.16%,6.00%,63.92%,65.36%,51.79%,55.10%,74.56%,6.63,2.62
clay,40,Daniel Merida,39,24-15,61.54%,61.20%,62.22%,75,2.55%,94,3.19%,10.17%,68.60%,66.02%,50.65%,56.39%,75.61%,6.53,2.53
clay,338,Daniel Michalski,21,8-13,38.10%,56.06%,56.65%,26,1.91%,34,2.50%,5.77%,56.72%,63.34%,46.52%,49.37%,63.08%,6.36,2.79
clay,203,Daniel Rincon,33,17-16,51.52%,57.90%,57.82%,98,3.92%,68,2.72%,6.49%,58.14%,65.75%,46.99%,50.26%,68.39%,6.81,2.87
clay,166,Daniil Glinka,16,9-7,56.25%,62.13%,61.93%,64,6.18%,36,3.48%,8.78%,60.39%,67.52%,53.90%,59.09%,76.10%,6.51,2.47
clay,7,Daniil Medvedev,9,5-4,55.56%,60.62%,61.82%,41,5.81%,39,5.52%,15.00%,63.17%,71.52%,41.92%,49.32%,73.28%,6.09,2.4
clay,221,Darwin Blanch,11,7-4,63.64%,61.92%,63.34%,46,6.30%,43,5.89%,12.87%,54.25%,74.24%,47.31%,54.30%,75.65%,6.35,2.42
clay,186,David Jorda Sanchis,31,18-13,58.06%,62.26%,62.74%,130,5.86%,94,4.24%,9.41%,54.96%,71.86%,50.55%,55.80%,77.46%,6.41,2.42
clay,48,Denis Shapovalov,7,2-5,28.57%,59.48%,63.08%,25,5.04%,43,8.67%,18.53%,53.23%,68.18%,49.57%,60.85%,72.50%,6.2,2.51
clay,439,Denis Yevseyev,10,2-8,20.00%,55.13%,56.18%,3,0.38%,17,2.18%,8.81%,75.26%,57.07%,49.22%,53.98%,63.06%,7.03,3.15
clay,193,Diego Dedura,38,22-16,57.89%,60.88%,61.47%,27,1.03%,42,1.60%,5.92%,72.97%,62.49%,56.56%,60.12%,75.12%,6.46,2.53
clay,378,Dimitar Kuzmanov,25,11-14,44.00%,58.47%,58.99%,41,2.33%,44,2.50%,8.27%,69.77%,62.46%,49.25%,53.69%,68.77%,6.54,2.72
clay,98,Dino Prizmic,22,13-9,59.09%,65.35%,65.74%,87,5.27%,55,3.33%,8.28%,59.78%,71.23%,56.63%,61.74%,83.27%,6.14,2.13
clay,652,Dmitry Popko,7,1-6,14.29%,57.28%,58.95%,20,4.69%,26,6.10%,13.07%,53.29%,66.96%,46.23%,53.18%,66.20%,6,2.56
clay,327,Dominic Stricker,17,10-7,58.82%,64.67%,63.71%,80,7.27%,29,2.63%,6.17%,57.31%,73.38%,52.98%,56.46%,81.50%,6.36,2.25
clay,302,Duje Ajdukovic,23,11-12,47.83%,59.33%,59.22%,90,5.50%,59,3.61%,8.64%,58.23%,68.59%,46.41%,50.80%,71.55%,6.84,2.78
clay,149,Dusan Lajovic,35,15-20,42.86%,60.50%,59.82%,104,4.09%,41,1.61%,5.14%,68.61%,65.08%,50.50%,53.24%,72.26%,6.47,2.55
clay,437,Dylan Dietrich,9,5-4,55.56%,66.52%,65.87%,75,10.87%,32,4.64%,12.12%,61.74%,77.23%,49.24%,56.03%,84.26%,6.39,2.14
clay,268,Edas Butvilas,18,8-10,44.44%,61.25%,61.13%,56,4.38%,33,2.58%,7.11%,63.75%,67.16%,50.86%,54.76%,78.87%,6.6,2.56
clay,372,Eduardo Ribeiro,32,14-18,43.75%,58.75%,58.54%,71,3.16%,42,1.87%,4.91%,61.87%,62.92%,51.99%,54.67%,70.55%,6.55,2.7
clay,486,Eero Vasa,9,5-4,55.56%,57.20%,58.99%,34,4.62%,46,6.25%,15.54%,59.78%,65.68%,44.59%,52.80%,67.31%,7.08,3.03
clay,314,Eliakim Coulibaly,12,5-7,41.67%,60.00%,60.48%,49,6.53%,38,5.07%,12.93%,60.80%,68.20%,47.28%,54.30%,71.30%,6.52,2.61
clay,208,Elias Ymer,7,1-6,14.29%,54.15%,56.10%,19,4.38%,30,6.91%,17.75%,61.06%,62.64%,40.83%,49.64%,56.06%,6.58,3.02
clay,184,Elmer Moller,40,23-17,57.50%,55.04%,58.16%,67,2.45%,195,7.13%,19.16%,62.79%,61.47%,44.20%,54.68%,61.37%,6.69,3.01
clay,658,Emilien Demanet,7,4-3,57.14%,61.13%,60.67%,18,3.78%,8,1.68%,4.65%,63.87%,65.13%,54.07%,56.71%,76.71%,6.52,2.53
clay,86,Emilio Nava,42,26-16,61.90%,63.20%,62.19%,265,8.57%,111,3.59%,10.28%,65.07%,71.22%,48.24%,53.77%,80.43%,6.65,2.45
clay,321,Enrico Dalla Valle,35,16-19,45.71%,63.59%,62.94%,116,4.92%,44,1.87%,5.78%,67.74%,67.90%,54.53%,57.88%,79.19%,6.38,2.32
clay,47,Ethan Quinn,11,4-7,36.36%,64.08%,63.06%,67,6.67%,23,2.29%,6.46%,64.58%,72.27%,49.16%,52.55%,83.67%,6.84,2.46
clay,63,Fabian Marozsan,12,5-7,41.67%,63.51%,63.55%,34,3.53%,20,2.08%,6.19%,66.42%,67.76%,55.11%,58.75%,79.02%,6.73,2.45
clay,431,Facundo Bagnis,5,3-2,60.00%,60.16%,62.35%,12,3.30%,20,5.49%,16.26%,66.21%,67.22%,46.34%,55.34%,74.14%,6.28,2.5
clay,107,Facundo Diaz Acosta,73,51-22,69.86%,63.03%,63.43%,206,3.85%,153,2.86%,8.26%,65.36%,68.69%,52.35%,57.06%,77.75%,6.26,2.32
clay,333,Facundo Mena,28,14-14,50.00%,61.19%,60.13%,188,9.54%,90,4.57%,10.22%,55.30%,72.02%,47.79%,53.22%,77.00%,6.57,2.55
clay,174,Federico Agustin Gomez,38,17-21,44.74%,60.34%,61.88%,126,4.66%,145,5.36%,14.40%,62.75%,67.04%,49.06%,57.31%,73.86%,6.48,2.57
clay,476,Federico Arnaboldi,7,0-7,0.00%,52.18%,53.67%,17,3.53%,28,5.82%,12.73%,54.26%,60.15%,42.73%,48.96%,53.62%,6.97,3.33
clay,346,Federico Bondioli,28,14-14,50.00%,60.10%,60.96%,108,4.79%,101,4.48%,11.57%,61.25%,67.54%,48.34%,54.66%,73.29%,6.69,2.67
clay,178,Federico Cina,26,12-14,46.15%,61.37%,61.16%,125,5.87%,72,3.38%,9.00%,62.41%,69.13%,48.50%,53.30%,78.03%,6.78,2.62
clay,779,Federico Coria,10,4-6,40.00%,57.30%,57.84%,14,1.93%,17,2.34%,6.94%,66.25%,60.08%,51.84%,55.70%,67.27%,6.6,2.82
clay,560,Felipe Meligeni Alves,16,7-9,43.75%,59.96%,59.34%,51,4.48%,23,2.02%,5.45%,62.95%,66.11%,49.53%,52.38%,73.14%,6.51,2.61
clay,29,Felix Auger-Aliassime,13,8-5,61.54%,66.75%,65.54%,100,8.59%,31,2.66%,8.71%,69.42%,74.13%,50.00%,54.77%,84.86%,6.29,2.09
clay,248,Felix Balshaw,16,11-5,68.75%,62.92%,62.82%,89,8.01%,51,4.59%,10.45%,56.08%,68.38%,55.94%,62.47%,79.55%,6.31,2.34
clay,218,Felix Gill,11,5-6,45.45%,58.39%,58.22%,24,2.98%,15,1.86%,5.42%,65.59%,61.93%,51.62%,54.58%,73.77%,6.6,2.75
clay,279,Filip Cristian Jianu,36,16-20,44.44%,60.32%,60.28%,65,2.69%,41,1.70%,5.14%,66.98%,64.92%,51.00%,53.76%,73.92%,6.5,2.58
clay,303,Filippo Romano,13,4-9,30.77%,56.75%,57.04%,40,4.22%,35,3.69%,9.16%,59.70%,64.66%,45.03%,49.57%,66.42%,6.92,2.99
clay,10,Flavio Cobolli,21,14-7,66.67%,64.50%,64.57%,97,5.84%,55,3.31%,7.62%,56.56%,72.02%,54.71%,59.22%,81.89%,6.27,2.23
clay,247,Florent Bax,9,5-4,55.56%,69.40%,67.34%,82,12.67%,20,3.09%,7.25%,57.34%,81.94%,52.54%,56.64%,91.59%,6.05,1.85
clay,290,Florian Broska,12,8-4,66.67%,65.94%,65.83%,55,6.00%,27,2.95%,7.94%,62.88%,71.18%,57.06%,61.98%,85.91%,6.15,2.09
clay,23,Frances Tiafoe,11,7-4,63.64%,64.08%,63.50%,81,6.41%,35,2.77%,6.43%,56.96%,73.61%,51.47%,55.01%,83.33%,6.58,2.36
clay,357,Francesco Forti,20,8-12,40.00%,60.27%,59.91%,84,5.46%,47,3.06%,8.35%,63.39%,67.08%,48.49%,52.91%,73.57%,6.78,2.69
clay,161,Francesco Maestrelli,20,8-12,40.00%,60.92%,61.22%,130,8.23%,90,5.70%,17.05%,66.56%,69.65%,43.56%,52.51%,74.79%,6.75,2.64
clay,219,Francesco Passaro,23,9-14,39.13%,63.93%,64.48%,84,5.27%,60,3.76%,10.05%,62.55%,69.21%,55.11%,61.27%,77.99%,6.15,2.22
clay,25,Francisco Cerundolo,23,15-8,65.22%,62.34%,62.75%,73,4.49%,54,3.32%,8.52%,60.98%,68.62%,52.52%,57.41%,77.82%,6.55,2.47
clay,107,Francisco Comesana,20,7-13,35.00%,62.46%,62.44%,134,7.10%,80,4.24%,12.35%,65.64%,70.68%,46.76%,53.35%,77.59%,6.5,2.44
clay,262,Franco Agamenone,44,23-21,52.27%,57.44%,58.68%,77,2.23%,127,3.67%,10.49%,64.99%,64.15%,45.00%,50.28%,68.26%,6.9,2.94
clay,733,Franco Ribero,8,3-5,37.50%,59.97%,59.57%,34,5.51%,19,3.08%,8.76%,64.83%,65.25%,50.23%,55.05%,71.43%,6.3,2.52
clay,225,Franco Roncadelli,48,26-22,54.17%,57.34%,57.82%,35,1.06%,53,1.61%,6.49%,75.23%,59.69%,50.18%,53.66%,65.56%,6.45,2.75
clay,235,Frederico Ferreira Silva,32,12-20,37.50%,59.22%,59.77%,62,2.43%,65,2.55%,7.17%,64.51%,64.24%,50.11%,53.98%,72.07%,6.79,2.77
clay,333,Gabi Adrian Boitan,6,3-3,50.00%,59.05%,62.93%,12,2.86%,33,7.86%,24.26%,67.62%,65.85%,44.85%,59.22%,73.02%,6.67,2.73
clay,87,Gabriel Diallo,6,1-5,16.67%,52.31%,51.66%,14,4.31%,9,2.77%,8.04%,65.54%,57.75%,41.96%,45.63%,55.10%,6.63,3.16
clay,613,Gabriele Pennaforti,5,0-5,0.00%,56.92%,59.14%,20,6.15%,26,8.00%,25.49%,68.62%,64.13%,41.18%,55.26%,63.46%,6.25,2.69
clay,404,Gabriele Piraino,17,9-8,52.94%,56.16%,57.95%,29,2.57%,56,4.96%,12.39%,59.96%,62.04%,47.35%,54.04%,64.37%,6.49,2.84
clay,381,Garrett Johns,11,4-7,36.36%,61.51%,61.08%,32,4.16%,15,1.95%,5.30%,63.20%,66.05%,53.71%,56.72%,76.07%,6.57,2.53
clay,167,Gauthier Onclin,11,4-7,36.36%,59.02%,61.52%,18,2.04%,47,5.33%,11.99%,55.51%,64.21%,52.55%,59.71%,71.32%,6.48,2.65
clay,200,Genaro Alberto Olivieri,46,22-24,47.83%,56.69%,57.02%,39,1.14%,49,1.43%,6.16%,76.82%,59.04%,48.93%,52.14%,66.02%,6.7,2.9
clay,414,Geoffrey Blancaneaux,17,6-11,35.29%,59.59%,61.42%,43,3.65%,62,5.26%,13.25%,60.27%,67.75%,47.22%,54.43%,70.88%,6.47,2.62
clay,247,George Loffhagen,6,2-4,33.33%,64.04%,64.23%,48,11.14%,28,6.50%,17.50%,62.88%,73.80%,47.50%,57.58%,76.12%,6.43,2.31
clay,388,Georgii Kravchenko,5,0-5,0.00%,55.10%,55.52%,12,3.82%,12,3.82%,8.70%,56.05%,64.20%,43.48%,47.62%,58.70%,6.83,3.07
clay,585,Gerard Campana Lee,16,6-10,37.50%,56.44%,57.05%,30,2.59%,35,3.03%,7.37%,58.95%,62.32%,48.00%,51.82%,65.34%,6.57,2.86
clay,196,Gianluca Cadenasso,34,19-15,55.88%,59.64%,60.55%,73,3.27%,81,3.63%,10.04%,63.81%,64.44%,51.18%,56.89%,69.21%,6.3,2.54
clay,227,Gilles Arnaud Bailly,21,8-13,38.10%,57.08%,58.72%,17,1.08%,56,3.56%,9.09%,60.89%,61.73%,49.84%,54.82%,64.71%,6.62,2.84
clay,454,Giovanni Fonio,5,2-3,40.00%,63.15%,62.53%,27,6.34%,12,2.82%,7.27%,61.27%,71.26%,50.30%,54.25%,80.95%,6.76,2.49
clay,91,Giovanni Mpetshi Perricard,7,3-4,42.86%,63.05%,62.67%,53,8.98%,28,4.75%,15.14%,68.64%,71.60%,44.32%,52.23%,79.78%,6.63,2.45
clay,173,Gonzalo Bueno,64,37-27,57.81%,56.21%,57.96%,72,1.61%,187,4.18%,10.88%,61.56%,61.58%,47.61%,53.43%,65.77%,6.68,2.93
clay,320,Gonzalo Villanueva,40,17-23,42.50%,55.82%,56.06%,96,3.40%,87,3.08%,8.36%,63.15%,62.05%,45.15%,49.27%,62.94%,6.59,2.91
clay,138,Grigor Dimitrov,6,1-5,16.67%,58.96%,60.72%,19,4.73%,24,5.97%,14.04%,57.46%,69.26%,45.03%,52.38%,68.12%,5.83,2.39
clay,223,Guido Ivan Justo,67,39-28,58.21%,59.26%,59.63%,95,2.11%,92,2.04%,5.82%,64.92%,63.74%,50.98%,54.13%,69.97%,6.48,2.64
clay,131,Gustavo Heide,44,32-12,72.73%,63.19%,65.98%,159,5.38%,207,7.00%,15.89%,55.92%,71.57%,52.57%,62.50%,78.79%,6.4,2.35
clay,835,Guto Miguel,9,5-4,55.56%,60.99%,63.21%,20,3.82%,30,5.74%,13.10%,56.21%,70.07%,49.34%,56.78%,73.56%,6.01,2.34
clay,222,Guy Den Ouden,28,15-13,53.57%,58.95%,60.06%,69,3.63%,81,4.26%,11.38%,62.53%,64.31%,50.00%,56.42%,69.28%,6.48,2.66
clay,334,Hady Habib,13,6-7,46.15%,62.68%,61.80%,119,10.30%,57,4.94%,13.48%,63.38%,71.31%,47.75%,55.19%,79.39%,7,2.61
clay,73,Hamad Medjedovic,16,12-4,75.00%,64.17%,63.72%,97,7.49%,46,3.55%,10.85%,67.26%,71.53%,49.06%,55.03%,81.00%,6.47,2.32
clay,255,Harold Mayot,7,2-5,28.57%,56.81%,56.38%,24,5.11%,15,3.19%,8.38%,61.91%,64.95%,43.58%,47.56%,62.67%,6.27,2.71
clay,211,Henri Squire,45,25-20,55.56%,61.53%,63.40%,230,7.12%,228,7.06%,22.51%,68.65%,68.12%,47.09%,60.76%,76.21%,6.51,2.51
clay,125,Henrique Rocha,35,24-11,68.57%,61.82%,64.09%,74,2.93%,131,5.19%,13.37%,61.14%,69.13%,50.31%,58.07%,75.64%,6.47,2.47
clay,430,Henry Bernet,13,5-8,38.46%,62.16%,63.04%,53,5.31%,45,4.50%,10.44%,56.86%,68.66%,53.60%,59.84%,77.99%,6.28,2.38
clay,330,Hernan Casanova,31,17-14,54.84%,58.15%,58.53%,22,1.17%,28,1.49%,5.91%,74.76%,60.54%,51.05%,54.26%,68.67%,6.26,2.62
clay,72,Hubert Hurkacz,13,8-5,61.54%,67.06%,63.06%,165,14.81%,26,2.33%,5.79%,59.69%,76.24%,53.45%,56.74%,82.78%,6.19,2.04
clay,143,Hugo Dellien,48,31-17,64.58%,61.20%,60.68%,134,3.90%,57,1.66%,5.80%,71.42%,65.57%,50.31%,53.41%,75.85%,6.48,2.52
clay,96,Hugo Gaston,20,11-9,55.00%,58.77%,59.32%,45,2.94%,45,2.94%,6.18%,52.51%,65.09%,51.79%,55.20%,71.81%,6.75,2.78
clay,221,Hugo Grenier,6,3-3,50.00%,55.21%,53.17%,40,9.48%,19,4.50%,12.03%,62.56%,60.98%,45.57%,51.80%,60.00%,7.03,3.15
clay,263,Hynek Barton,37,20-17,54.05%,64.00%,63.37%,196,6.96%,85,3.02%,7.52%,59.85%,72.18%,51.81%,56.02%,80.49%,6.32,2.27
clay,36,Ignacio Buse,48,33-15,68.75%,62.45%,62.17%,175,4.70%,90,2.42%,6.26%,61.40%,68.81%,52.33%,55.83%,78.05%,6.49,2.44
clay,693,Ignacio Monzon,8,2-6,25.00%,52.87%,54.58%,2,0.38%,18,3.45%,12.77%,72.99%,56.96%,41.84%,47.97%,56.00%,6.96,3.28
clay,310,Igor Marcondes,19,9-10,47.37%,60.94%,60.97%,69,4.62%,45,3.01%,8.24%,63.48%,65.96%,52.20%,56.89%,75.00%,6.56,2.56
clay,297,Ilia Simakin,11,2-9,18.18%,60.24%,60.29%,49,5.80%,33,3.91%,10.06%,61.18%,66.34%,50.61%,56.27%,74.07%,6.26,2.49
clay,272,Inaki Montes-De La Torre,19,10-9,52.63%,57.00%,60.42%,33,2.58%,94,7.35%,17.77%,58.64%,64.13%,46.88%,57.01%,66.34%,6.33,2.72
clay,351,Ioannis Xilas,7,2-5,28.57%,53.19%,54.24%,7,1.49%,15,3.19%,10.27%,68.94%,56.79%,45.21%,50.38%,55.71%,6.71,3.14
clay,263,Ivan Gakhov,18,6-12,33.33%,54.99%,56.30%,53,3.86%,73,5.32%,13.08%,59.36%,62.82%,43.55%,50.10%,62.50%,6.87,3.09
clay,563,Ivan Ivanov,6,0-6,0.00%,49.71%,50.60%,4,1.16%,10,2.89%,9.26%,68.79%,50.84%,47.22%,52.04%,47.17%,6.53,3.28
clay,360,Ivan Marrero Curbelo,9,5-4,55.56%,58.30%,60.81%,4,0.81%,23,4.66%,14.11%,67.00%,61.63%,51.53%,60.00%,65.00%,6.17,2.58
clay,389,Jack Kennedy,9,7-2,77.78%,55.69%,57.12%,13,1.90%,27,3.94%,10.11%,61.08%,63.48%,43.45%,48.33%,63.21%,6.47,2.87
clay,485,Jack Loge,6,3-3,50.00%,55.87%,57.87%,5,0.89%,23,4.09%,10.80%,62.10%,61.89%,46.01%,51.58%,63.10%,6.69,2.95
clay,304,Jacopo Berrettini,6,2-4,33.33%,55.26%,54.83%,17,4.47%,11,2.89%,7.05%,58.95%,60.71%,47.44%,51.03%,62.71%,6.44,2.88
clay,362,Jacopo Vasami,19,10-9,52.63%,61.66%,62.90%,79,5.90%,73,5.46%,13.83%,60.54%,70.00%,48.86%,56.70%,76.77%,6.76,2.59
clay,79,Jaime Faria,43,25-18,58.14%,62.45%,63.49%,272,7.94%,213,6.22%,15.06%,58.74%,71.73%,49.22%,57.95%,77.55%,6.36,2.39
clay,16,Jakub Mensik,12,8-4,66.67%,64.45%,64.36%,95,8.42%,51,4.52%,11.14%,59.40%,76.72%,46.51%,52.33%,81.56%,6.3,2.24
clay,86,James Duckworth,14,10-4,71.43%,66.52%,66.36%,92,8.17%,44,3.91%,8.43%,53.64%,75.99%,55.56%,60.67%,86.14%,6.78,2.27
clay,573,Jamie Mackenzie,9,5-4,55.56%,63.80%,63.65%,43,6.60%,23,3.53%,8.58%,58.90%,74.48%,48.51%,53.06%,77.23%,6.46,2.34
clay,77,Jan Choinski,49,36-13,73.47%,64.89%,63.68%,258,7.28%,80,2.26%,6.16%,63.40%,70.95%,54.39%,57.96%,81.63%,6.27,2.2
clay,336,Jan Kumstat,21,18-3,85.71%,68.99%,67.53%,174,12.24%,53,3.73%,8.35%,55.34%,78.02%,57.80%,63.06%,88.79%,6.13,1.9
clay,43,Jan-Lennard Struff,12,5-7,41.67%,60.79%,59.68%,85,8.57%,39,3.93%,8.46%,53.53%,68.36%,52.06%,56.87%,73.15%,6.66,2.61
clay,1,Jannik Sinner,19,18-1,94.74%,70.82%,70.24%,94,7.97%,30,2.54%,6.51%,60.90%,77.16%,60.95%,65.20%,91.18%,5.78,1.69
clay,43,Jaume Munar,12,4-8,33.33%,57.55%,58.67%,20,2.40%,30,3.60%,9.49%,62.11%,63.90%,47.15%,52.10%,66.13%,6.73,2.85
clay,457,Javier Barranco Cosano,7,3-4,42.86%,54.92%,56.62%,11,2.64%,21,5.04%,13.29%,62.11%,60.62%,45.57%,52.55%,59.38%,6.52,2.94
clay,238,Jay Clarke,31,17-14,54.84%,60.16%,60.67%,94,3.96%,81,3.41%,8.15%,58.09%,68.65%,48.39%,52.68%,75.07%,6.8,2.71
clay,501,Jelle Sels,16,7-9,43.75%,55.98%,55.76%,47,4.36%,33,3.06%,8.40%,63.58%,60.93%,47.33%,51.67%,64.33%,6.87,3.03
clay,74,Jenson Brooksby,6,0-6,0.00%,54.08%,54.30%,5,1.10%,6,1.32%,4.51%,70.64%,58.12%,44.36%,46.46%,60.61%,6.86,3.15
clay,205,Jerome Kym,18,11-7,61.11%,67.08%,66.10%,143,10.35%,53,3.84%,9.40%,59.19%,76.77%,53.01%,58.51%,85.19%,6.4,2.11
clay,105,Jesper de Jong,24,15-9,62.50%,61.71%,61.83%,188,9.04%,120,5.77%,14.53%,60.27%,72.79%,44.92%,52.55%,77.19%,6.5,2.49
clay,14,Jiri Lehecka,10,6-4,60.00%,65.97%,63.54%,70,9.16%,11,1.44%,4.30%,66.49%,72.44%,53.12%,55.51%,85.00%,6.37,2.17
clay,443,Joao Eduardo Schiessl,19,6-13,31.58%,57.11%,57.41%,40,3.31%,36,2.98%,8.78%,66.12%,62.62%,46.34%,50.80%,65.79%,6.37,2.73
clay,26,Joao Fonseca,17,10-7,58.82%,66.20%,65.52%,73,4.61%,22,1.39%,4.32%,67.85%,70.39%,57.37%,59.96%,84.46%,6.31,2.13
clay,259,Joao Lucas Reis Da Silva,47,22-25,46.81%,61.15%,61.36%,102,3.00%,76,2.24%,6.62%,66.24%,66.79%,50.09%,53.64%,73.16%,6.43,2.5
clay,582,Joaquin Aguilar Cardozo,15,5-10,33.33%,55.55%,56.61%,15,1.37%,32,2.93%,8.29%,64.62%,60.00%,47.41%,51.69%,62.18%,6.99,3.11
clay,182,Joel Schwaerzler,31,16-15,51.61%,63.87%,63.86%,147,5.88%,83,3.32%,8.49%,60.91%,70.28%,53.89%,58.88%,80.97%,6.71,2.42
clay,560,Johan Alexander Rodriguez,8,4-4,50.00%,58.93%,58.70%,16,2.77%,9,1.56%,3.96%,60.66%,60.00%,57.27%,59.63%,72.41%,6.63,2.72
clay,412,Johan Nikles,9,4-5,44.44%,54.04%,55.95%,5,0.78%,26,4.04%,9.32%,56.68%,59.73%,46.59%,51.38%,59.57%,6.85,3.15
clay,314,Jonas Forejtek,21,8-13,38.10%,60.35%,60.39%,64,3.90%,43,2.62%,8.13%,67.78%,66.49%,47.45%,51.65%,74.90%,6.76,2.68
clay,801,Jozef Kovalik,5,1-4,20.00%,56.38%,58.47%,7,2.08%,17,5.04%,10.30%,51.04%,63.37%,49.09%,54.73%,62.50%,6.02,2.62
clay,266,Juan Bautista Torres,58,30-28,51.72%,55.93%,56.59%,61,1.41%,97,2.25%,7.26%,69.02%,60.46%,45.85%,49.44%,63.87%,6.84,3.01
clay,151,Juan Carlos Prado Angelo,51,30-21,58.82%,58.95%,59.69%,127,3.23%,135,3.43%,8.90%,61.44%,64.42%,50.23%,55.14%,72.15%,6.81,2.79
clay,405,Juan Cruz Martin Manzano,12,5-7,41.67%,55.34%,56.91%,38,4.51%,52,6.18%,16.25%,62.00%,61.49%,45.31%,54.10%,62.88%,6.38,2.85
clay,329,Juan Estevez,20,8-12,40.00%,58.23%,59.45%,23,1.62%,45,3.16%,10.27%,69.20%,63.41%,46.58%,51.91%,68.58%,6.29,2.63
clay,51,Juan Manuel Cerundolo,36,21-15,58.33%,62.43%,62.31%,168,5.84%,96,3.34%,8.41%,60.31%,69.43%,51.80%,56.56%,78.59%,6.55,2.46
clay,286,Juan Manuel La Serna,43,27-16,62.79%,58.65%,59.76%,77,2.55%,108,3.58%,10.77%,66.77%,62.88%,50.15%,56.20%,68.90%,6.52,2.7
clay,341,Juan Pablo Ficovich,18,7-11,38.89%,60.38%,59.92%,92,6.80%,51,3.77%,9.19%,58.98%,68.42%,48.83%,53.77%,74.88%,6.54,2.59
clay,274,Juan Pablo Varillas,55,31-24,56.36%,61.11%,60.44%,224,5.63%,103,2.59%,6.15%,57.94%,69.34%,49.76%,53.02%,75.63%,6.69,2.6
clay,562,Juan Sebastian Gomez,11,5-6,45.45%,54.79%,57.58%,17,2.14%,51,6.42%,20.16%,68.14%,59.89%,43.87%,54.95%,62.90%,6.4,2.9
clay,840,Juan Sebastian Osorio,5,2-3,40.00%,62.11%,61.92%,23,6.05%,13,3.42%,10.66%,67.89%,69.38%,46.72%,52.29%,73.33%,6.33,2.4
clay,132,Jurij Rodionov,17,8-9,47.06%,62.77%,62.28%,95,7.03%,47,3.48%,7.83%,55.59%,71.64%,51.67%,56.06%,78.82%,6.66,2.48
clay,190,Justin Engel,16,7-9,43.75%,60.24%,60.53%,68,4.89%,51,3.67%,9.71%,62.26%,68.36%,46.86%,51.90%,72.33%,6.75,2.68
clay,619,Kai Wehnelt,5,1-4,20.00%,58.65%,59.16%,20,5.41%,17,4.59%,11.41%,59.73%,67.87%,44.97%,50.76%,65.00%,6.17,2.55
clay,39,Karen Khachanov,13,7-6,53.85%,65.28%,63.89%,71,6.40%,16,1.44%,4.55%,68.26%,70.67%,53.69%,56.25%,81.25%,6.3,2.19
clay,209,Keegan Smith,6,4-2,66.67%,67.00%,65.05%,28,6.95%,3,0.74%,3.23%,76.92%,70.32%,55.91%,57.78%,79.69%,6.3,2.08
clay,242,Kilian Feldbausch,36,25-11,69.44%,59.20%,61.28%,26,1.08%,98,4.06%,14.26%,71.52%,63.42%,48.62%,56.71%,71.77%,6.48,2.65
clay,215,Kimmer Coppejans,36,23-13,63.89%,58.65%,60.47%,81,3.25%,128,5.14%,14.41%,64.35%,65.44%,46.40%,54.21%,69.45%,6.5,2.69
clay,121,Kyrian Jacquet,9,4-5,44.44%,57.90%,57.97%,32,4.60%,24,3.45%,8.51%,59.48%,63.29%,50.00%,54.65%,69.52%,6.63,2.79
clay,221,Laslo Djere,25,15-10,60.00%,61.94%,62.67%,75,4.33%,65,3.75%,9.25%,59.46%,68.38%,52.49%,57.84%,76.56%,6.35,2.42
clay,473,Laurent Lokoli,6,2-4,33.33%,57.43%,59.84%,3,0.76%,18,4.53%,12.59%,63.98%,64.96%,44.06%,50.40%,70.49%,6.51,2.77
clay,191,Lautaro Midon,49,27-22,55.10%,58.04%,57.74%,154,4.05%,93,2.44%,6.01%,59.33%,64.66%,48.39%,51.48%,67.53%,6.61,2.77
clay,12,Learner Tien,13,9-4,69.23%,61.35%,62.51%,52,4.88%,51,4.78%,13.21%,63.79%,67.35%,50.78%,58.51%,73.26%,6.2,2.4
clay,646,Leo Raquillet,5,2-3,40.00%,55.03%,57.58%,7,1.96%,21,5.87%,18.58%,68.44%,60.00%,44.25%,54.35%,63.16%,6.28,2.82
clay,199,Liam Broady,7,4-3,57.14%,59.00%,59.43%,11,2.30%,11,2.30%,7.38%,68.83%,64.74%,46.31%,50.00%,69.74%,6.29,2.58
clay,209,Liam Draxl,7,2-5,28.57%,57.27%,58.45%,21,3.82%,26,4.73%,14.36%,67.09%,66.12%,39.23%,45.81%,64.94%,7.14,3.05
clay,298,Lilian Marmousez,8,4-4,50.00%,58.06%,58.81%,23,3.71%,24,3.87%,9.23%,58.06%,65.83%,47.31%,52.12%,68.32%,6.14,2.57
clay,564,Lorenzo Angelini,5,2-3,40.00%,50.83%,52.80%,2,0.66%,13,4.32%,12.87%,66.45%,56.00%,40.59%,46.59%,50.00%,6.54,3.22
clay,481,Lorenzo Carboni,12,2-10,16.67%,56.39%,57.09%,20,2.44%,25,3.05%,7.91%,61.51%,61.19%,48.73%,52.92%,63.49%,6.52,2.84
clay,198,Lorenzo Giustino,41,24-17,58.54%,60.99%,61.96%,160,5.18%,147,4.76%,11.51%,58.62%,70.54%,47.45%,53.63%,76.17%,6.57,2.56
clay,454,Lorenzo Joaquin Rodriguez,21,7-14,33.33%,60.04%,61.04%,42,2.97%,50,3.54%,10.71%,66.97%,64.73%,50.54%,56.59%,73.81%,6.73,2.69
clay,15,Lorenzo Musetti,10,6-4,60.00%,61.86%,62.07%,24,3.49%,17,2.47%,7.46%,66.81%,67.10%,51.32%,55.45%,79.21%,6.8,2.59
clay,88,Lorenzo Sonego,10,3-7,30.00%,61.79%,61.35%,42,5.44%,21,2.72%,7.32%,62.82%,67.22%,52.61%,56.77%,72.58%,6.23,2.38
clay,173,Luca Nardi,7,3-4,42.86%,57.59%,59.33%,12,1.98%,26,4.29%,13.20%,67.49%,63.33%,45.69%,52.63%,67.78%,6.73,2.86
clay,521,Luca Staeheli,7,3-4,42.86%,55.21%,55.94%,27,5.21%,28,5.41%,12.90%,58.11%,65.78%,40.55%,46.56%,69.57%,7.51,3.36
clay,49,Luca Van Assche,30,23-7,76.67%,59.80%,61.39%,90,3.66%,120,4.88%,13.13%,62.82%,64.96%,51.09%,58.82%,72.87%,6.54,2.63
clay,810,Lucas Andrade Da Silva,6,3-3,50.00%,65.09%,65.10%,54,12.16%,29,6.53%,16.86%,61.26%,76.47%,47.09%,56.64%,81.16%,6.43,2.25
clay,20,Luciano Darderi,38,27-11,71.05%,63.51%,63.19%,174,6.13%,87,3.06%,7.02%,56.36%,71.56%,53.11%,57.12%,79.45%,6.48,2.37
clay,313,Luciano Emanuel Ambrogi,38,17-21,44.74%,59.19%,59.17%,96,3.52%,65,2.39%,6.21%,61.58%,64.78%,50.24%,53.56%,70.98%,6.53,2.67
clay,380,Lucio Ratti,13,6-7,46.15%,58.97%,60.30%,27,3.10%,37,4.25%,12.50%,65.98%,64.11%,48.99%,55.98%,70.45%,6.59,2.7
clay,195,Luka Mikrut,32,26-6,81.25%,65.00%,63.66%,180,7.76%,54,2.33%,5.46%,57.37%,73.85%,53.08%,56.15%,81.25%,6.3,2.21
clay,208,Luka Pavlovic,29,11-18,37.93%,60.79%,59.98%,237,10.95%,129,5.96%,12.86%,53.67%,72.81%,46.86%,53.78%,74.47%,6.58,2.58
clay,169,Lukas Neumayer,38,24-14,63.16%,60.81%,61.51%,68,2.54%,73,2.73%,7.72%,64.70%,65.13%,52.91%,57.34%,75.31%,6.61,2.59
clay,144,Mackenzie McDonald,6,2-4,33.33%,61.31%,61.11%,13,3.27%,7,1.76%,5.69%,69.10%,63.27%,56.91%,60.34%,73.77%,6.52,2.52
clay,231,Maks Kasnikowski,20,10-10,50.00%,63.81%,63.16%,57,4.11%,19,1.37%,3.70%,63.01%,70.94%,51.66%,53.64%,76.96%,6.03,2.18
clay,362,Manas Dhamne,16,8-8,50.00%,59.15%,60.46%,39,2.96%,54,4.10%,10.44%,60.74%,63.38%,52.61%,58.75%,70.05%,6.69,2.73
clay,297,Marc-Andrea Huesler,8,4-4,50.00%,65.09%,62.96%,65,11.40%,19,3.33%,8.02%,58.42%,75.38%,50.63%,55.05%,82.22%,6.33,2.21
clay,170,Marco Cecchinato,64,38-26,59.38%,63.29%,64.01%,170,3.63%,148,3.16%,8.93%,64.57%,67.98%,54.74%,60.11%,78.72%,6.38,2.34
clay,91,Marco Trungelliti,51,36-15,70.59%,62.84%,63.79%,188,4.78%,165,4.20%,11.07%,62.08%,69.45%,52.01%,58.49%,79.33%,6.6,2.45
clay,45,Marcos Giron,7,2-5,28.57%,63.77%,63.99%,21,3.38%,14,2.25%,6.01%,62.48%,68.56%,55.79%,59.36%,78.57%,6.34,2.3
clay,624,Mariano Kestelboim,9,2-7,22.22%,51.77%,52.71%,10,1.77%,19,3.37%,9.90%,65.96%,56.72%,42.19%,46.82%,55.42%,6.8,3.28
clay,44,Mariano Navone,40,26-14,65.00%,60.20%,61.33%,44,1.55%,80,2.82%,10.64%,73.47%,64.27%,48.94%,54.76%,72.73%,6.44,2.56
clay,80,Marin Cilic,9,3-6,33.33%,60.48%,60.71%,35,5.65%,25,4.03%,9.26%,56.45%,68.57%,50.00%,55.10%,76.84%,6.53,2.58
clay,346,Marko Topo,23,8-15,34.78%,60.01%,60.10%,103,5.88%,71,4.05%,10.27%,60.58%,65.16%,52.10%,58.06%,69.96%,6.42,2.57
clay,326,Martin Damm,7,3-4,42.86%,65.62%,65.86%,64,12.50%,35,6.84%,17.24%,60.35%,76.05%,49.75%,60.12%,80.52%,6.65,2.29
clay,261,Martin Krumich,30,16-14,53.33%,58.94%,59.61%,112,4.85%,102,4.41%,10.11%,56.34%,68.74%,46.28%,51.49%,70.00%,6.42,2.64
clay,67,Martin Landaluce,20,12-8,60.00%,61.90%,63.06%,62,3.47%,69,3.87%,11.20%,65.49%,68.18%,50.00%,56.31%,81.37%,6.79,2.59
clay,319,Marvin Moeller,19,13-6,68.42%,61.35%,61.64%,42,2.84%,33,2.23%,5.56%,59.93%,69.22%,49.58%,52.50%,76.44%,6.58,2.54
clay,257,Matej Dodig,29,16-13,55.17%,63.37%,61.68%,178,8.59%,54,2.61%,6.95%,62.50%,71.04%,50.58%,54.36%,78.61%,6.24,2.29
clay,545,Mateus Alves,12,3-9,25.00%,58.09%,56.71%,65,7.67%,29,3.42%,8.95%,61.75%,67.69%,42.59%,46.78%,69.05%,6.72,2.82
clay,277,Matheus Pucinelli De Almeida,40,24-16,60.00%,59.70%,61.37%,78,2.62%,130,4.37%,11.54%,62.09%,64.63%,51.64%,58.38%,70.87%,6.46,2.6
clay,359,Mathys Erhard,31,15-16,48.39%,61.63%,62.07%,79,3.77%,63,3.01%,8.63%,65.12%,69.85%,46.30%,50.67%,76.47%,6.48,2.49
clay,256,Matias Soto,43,25-18,58.14%,59.92%,61.04%,177,5.81%,169,5.54%,12.35%,55.13%,69.01%,48.76%,55.63%,72.51%,6.76,2.71
clay,34,Matteo Arnaldi,17,13-4,76.47%,62.50%,62.79%,88,5.12%,60,3.49%,8.68%,59.83%,70.07%,51.23%,56.10%,78.08%,6.62,2.48
clay,42,Matteo Berrettini,22,12-10,54.55%,66.78%,65.67%,128,7.52%,38,2.23%,6.24%,64.20%,74.45%,53.04%,56.57%,84.07%,6.3,2.09
clay,283,Matteo Martineau,14,5-9,35.71%,59.05%,60.55%,53,5.61%,58,6.14%,19.86%,69.10%,67.69%,39.73%,49.57%,70.14%,6.56,2.69
clay,81,Mattia Bellucci,14,7-7,50.00%,61.24%,61.97%,57,5.59%,47,4.61%,11.08%,58.39%,70.76%,47.88%,53.85%,76.43%,6.49,2.52
clay,704,Matyas Fuele,5,3-2,60.00%,57.80%,60.05%,10,2.44%,22,5.37%,13.66%,60.73%,64.66%,47.20%,54.68%,67.24%,7.07,2.98
clay,171,Max Alcala Gurri,31,21-10,67.74%,61.38%,63.45%,27,1.37%,80,4.05%,14.31%,71.67%,65.21%,51.70%,60.33%,73.19%,6.22,2.4
clay,866,Max Dahlin,6,3-3,50.00%,65.31%,64.68%,44,8.53%,19,3.68%,8.80%,58.14%,74.00%,53.24%,58.38%,84.15%,6.29,2.18
clay,332,Max Hans Rehberg,22,11-11,50.00%,65.52%,65.90%,49,3.31%,34,2.30%,6.91%,66.73%,69.40%,57.72%,62.01%,82.72%,6.09,2.1
clay,242,Max Houkes,27,13-14,48.15%,61.29%,61.03%,111,5.95%,63,3.38%,8.75%,61.39%,67.60%,51.25%,56.16%,74.30%,6.57,2.54
clay,312,Max Schoenhaus,15,6-9,40.00%,62.17%,61.80%,81,7.98%,44,4.33%,10.53%,58.82%,67.50%,54.55%,60.96%,75.15%,6.01,2.27
clay,554,Max Wiskandt,6,2-4,33.33%,57.79%,60.22%,9,2.26%,22,5.53%,17.46%,68.34%,63.97%,44.44%,53.85%,65.57%,6.52,2.75
clay,317,Maxim Mrva,38,19-19,50.00%,56.39%,58.02%,114,3.84%,166,5.59%,12.63%,55.71%,63.34%,47.64%,54.53%,65.92%,6.65,2.9
clay,488,Maxime Chazal,5,1-4,20.00%,56.89%,58.76%,5,1.28%,16,4.08%,11.51%,64.54%,64.43%,43.17%,48.78%,65.45%,7.13,3.07
clay,832,Maximilian Neuchrist,6,2-4,33.33%,65.36%,63.57%,50,10.31%,15,3.09%,8.62%,64.12%,72.67%,52.30%,57.23%,78.21%,6.22,2.15
clay,625,Maximo Zeitune,11,2-9,18.18%,57.98%,57.90%,29,3.80%,20,2.62%,8.58%,69.50%,63.28%,45.92%,50.23%,65.55%,6.42,2.7
clay,299,Mert Alkaya,7,4-3,57.14%,60.35%,59.47%,29,6.32%,13,2.83%,6.47%,56.21%,70.54%,47.26%,50.53%,71.83%,6.46,2.56
clay,339,Michael Geerts,5,2-3,40.00%,63.39%,62.04%,31,8.47%,11,3.01%,7.86%,61.75%,68.58%,55.00%,59.69%,78.57%,6.54,2.39
clay,181,Michael Mmoh,5,3-2,60.00%,63.82%,67.15%,31,9.12%,32,9.41%,23.88%,60.59%,77.67%,42.54%,55.88%,82.69%,6.54,2.37
clay,265,Michele Ribecai,24,11-13,45.83%,58.21%,59.39%,25,1.43%,52,2.96%,7.58%,60.89%,63.11%,50.58%,54.73%,70.57%,6.62,2.77
clay,300,Miguel Damas,40,17-23,42.50%,56.25%,57.88%,53,1.81%,121,4.13%,10.65%,61.20%,60.04%,50.26%,56.26%,63.19%,6.78,2.97
clay,473,Miguel Tobon,19,5-14,26.32%,56.87%,57.50%,75,5.29%,71,5.00%,11.74%,57.36%,64.50%,46.61%,52.81%,65.55%,6.79,2.93
clay,417,Mika Brunold,14,7-7,50.00%,59.02%,59.96%,24,2.34%,32,3.12%,8.96%,65.17%,63.47%,50.70%,55.69%,70.27%,6.93,2.84
clay,429,Mika Petkovic,7,1-6,14.29%,57.48%,58.56%,15,2.95%,20,3.94%,9.95%,60.43%,61.24%,51.74%,57.46%,66.25%,6.35,2.7
clay,352,Mili Poljicak,29,19-10,65.52%,62.21%,60.99%,145,7.32%,53,2.67%,6.42%,58.38%,70.96%,49.94%,53.37%,76.90%,6.27,2.37
clay,461,Milos Karol,6,2-4,33.33%,64.26%,63.32%,67,12.74%,31,5.89%,14.29%,58.75%,73.46%,51.15%,59.68%,82.72%,6.49,2.32
clay,66,Miomir Kecmanovic,15,8-7,53.33%,64.43%,64.90%,35,3.14%,27,2.42%,6.28%,61.47%,71.57%,53.02%,56.58%,78.45%,6.17,2.19
clay,364,Mitchell Krueger,7,3-4,42.86%,57.58%,58.32%,16,2.69%,19,3.20%,8.92%,64.14%,66.14%,42.25%,46.39%,69.66%,6.67,2.83
clay,194,Moez Echargui,9,1-8,11.11%,56.77%,55.86%,28,4.52%,12,1.94%,5.02%,61.45%,64.83%,43.93%,46.26%,66.33%,6.33,2.73
clay,212,Moise Kouame,8,2-6,25.00%,60.23%,61.59%,40,5.18%,42,5.44%,13.68%,60.23%,67.53%,49.19%,56.98%,74.55%,7.02,2.79
clay,328,Murkel Dellien,39,18-21,46.15%,56.21%,58.55%,51,1.94%,141,5.36%,14.24%,62.37%,63.32%,44.44%,51.83%,65.32%,6.66,2.92
clay,411,Nerman Fatic,20,9-11,45.00%,60.03%,59.15%,82,5.61%,35,2.40%,6.13%,60.92%,65.84%,50.96%,54.29%,71.62%,6.38,2.55
clay,273,Nick Hardt,20,13-7,65.00%,59.02%,61.74%,31,2.14%,83,5.74%,15.87%,63.86%,65.26%,47.99%,57.05%,71.03%,6.76,2.77
clay,152,Nicolai Budkov Kjaer,11,5-6,45.45%,60.24%,60.78%,22,3.36%,20,3.06%,9.05%,66.21%,66.51%,47.96%,52.74%,69.52%,6.23,2.48
clay,475,Nicolas Alvarez Varona,9,2-7,22.22%,55.89%,58.35%,26,4.14%,45,7.17%,19.40%,63.06%,65.40%,39.66%,49.20%,63.16%,6.61,2.92
clay,155,Nicolas Jarry,6,4-2,66.67%,70.32%,67.44%,48,11.97%,6,1.50%,5.88%,74.56%,74.92%,56.86%,60.42%,89.23%,6.17,1.83
clay,365,Nicolas Kicker,47,22-25,46.81%,58.46%,59.29%,48,1.52%,77,2.45%,8.05%,69.61%,63.69%,46.50%,50.57%,69.81%,6.6,2.74
clay,129,Nicolas Mejia,23,19-4,82.61%,65.48%,64.59%,136,8.34%,52,3.19%,7.37%,56.71%,73.19%,55.38%,59.79%,84.92%,6.47,2.23
clay,664,Nicolas Villalon,9,4-5,44.44%,58.40%,59.79%,16,2.28%,27,3.85%,9.78%,60.68%,63.15%,51.09%,56.63%,69.37%,6.32,2.63
clay,802,Nicolas Zanellato,5,1-4,20.00%,52.20%,52.86%,8,2.07%,12,3.10%,10.62%,70.80%,55.11%,45.13%,50.50%,55.74%,6.34,3.03
clay,526,Niels McDonald,16,7-9,43.75%,57.31%,59.59%,37,3.15%,70,5.95%,15.38%,61.31%,65.60%,44.18%,52.21%,68.02%,6.84,2.92
clay,439,Niels Visker,5,2-3,40.00%,63.16%,62.40%,29,10.18%,14,4.91%,12.61%,61.05%,71.84%,49.55%,56.70%,75.00%,5.94,2.19
clay,214,Nikolas Sanchez Izquierdo,56,30-26,53.57%,60.34%,61.55%,99,2.51%,139,3.52%,9.72%,63.79%,65.34%,51.54%,57.09%,72.12%,6.33,2.51
clay,133,Nikoloz Basilashvili,14,5-9,35.71%,59.39%,60.89%,92,7.85%,88,7.51%,15.20%,50.60%,75.38%,43.01%,50.71%,73.53%,6.89,2.8
clay,146,Nishesh Basavareddy,18,11-7,61.11%,61.34%,64.07%,47,3.35%,86,6.13%,14.33%,57.20%,69.70%,50.17%,58.56%,74.88%,6.52,2.52
clay,418,Norbert Gombos,25,11-14,44.00%,60.40%,60.50%,92,5.36%,63,3.67%,8.96%,59.06%,67.85%,49.64%,54.53%,72.76%,6.41,2.54
clay,47,Nuno Borges,20,9-11,45.00%,62.77%,61.80%,104,6.69%,40,2.57%,7.18%,64.18%,71.44%,47.22%,50.87%,80.33%,6.51,2.42
clay,337,Ognjen Milic,11,4-7,36.36%,56.34%,57.94%,33,3.80%,48,5.53%,10.84%,48.96%,66.35%,46.73%,52.41%,66.40%,6.94,3.03
clay,400,Oleg Prihodko,12,3-9,25.00%,59.79%,58.73%,60,7.12%,27,3.20%,8.33%,61.57%,66.86%,48.46%,52.86%,72.13%,6.91,2.78
clay,522,Oleksii Krutykh,7,2-5,28.57%,59.08%,60.05%,14,3.39%,16,3.87%,9.14%,57.63%,66.81%,48.57%,53.46%,72.73%,6.26,2.56
clay,407,Olle Wallin,10,5-5,50.00%,62.14%,61.29%,58,8.38%,27,3.90%,9.44%,58.67%,70.94%,49.65%,54.83%,78.90%,6.35,2.4
clay,342,Oriol Roca Batalla,16,5-11,31.25%,61.21%,60.98%,52,4.70%,29,2.62%,6.76%,61.21%,70.16%,47.09%,50.50%,73.03%,6.21,2.41
clay,114,Otto Virtanen,14,7-7,50.00%,63.93%,63.41%,86,9.29%,42,4.54%,10.77%,57.88%,72.57%,52.05%,58.33%,77.12%,6.05,2.18
clay,72,Pablo Carreno Busta,36,26-10,72.22%,63.13%,62.70%,104,3.83%,43,1.58%,5.04%,68.62%,67.51%,53.58%,56.42%,77.30%,6.11,2.25
clay,127,Pablo Llamas Ruiz,31,21-10,67.74%,62.07%,62.29%,48,2.13%,37,1.64%,5.89%,72.14%,66.17%,51.43%,54.65%,78.20%,6.55,2.49
clay,527,Paulo Andre Saraiva Dos Santos,15,5-10,33.33%,60.89%,61.65%,69,5.67%,58,4.77%,12.03%,60.39%,69.52%,47.72%,54.25%,72.97%,6.58,2.57
clay,243,Pavel Kotov,7,2-5,28.57%,57.80%,57.58%,23,4.60%,15,3.00%,8.29%,63.80%,62.38%,49.72%,54.22%,67.11%,6.58,2.78
clay,274,Pedro Boscardin Dias,47,22-25,46.81%,57.44%,58.24%,134,3.92%,143,4.19%,9.86%,57.52%,65.39%,46.66%,51.76%,66.73%,6.76,2.88
clay,148,Pedro Martinez,27,9-18,33.33%,57.81%,59.10%,20,1.09%,54,2.94%,8.77%,66.47%,62.82%,47.89%,52.49%,67.48%,6.42,2.71
clay,496,Pedro Sakamoto,20,5-15,25.00%,57.19%,57.06%,55,3.61%,38,2.50%,6.82%,63.43%,63.46%,46.32%,49.71%,67.69%,6.65,2.85
clay,524,Pedro Vives Marcos,5,1-4,20.00%,58.20%,58.48%,18,7.03%,14,5.47%,13.21%,58.59%,67.33%,45.28%,52.17%,67.50%,6.4,2.67
clay,787,Peter Bertran,5,2-3,40.00%,60.48%,64.72%,25,6.72%,38,10.22%,21.97%,53.49%,72.86%,46.24%,59.26%,74.07%,6.89,2.72
clay,567,Peter Fajta,5,3-2,60.00%,60.94%,62.84%,9,2.81%,15,4.69%,13.27%,64.69%,67.15%,49.56%,57.14%,77.55%,6.53,2.55
clay,285,Petr Bar Biryukov,7,2-5,28.57%,57.77%,58.08%,66,10.68%,51,8.25%,19.69%,58.09%,68.25%,43.24%,53.85%,68.97%,7.1,3
clay,331,Petr Brunclik,19,11-8,57.89%,62.43%,64.01%,92,7.04%,84,6.43%,16.31%,60.60%,69.82%,51.07%,61.02%,78.79%,6.6,2.48
clay,364,Petr Nesterov,13,9-4,69.23%,60.63%,61.16%,24,2.68%,23,2.57%,6.30%,59.17%,68.24%,49.59%,52.92%,75.00%,6.77,2.67
clay,298,Philip Henning,9,3-6,33.33%,56.82%,56.43%,37,5.61%,24,3.64%,10.17%,64.24%,61.32%,48.73%,54.25%,66.32%,6.95,3
clay,627,Pierluigi Basile,9,4-5,44.44%,59.39%,58.42%,45,6.22%,20,2.76%,6.13%,54.97%,68.34%,48.47%,51.63%,74.51%,7.1,2.88
clay,232,Pierre-Hugues Herbert,6,2-4,33.33%,62.30%,64.41%,43,7.72%,42,7.54%,19.81%,61.94%,74.20%,42.92%,53.53%,80.25%,6.88,2.59
clay,446,Pietro Fellin,5,1-4,20.00%,57.65%,57.31%,17,6.05%,11,3.91%,10.89%,64.06%,66.67%,41.58%,46.67%,68.09%,5.98,2.53
clay,222,Pol Martin Tiffon,30,14-16,46.67%,59.53%,60.49%,66,3.11%,77,3.62%,9.25%,60.85%,64.42%,51.92%,57.22%,72.19%,6.64,2.69
clay,57,Quentin Halys,16,12-4,75.00%,69.63%,68.45%,153,12.26%,49,3.93%,9.78%,59.86%,77.51%,57.88%,64.16%,88.38%,6.3,1.91
clay,507,Radu Albot,13,6-7,46.15%,55.50%,58.33%,13,1.32%,57,5.80%,16.15%,64.05%,61.05%,45.61%,54.39%,61.22%,6.68,2.97
clay,352,Radu Mihai Papoe,11,6-5,54.55%,54.02%,54.53%,7,0.80%,14,1.61%,5.24%,69.31%,56.05%,49.44%,52.17%,59.54%,6.64,3.05
clay,11,Rafael Jodar,23,19-4,82.61%,64.71%,64.56%,95,5.25%,48,2.65%,7.59%,65.04%,69.98%,54.91%,59.42%,83.16%,6.34,2.24
clay,38,Raphael Collignon,27,21-6,77.78%,67.40%,68.35%,160,7.96%,102,5.08%,14.61%,65.26%,75.97%,51.29%,60.07%,85.22%,6.32,2.06
clay,345,Raphael Perot,6,2-4,33.33%,56.28%,57.27%,9,2.46%,13,3.55%,10.08%,64.75%,62.03%,45.74%,50.86%,65.45%,6.65,2.91
clay,237,Raul Brancaccio,34,19-15,55.88%,60.16%,60.68%,94,3.81%,82,3.33%,8.67%,61.62%,65.96%,50.85%,55.67%,73.54%,6.52,2.6
clay,535,Reda Bennani,5,2-3,40.00%,63.95%,65.37%,6,1.48%,12,2.96%,10.17%,70.86%,67.25%,55.93%,62.26%,79.03%,6.53,2.35
clay,165,Rei Sakamoto,6,3-3,50.00%,61.18%,59.69%,29,6.82%,9,2.12%,6.12%,65.41%,69.78%,44.90%,47.83%,78.12%,6.64,2.58
clay,182,Remy Bertola,19,9-10,47.37%,59.04%,60.26%,78,5.53%,80,5.67%,14.01%,59.53%,67.14%,47.11%,54.79%,72.73%,6.75,2.77
clay,95,Rinky Hijikata,9,3-6,33.33%,60.10%,59.86%,33,4.22%,19,2.43%,5.96%,59.21%,68.68%,47.65%,50.67%,75.65%,6.8,2.71
clay,183,Roberto Bautista Agut,11,3-8,27.27%,59.57%,60.78%,14,1.86%,24,3.19%,9.56%,66.62%,65.67%,47.41%,52.42%,69.49%,6.37,2.58
clay,176,Roberto Carballes Baena,34,18-16,52.94%,60.96%,61.62%,71,3.03%,69,2.94%,9.10%,67.66%,66.90%,48.55%,53.41%,73.71%,6.35,2.48
clay,293,Rodrigo Pacheco Mendez,21,9-12,42.86%,63.95%,65.15%,78,5.25%,69,4.64%,11.62%,60.05%,70.77%,53.70%,60.76%,79.58%,6.2,2.23
clay,56,Roman Andres Burruchaga,64,45-19,70.31%,60.91%,62.54%,145,3.14%,207,4.49%,11.84%,62.10%,67.77%,49.66%,56.33%,74.61%,6.5,2.54
clay,102,Roman Safiullin,19,15-4,78.95%,63.37%,63.94%,77,5.08%,57,3.76%,10.52%,64.22%,70.30%,50.92%,56.91%,79.15%,6.45,2.36
clay,488,Rudolf Molleker,14,6-8,42.86%,60.85%,61.27%,68,6.59%,50,4.84%,12.50%,61.24%,69.46%,47.25%,54.00%,73.89%,6.57,2.57
clay,594,Ryan Dickerson,9,3-6,33.33%,55.59%,59.25%,16,2.67%,48,8.01%,19.67%,59.27%,67.32%,38.52%,47.96%,64.04%,6.73,2.99
clay,504,Ryan Nijboer,11,4-7,36.36%,60.33%,61.25%,25,3.71%,26,3.86%,9.03%,57.21%,66.49%,52.08%,57.25%,73.79%,6.53,2.59
clay,750,Ryan Seggerman,6,4-2,66.67%,65.28%,62.50%,59,11.71%,13,2.58%,7.18%,64.09%,72.76%,51.93%,55.95%,83.12%,6.55,2.27
clay,659,Saba Purtseladze,9,2-7,22.22%,54.91%,59.15%,38,5.83%,73,11.20%,21.53%,48.01%,70.29%,40.71%,51.88%,65.22%,7.09,3.2
clay,656,Samuel Alejandro Linde Palacios,9,1-8,11.11%,48.96%,50.55%,9,1.56%,27,4.67%,13.24%,64.71%,55.61%,36.76%,42.37%,45.68%,7.14,3.64
clay,727,Samuel Heredia,10,3-7,30.00%,58.53%,61.51%,38,4.80%,62,7.84%,18.02%,56.51%,69.57%,44.19%,53.90%,71.93%,6.94,2.88
clay,386,Samuele Pieri,15,4-11,26.67%,57.98%,58.55%,29,2.49%,32,2.74%,7.36%,62.69%,60.88%,53.10%,57.32%,68.39%,6.7,2.82
clay,289,Sandro Kopp,31,15-16,48.39%,60.61%,60.98%,67,2.82%,57,2.40%,7.52%,68.07%,65.90%,49.34%,53.35%,75.42%,6.63,2.61
clay,625,Santiago De La Fuente,10,1-9,10.00%,49.87%,50.46%,8,1.03%,17,2.18%,8.37%,73.97%,55.63%,33.50%,36.56%,50.45%,7.03,3.52
clay,384,Santiago Rodriguez Taverna,36,14-22,38.89%,61.28%,60.98%,151,5.46%,83,3.00%,7.72%,61.14%,67.18%,52.00%,56.35%,76.11%,6.48,2.51
clay,313,Sascha Gueymard Wayenburg,21,8-13,38.10%,59.18%,59.57%,100,6.51%,78,5.08%,12.83%,60.42%,67.89%,45.89%,52.64%,71.12%,6.62,2.7
clay,301,Sean Cuenin,7,2-5,28.57%,60.59%,62.94%,16,3.39%,27,5.72%,14.21%,59.75%,66.31%,52.11%,60.74%,73.61%,6.56,2.58
clay,48,Sebastian Baez,31,17-14,54.84%,59.94%,60.91%,46,2.13%,64,2.96%,9.57%,69.01%,64.30%,50.22%,55.54%,71.25%,6.6,2.65
clay,516,Sebastian Gima,9,2-7,22.22%,55.54%,57.12%,12,2.08%,25,4.33%,11.57%,62.63%,62.15%,44.44%,50.26%,64.77%,6.57,2.92
clay,126,Sebastian Ofner,25,13-12,52.00%,64.12%,64.04%,150,8.18%,82,4.47%,9.66%,53.71%,75.03%,51.47%,56.98%,81.52%,6.64,2.38
clay,479,Sebastian Sorger,5,2-3,40.00%,57.21%,58.29%,12,2.99%,16,3.98%,12.80%,68.91%,60.65%,49.60%,56.88%,66.67%,7.05,3.02
clay,305,Sergey Fomin,11,6-5,54.55%,56.42%,57.79%,32,3.67%,44,5.05%,12.50%,59.63%,61.15%,49.43%,56.49%,65.62%,6.81,2.97
clay,452,Sergio Callejon Hernando,6,3-3,50.00%,56.28%,57.76%,6,1.45%,15,3.62%,9.87%,63.29%,60.69%,48.68%,54.01%,62.50%,6.47,2.83
clay,124,Stan Wawrinka,11,2-9,18.18%,62.39%,61.14%,70,7.35%,25,2.63%,5.69%,53.89%,72.32%,50.80%,53.86%,77.70%,6.43,2.42
clay,261,Stefan Dostanic,13,7-6,53.85%,61.02%,60.96%,45,5.08%,28,3.16%,9.40%,66.33%,66.61%,50.00%,55.19%,73.91%,6.41,2.5
clay,295,Stefan Kozlov,9,4-5,44.44%,58.83%,60.17%,17,2.76%,25,4.05%,9.80%,58.67%,64.09%,51.37%,56.96%,69.15%,6.56,2.7
clay,411,Stefan Palosi,19,9-10,47.37%,56.53%,57.36%,22,1.63%,36,2.67%,8.59%,68.92%,60.71%,47.26%,51.70%,64.53%,6.64,2.89
clay,229,Stefano Napolitano,27,18-9,66.67%,64.98%,64.18%,113,6.35%,41,2.30%,6.09%,62.17%,71.16%,54.83%,58.39%,79.30%,6.24,2.19
clay,140,Stefano Travaglia,37,20-17,54.05%,60.85%,59.67%,159,6.10%,56,2.15%,5.38%,60.08%,67.71%,50.53%,53.40%,73.09%,6.44,2.52
clay,155,Stefanos Sakellaridis,17,11-6,64.71%,63.37%,62.04%,103,7.84%,35,2.67%,6.43%,58.57%,72.17%,50.92%,54.42%,80.00%,6.4,2.35
clay,49,Stefanos Tsitsipas,16,10-6,62.50%,68.46%,67.72%,95,7.31%,31,2.38%,6.43%,62.92%,76.41%,54.98%,58.76%,88.94%,6.25,1.97
clay,235,Sumit Nagal,35,20-15,57.14%,59.16%,60.65%,36,1.46%,84,3.40%,11.80%,71.15%,62.36%,51.26%,58.12%,70.03%,6.38,2.6
clay,584,Svyatoslav Gulin,9,2-7,22.22%,56.59%,56.64%,24,3.72%,19,2.95%,7.88%,62.64%,61.88%,47.72%,51.80%,63.73%,6.32,2.75
clay,69,Tallon Griekspoor,10,3-7,30.00%,60.53%,61.34%,51,6.17%,43,5.21%,12.50%,58.35%,68.67%,49.13%,56.15%,74.40%,6.61,2.61
clay,183,Taro Daniel,16,11-5,68.75%,61.06%,60.64%,44,4.02%,21,1.92%,5.26%,63.53%,63.31%,57.14%,60.32%,77.33%,6.36,2.48
clay,45,Terence Atmane,11,4-7,36.36%,66.25%,65.40%,67,7.59%,24,2.72%,7.38%,63.19%,74.19%,52.62%,56.81%,81.69%,6.22,2.1
clay,50,Thiago Agustin Tirante,40,25-15,62.50%,66.09%,64.88%,265,9.06%,89,3.04%,7.52%,59.56%,73.65%,54.95%,59.41%,82.39%,6.13,2.08
clay,687,Thiago Cigarran,9,3-6,33.33%,54.63%,56.23%,23,3.43%,37,5.52%,14.74%,62.54%,62.53%,41.43%,48.60%,61.86%,6.91,3.13
clay,276,Thiago Monteiro,40,21-19,52.50%,63.74%,63.34%,158,5.52%,73,2.55%,7.07%,63.92%,70.77%,51.31%,55.21%,79.41%,6.48,2.35
clay,206,Thiago Seyboth Wild,34,20-14,58.82%,63.24%,62.70%,166,6.96%,78,3.27%,8.72%,62.53%,69.57%,52.68%,57.72%,78.28%,6.4,2.35
clay,323,Thomas Faurel,17,4-13,23.53%,59.96%,60.47%,42,3.07%,39,2.86%,8.76%,67.42%,63.30%,53.03%,58.13%,73.17%,6.66,2.67
clay,389,Tiago Pereira,18,3-15,16.67%,54.22%,54.07%,31,2.49%,23,1.85%,4.66%,60.32%,62.05%,42.31%,44.37%,57.53%,6.69,3.06
clay,427,Tiago Torres,5,2-3,40.00%,52.33%,55.63%,17,4.94%,34,9.88%,20.24%,51.16%,69.89%,33.93%,42.54%,59.57%,7.32,3.49
clay,496,Tibo Colson,5,3-2,60.00%,65.03%,64.69%,66,17.10%,34,8.81%,18.99%,53.63%,80.68%,46.93%,57.93%,80.00%,6.43,2.25
clay,147,Timofey Skatov,30,12-18,40.00%,56.93%,58.17%,59,2.76%,88,4.12%,10.84%,61.99%,63.07%,46.92%,52.62%,65.20%,6.7,2.88
clay,111,Titouan Droguet,25,16-9,64.00%,64.24%,63.68%,129,7.29%,58,3.28%,8.37%,60.85%,73.72%,49.49%,54.02%,80.14%,6.39,2.29
clay,112,Toby Samuel,14,9-5,64.29%,62.89%,63.00%,48,4.45%,30,2.78%,8.36%,66.70%,66.62%,55.43%,60.49%,77.71%,6.49,2.41
clay,185,Tom Gentzsch,36,24-12,66.67%,63.93%,64.72%,192,7.47%,136,5.29%,14.50%,63.50%,73.41%,47.44%,55.49%,80.40%,6.38,2.3
clay,145,Tomas Barrios Vera,44,27-17,61.36%,60.66%,60.89%,109,3.44%,82,2.59%,7.27%,64.36%,65.24%,52.39%,56.50%,74.95%,6.55,2.58
clay,62,Tomas Machac,11,6-5,54.55%,60.86%,61.50%,36,3.97%,32,3.53%,9.55%,63.07%,67.48%,49.55%,54.79%,73.61%,6.3,2.47
clay,31,Tomas Martin Etcheverry,28,18-10,64.29%,65.08%,64.72%,128,6.08%,58,2.76%,7.81%,64.70%,71.73%,52.89%,57.37%,80.41%,6.15,2.15
clay,558,Tomasz Berkieta,6,1-5,16.67%,57.96%,61.13%,16,3.98%,31,7.71%,16.32%,52.74%,70.75%,43.68%,52.20%,70.49%,6.59,2.77
clay,358,Tommaso Compagnucci,17,9-8,52.94%,60.94%,60.51%,51,4.34%,25,2.13%,6.25%,65.96%,66.84%,49.50%,52.80%,75.41%,6.42,2.51
clay,24,Tommy Paul,16,12-4,75.00%,63.19%,62.94%,73,4.88%,37,2.47%,6.39%,61.32%,69.83%,52.68%,56.27%,79.73%,6.74,2.48
clay,168,Tristan Boyer,20,13-7,65.00%,60.44%,60.42%,48,3.00%,31,1.94%,5.64%,65.62%,64.57%,52.55%,55.68%,72.31%,6.61,2.62
clay,604,Tristan McCormick,5,2-3,40.00%,61.19%,61.76%,19,5.38%,15,4.25%,10.71%,60.34%,69.95%,47.86%,53.60%,73.58%,6.66,2.58
clay,187,Tristan Schoolkate,9,6-3,66.67%,64.43%,65.54%,51,7.14%,39,5.46%,15.42%,64.57%,72.23%,50.20%,59.35%,80.00%,6.49,2.31
clay,320,Tyler Zink,6,3-3,50.00%,59.77%,58.72%,21,4.83%,7,1.61%,3.47%,53.56%,65.67%,52.97%,54.87%,71.64%,6.49,2.61
clay,190,Ugo Blanchet,5,1-4,20.00%,57.53%,56.51%,23,6.18%,11,2.96%,6.08%,51.34%,70.16%,44.20%,47.06%,68.52%,6.89,2.93
clay,30,Ugo Humbert,10,5-5,50.00%,62.76%,63.20%,69,8.34%,46,5.56%,12.30%,54.78%,73.29%,50.00%,57.01%,78.40%,6.62,2.46
clay,78,Valentin Royer,24,13-11,54.17%,61.05%,60.06%,98,5.52%,36,2.03%,5.26%,61.44%,67.06%,51.46%,54.32%,75.28%,6.55,2.55
clay,19,Valentin Vacherot,10,6-4,60.00%,66.48%,66.17%,71,7.75%,32,3.49%,9.64%,63.76%,74.14%,53.01%,58.67%,84.62%,6.41,2.15
clay,428,Valerio Aboian,26,12-14,46.15%,56.25%,54.94%,139,7.40%,69,3.67%,8.29%,55.72%,65.81%,44.23%,48.23%,64.73%,6.83,2.99
clay,120,Vilius Gaubas,44,22-22,50.00%,59.40%,59.71%,113,3.13%,95,2.63%,7.93%,66.80%,63.94%,50.25%,54.58%,74.31%,6.67,2.71
clay,71,Vit Kopriva,40,22-18,55.00%,59.97%,61.00%,116,4.01%,123,4.25%,11.88%,64.22%,66.79%,47.73%,54.17%,73.27%,6.44,2.58
clay,189,Vitaliy Sachko,30,16-14,53.33%,60.45%,60.70%,103,4.48%,76,3.30%,8.57%,61.45%,66.41%,50.96%,55.73%,73.74%,6.43,2.54
clay,530,Vladyslav Orlov,6,0-6,0.00%,54.18%,57.22%,9,2.15%,29,6.92%,14.43%,52.03%,60.55%,47.26%,55.23%,57.14%,5.99,2.74
clay,801,Wilson Leite,5,1-4,20.00%,52.45%,52.35%,5,1.75%,4,1.40%,3.60%,61.19%,58.86%,42.34%,43.93%,54.35%,6.22,2.96
clay,55,Yannick Hanfmann,23,14-9,60.87%,68.05%,66.34%,173,9.99%,43,2.48%,6.46%,61.53%,75.21%,56.61%,60.51%,86.33%,6.23,1.99
clay,928,Yannick Theodor Alexandrescou,7,3-4,42.86%,56.01%,58.46%,6,1.06%,28,4.95%,14.51%,65.90%,62.47%,43.52%,50.91%,67.47%,6.82,3
clay,106,Yibing Wu,11,8-3,72.73%,64.04%,64.61%,38,4.60%,28,3.39%,7.33%,53.75%,69.14%,58.12%,62.71%,80.00%,6.12,2.2
clay,241,Yu Hsiou Hsu,5,3-2,60.00%,58.61%,59.59%,6,1.67%,10,2.78%,9.62%,71.11%,60.55%,53.85%,59.57%,69.64%,6.43,2.66
clay,84,Zachary Svajda,8,4-4,50.00%,62.83%,61.21%,63,7.96%,19,2.40%,6.07%,60.43%,70.29%,51.44%,54.76%,76.98%,6.28,2.33
clay,154,Zdenek Kolar,58,31-27,53.45%,60.45%,62.55%,122,3.03%,208,5.17%,14.26%,63.73%,66.38%,50.03%,58.35%,73.88%,6.45,2.55
clay,156,Zhizhen Zhang,7,1-6,14.29%,59.14%,57.11%,44,8.21%,14,2.61%,6.86%,61.94%,68.37%,44.12%,47.37%,71.25%,6.7,2.74
clay,34,Zizou Bergs,14,7-7,50.00%,62.58%,63.30%,81,8.42%,58,6.03%,14.32%,57.90%,71.81%,49.88%,58.21%,76.77%,6.21,2.32
clay,123,Zsombor Piros,36,26-10,72.22%,63.53%,63.26%,141,5.62%,71,2.83%,6.77%,58.19%,68.15%,57.10%,61.25%,80.73%,6.53,2.38
grass,98,Adam Walton,8,5-3,62.50%,65.42%,64.13%,47,7.67%,14,2.28%,5.91%,61.34%,72.34%,54.43%,57.85%,79.21%,6.07,2.1
grass,52,Adrian Mannarino,11,6-5,54.55%,63.39%,63.40%,43,5.28%,25,3.07%,7.74%,60.32%,69.25%,54.49%,59.06%,74.24%,6.17,2.26
grass,264,Alastair Gray,5,3-2,60.00%,66.43%,66.80%,25,8.74%,14,4.90%,13.33%,63.29%,71.82%,57.14%,65.93%,81.25%,5.96,2
grass,20,Alejandro Davidovich Fokina,12,9-3,75.00%,69.75%,68.93%,67,7.11%,19,2.02%,6.35%,68.26%,73.09%,62.54%,66.79%,87.90%,6,1.82
grass,41,Alex Michelsen,5,3-2,60.00%,63.10%,64.83%,25,6.36%,24,6.11%,17.02%,64.12%,68.25%,53.90%,64.96%,78.69%,6.44,2.38
grass,8,Alex de Minaur,11,8-3,72.73%,64.69%,65.51%,44,5.13%,34,3.96%,9.39%,57.81%,71.37%,55.52%,61.28%,81.20%,6.45,2.28
grass,11,Alexander Bublik,8,5-3,62.50%,71.93%,68.25%,149,19.45%,28,3.66%,11.72%,68.80%,81.97%,49.79%,56.40%,88.46%,5.89,1.65
grass,3,Alexander Zverev,11,9-2,81.82%,74.56%,72.18%,153,14.85%,25,2.43%,9.54%,74.56%,79.17%,61.07%,67.51%,93.79%,5.82,1.48
grass,175,Alexis Galarneau,8,5-3,62.50%,63.33%,64.60%,41,5.94%,36,5.22%,12.00%,56.52%,71.54%,52.67%,59.85%,75.00%,6.39,2.34
grass,37,Arthur Fery,15,11-4,73.33%,64.97%,64.08%,84,5.79%,27,1.86%,5.24%,64.48%,70.91%,54.17%,57.17%,82.76%,6.25,2.19
grass,127,Arthur Gea,7,4-3,57.14%,65.40%,66.07%,45,7.79%,29,5.02%,12.83%,60.90%,73.01%,53.54%,61.42%,81.11%,6.42,2.22
grass,28,Arthur Rinderknech,5,2-3,40.00%,74.47%,70.50%,103,19.92%,14,2.71%,7.57%,64.22%,82.23%,60.54%,65.50%,93.18%,5.88,1.5
grass,227,August Holmgren,5,2-3,40.00%,64.44%,64.24%,27,8.21%,14,4.26%,12.07%,64.74%,69.01%,56.03%,63.73%,78.43%,6.45,2.29
grass,6,Ben Shelton,8,6-2,75.00%,71.11%,69.89%,109,12.75%,32,3.74%,12.60%,70.29%,76.54%,58.27%,66.67%,92.59%,6.33,1.83
grass,103,Benjamin Bonzi,7,4-3,57.14%,65.89%,64.21%,35,6.78%,6,1.16%,3.77%,69.19%,72.55%,50.94%,52.94%,80.68%,5.86,2
grass,155,Billy Harris,8,4-4,50.00%,64.97%,63.93%,64,8.59%,24,3.22%,9.41%,65.77%,70.00%,55.29%,61.04%,81.74%,6.48,2.27
grass,22,Brandon Nakashima,6,4-2,66.67%,68.30%,65.38%,67,11.73%,10,1.75%,5.92%,70.40%,76.87%,47.93%,50.94%,87.78%,6.34,2.01
grass,129,Christopher O'Connell,7,5-2,71.43%,69.77%,66.21%,68,13.18%,7,1.36%,3.54%,61.63%,77.67%,57.07%,59.16%,88.10%,6.14,1.86
grass,202,Clement Chidekh,8,4-4,50.00%,63.87%,66.61%,15,2.52%,32,5.38%,13.85%,61.18%,71.98%,51.08%,59.30%,78.35%,6.13,2.22
grass,69,Corentin Moutet,5,1-4,20.00%,62.56%,62.50%,19,4.50%,11,2.61%,7.28%,64.22%,68.63%,51.66%,55.71%,76.47%,6.21,2.32
grass,122,Dane Sweeny,6,3-3,50.00%,62.78%,63.49%,14,2.63%,14,2.63%,8.19%,67.86%,65.93%,56.14%,61.15%,81.82%,6.91,2.57
grass,65,Daniel Altmaier,8,4-4,50.00%,65.44%,63.26%,92,13.53%,30,4.41%,12.88%,65.74%,75.17%,46.78%,53.69%,84.62%,6.54,2.26
grass,7,Daniil Medvedev,9,6-3,66.67%,65.74%,65.35%,82,10.85%,39,5.16%,15.85%,67.46%,72.94%,50.81%,60.39%,84.43%,6.2,2.12
grass,221,Darwin Blanch,7,4-3,57.14%,62.40%,61.88%,51,7.96%,26,4.06%,10.57%,61.62%,71.14%,48.37%,54.09%,78.95%,6.75,2.54
grass,47,Ethan Quinn,9,6-3,66.67%,67.45%,68.31%,88,12.09%,50,6.87%,21.74%,68.41%,76.71%,47.39%,60.56%,85.25%,5.97,1.94
grass,63,Fabian Marozsan,9,5-4,55.56%,64.60%,63.31%,60,8.26%,20,2.75%,8.62%,68.04%,72.67%,47.41%,51.89%,81.82%,6.6,2.34
grass,29,Felix Auger-Aliassime,10,7-3,70.00%,71.36%,68.33%,164,16.14%,31,3.05%,9.42%,67.62%,81.95%,49.24%,54.36%,94.38%,6.35,1.82
grass,218,Felix Gill,10,4-6,40.00%,63.61%,61.75%,61,6.83%,11,1.23%,3.59%,65.73%,70.19%,50.98%,52.88%,82.71%,6.71,2.44
grass,303,Filippo Romano,8,5-3,62.50%,62.48%,62.06%,51,6.67%,26,3.40%,9.15%,62.88%,70.27%,49.30%,54.26%,80.73%,7.02,2.63
grass,10,Flavio Cobolli,6,4-2,66.67%,61.19%,59.37%,58,8.22%,18,2.55%,7.38%,65.44%,69.70%,45.08%,48.67%,77.45%,6.92,2.69
grass,23,Frances Tiafoe,11,9-2,81.82%,70.33%,70.12%,75,7.49%,29,2.90%,8.22%,64.74%,76.54%,58.92%,64.20%,91.72%,6.38,1.89
grass,25,Francisco Cerundolo,6,5-1,83.33%,60.88%,62.33%,26,4.56%,29,5.09%,11.89%,57.19%,69.33%,49.59%,56.28%,78.31%,6.87,2.69
grass,87,Gabriel Diallo,7,3-4,42.86%,64.58%,63.17%,69,8.98%,23,2.99%,10.09%,70.31%,71.85%,47.37%,52.68%,81.74%,6.68,2.37
grass,91,Giovanni Mpetshi Perricard,5,2-3,40.00%,69.78%,63.35%,109,21.67%,12,2.39%,9.09%,73.76%,75.47%,53.79%,59.17%,89.87%,6.37,1.92
grass,138,Grigor Dimitrov,10,7-3,70.00%,69.56%,69.94%,96,11.24%,46,5.39%,14.98%,64.05%,77.70%,55.05%,64.75%,86.99%,5.85,1.78
grass,201,Harry Wendelken,5,1-4,20.00%,60.32%,62.01%,13,2.95%,20,4.54%,10.64%,57.37%,69.57%,47.87%,53.57%,75.00%,6.89,2.73
grass,217,Henry Searle,10,10-0,100.00%,71.91%,71.47%,71,9.97%,24,3.37%,8.79%,61.66%,79.95%,58.97%,64.66%,96.52%,6.19,1.74
grass,72,Hubert Hurkacz,7,4-3,57.14%,69.99%,66.45%,127,16.87%,24,3.19%,9.38%,66.00%,80.48%,49.61%,54.74%,92.56%,6.22,1.87
grass,36,Ignacio Buse,6,3-3,50.00%,62.79%,63.00%,16,3.33%,11,2.29%,6.47%,64.66%,69.13%,51.18%,54.72%,70.51%,6.17,2.29
grass,172,Jack Pinnington Jones,7,2-5,28.57%,61.66%,62.78%,41,6.29%,36,5.52%,16.07%,65.64%,71.73%,42.41%,50.53%,77.78%,6.59,2.53
grass,110,Jacob Fearnley,15,11-4,73.33%,62.69%,65.19%,74,5.73%,89,6.89%,18.82%,63.39%,72.16%,46.30%,57.03%,77.18%,6.27,2.34
grass,77,Jan Choinski,5,3-2,60.00%,65.03%,61.75%,53,12.35%,10,2.33%,6.71%,65.27%,75.00%,46.31%,49.64%,84.06%,6.22,2.17
grass,43,Jan-Lennard Struff,9,6-3,66.67%,67.00%,64.44%,157,14.27%,43,3.91%,9.98%,60.82%,79.67%,47.33%,52.58%,87.65%,6.47,2.14
grass,1,Jannik Sinner,7,7-0,100.00%,74.33%,71.02%,125,17.63%,18,2.54%,7.56%,66.43%,83.86%,55.46%,60.00%,95.00%,5.91,1.52
grass,43,Jaume Munar,5,2-3,40.00%,66.51%,65.19%,46,10.85%,16,3.77%,10.60%,64.39%,80.22%,41.72%,46.67%,84.62%,6.52,2.18
grass,74,Jenson Brooksby,8,4-4,50.00%,63.29%,61.92%,34,5.83%,8,1.37%,4.40%,68.78%,68.58%,51.65%,54.02%,75.79%,6.14,2.25
grass,14,Jiri Lehecka,9,6-3,66.67%,70.25%,67.20%,120,13.42%,18,2.01%,5.75%,64.99%,78.49%,54.95%,58.31%,92.86%,6.39,1.9
grass,132,Jurij Rodionov,5,4-1,80.00%,67.33%,67.68%,24,8.00%,13,4.33%,13.40%,67.67%,72.91%,55.67%,64.29%,87.50%,6.25,2.04
grass,68,Kamil Majchrzak,12,9-3,75.00%,68.82%,67.03%,81,8.04%,13,1.29%,4.09%,68.42%,74.02%,57.55%,60.00%,87.50%,6.29,1.96
grass,121,Kyrian Jacquet,7,4-3,57.14%,66.00%,65.77%,44,8.04%,21,3.84%,8.97%,57.22%,75.72%,52.99%,58.22%,78.16%,6.29,2.14
grass,88,Lorenzo Sonego,6,3-3,50.00%,70.23%,67.91%,67,10.08%,9,1.35%,4.95%,72.63%,75.57%,56.04%,58.96%,88.29%,5.99,1.78
grass,144,Mackenzie McDonald,6,2-4,33.33%,59.28%,59.57%,23,4.59%,18,3.59%,10.65%,66.27%,65.36%,47.34%,52.98%,74.65%,7.06,2.87
grass,45,Marcos Giron,7,3-4,42.86%,65.69%,64.77%,48,6.72%,16,2.24%,7.05%,68.21%,73.31%,49.34%,53.08%,84.40%,6.55,2.25
grass,80,Marin Cilic,5,2-3,40.00%,59.45%,58.12%,36,8.29%,16,3.69%,9.94%,62.90%,69.23%,42.86%,47.59%,67.65%,6.38,2.59
grass,159,Mark Lajal,8,4-4,50.00%,62.93%,62.55%,51,8.79%,27,4.66%,12.86%,63.79%,73.24%,44.76%,51.37%,76.67%,6.44,2.39
grass,326,Martin Damm,6,2-4,33.33%,66.39%,64.51%,76,12.46%,24,3.93%,11.71%,66.39%,75.06%,49.27%,55.80%,89.01%,6.7,2.25
grass,67,Martin Landaluce,5,1-4,20.00%,65.45%,64.86%,58,11.79%,27,5.49%,14.44%,61.99%,74.10%,51.34%,60.00%,82.89%,6.47,2.24
grass,82,Marton Fucsovics,6,3-3,50.00%,62.38%,64.24%,26,4.84%,30,5.59%,15.08%,62.94%,70.12%,49.25%,57.99%,81.58%,7.07,2.66
grass,81,Mattia Bellucci,7,3-4,42.86%,67.00%,66.15%,62,10.33%,24,4.00%,10.91%,63.33%,71.58%,59.09%,66.33%,87.50%,6.25,2.06
grass,250,Max Basing,5,3-2,60.00%,58.59%,60.32%,6,1.32%,17,3.74%,12.23%,69.38%,64.44%,45.32%,51.64%,68.18%,6.88,2.85
grass,110,Michael Zheng,5,2-3,40.00%,66.45%,64.58%,64,10.27%,17,2.73%,7.46%,63.40%,74.43%,52.63%,56.87%,88.42%,6.56,2.2
grass,66,Miomir Kecmanovic,5,2-3,40.00%,65.30%,65.64%,20,4.11%,13,2.67%,8.07%,66.94%,70.86%,54.04%,58.78%,81.58%,6.41,2.22
grass,5,Novak Djokovic,6,5-1,83.33%,69.05%,67.43%,70,10.03%,17,2.44%,8.85%,72.49%,74.31%,55.21%,60.57%,88.50%,6.18,1.91
grass,47,Nuno Borges,9,5-4,55.56%,68.84%,66.72%,60,9.08%,9,1.36%,4.66%,70.80%,75.21%,53.37%,55.98%,87.96%,6.12,1.91
grass,436,Oliver Tarvet,6,2-4,33.33%,66.99%,66.96%,37,7.27%,18,3.54%,9.63%,63.26%,75.16%,52.94%,58.58%,89.74%,6.53,2.15
grass,114,Otto Virtanen,12,8-4,66.67%,68.86%,65.68%,198,16.67%,46,3.87%,9.64%,59.85%,80.03%,52.20%,57.77%,93.68%,6.83,2.13
grass,57,Quentin Halys,5,2-3,40.00%,62.72%,61.77%,42,10.80%,20,5.14%,14.08%,63.50%,69.64%,50.70%,59.02%,77.78%,6.17,2.3
grass,38,Raphael Collignon,5,2-3,40.00%,67.48%,68.33%,45,10.92%,26,6.31%,18.44%,65.78%,77.86%,47.52%,58.26%,87.88%,6.24,2.03
grass,182,Remy Bertola,5,3-2,60.00%,62.08%,62.29%,36,10.11%,23,6.46%,16.31%,60.39%,73.02%,45.39%,54.24%,78.18%,6.47,2.45
grass,95,Rinky Hijikata,9,5-4,55.56%,64.65%,64.27%,46,6.04%,21,2.76%,7.42%,62.81%,71.34%,53.36%,57.63%,82.05%,6.5,2.3
grass,102,Roman Safiullin,8,5-3,62.50%,69.05%,68.23%,71,8.45%,23,2.74%,11.00%,75.12%,75.12%,50.72%,56.99%,86.76%,6.18,1.91
grass,117,Shintaro Mochizuki,8,5-3,62.50%,61.76%,62.31%,34,4.68%,27,3.71%,7.83%,52.54%,75.39%,46.67%,50.63%,75.00%,6.73,2.57
grass,90,Sho Shimabukuro,9,5-4,55.56%,67.66%,66.61%,82,11.58%,30,4.24%,9.77%,56.64%,79.55%,52.12%,57.76%,84.21%,6.21,2.01
grass,9,Taylor Fritz,14,11-3,78.57%,73.71%,69.07%,236,19.39%,24,1.97%,6.33%,68.86%,81.26%,56.99%,60.85%,91.43%,5.8,1.52
grass,45,Terence Atmane,5,1-4,20.00%,66.67%,64.25%,47,10.96%,10,2.33%,7.41%,68.53%,75.51%,47.41%,51.20%,81.69%,6.04,2.01
grass,111,Titouan Droguet,5,3-2,60.00%,64.61%,60.80%,44,11.80%,5,1.34%,3.65%,63.27%,71.19%,53.28%,55.30%,79.66%,6.32,2.24
grass,112,Toby Samuel,8,4-4,50.00%,62.32%,62.11%,40,5.73%,22,3.15%,8.84%,64.33%,67.93%,52.21%,57.27%,76.42%,6.58,2.48
grass,24,Tommy Paul,8,6-2,75.00%,68.53%,66.49%,75,11.63%,18,2.79%,6.98%,60.00%,77.26%,55.43%,59.58%,89.42%,6.2,1.95
grass,187,Tristan Schoolkate,5,2-3,40.00%,65.60%,65.59%,44,10.02%,23,5.24%,11.79%,55.58%,74.18%,54.87%,62.21%,82.86%,6.27,2.16
grass,30,Ugo Humbert,12,8-4,66.67%,67.45%,66.79%,97,10.35%,39,4.16%,11.05%,62.33%,75.17%,54.67%,61.46%,86.84%,6.16,2.01
grass,71,Vit Kopriva,5,2-3,40.00%,63.64%,63.72%,36,9.09%,21,5.30%,12.88%,58.84%,72.96%,50.31%,57.75%,80.65%,6.39,2.32
grass,55,Yannick Hanfmann,8,4-4,50.00%,70.67%,68.60%,87,13.94%,21,3.37%,9.42%,64.26%,81.30%,51.57%,56.93%,88.35%,6.06,1.78
grass,239,Yi Zhou,6,4-2,66.67%,59.54%,58.89%,32,6.64%,17,3.53%,9.66%,63.49%,65.03%,50.00%,55.35%,77.27%,7.3,2.95
grass,106,Yibing Wu,5,1-4,20.00%,63.10%,62.34%,32,7.29%,14,3.19%,8.43%,62.19%,73.63%,45.78%,50.00%,77.61%,6.55,2.42
grass,118,Yunchaokete Bu,11,10-1,90.91%,67.60%,66.14%,71,9.02%,19,2.41%,6.74%,64.17%,75.84%,52.84%,56.65%,87.60%,6.5,2.11
grass,156,Zhizhen Zhang,8,5-3,62.50%,69.62%,66.44%,91,13.23%,13,1.89%,6.22%,69.62%,78.29%,49.76%,53.06%,90.48%,6.55,1.99
grass,34,Zizou Bergs,10,7-3,70.00%,64.71%,64.86%,99,10.04%,56,5.68%,15.22%,62.68%,75.73%,46.20%,54.49%,83.44%,6.28,2.22
hard,267,Abdullah Shelbayh,32,18-14,56.25%,61.02%,62.34%,89,4.06%,100,4.56%,11.01%,58.56%,69.52%,49.01%,55.07%,75.74%,6.48,2.53
hard,98,Adam Walton,49,26-23,53.06%,65.04%,63.06%,361,9.77%,95,2.57%,6.92%,62.85%,71.85%,53.53%,57.51%,81.73%,6.25,2.19
hard,777,Adhithya Ganesan,6,1-5,16.67%,58.68%,60.52%,16,2.93%,27,4.94%,12.33%,59.96%,64.63%,49.77%,56.77%,70.89%,6.92,2.86
hard,968,Aditya Vishal Balsekar,5,0-5,0.00%,49.66%,50.53%,3,1.03%,8,2.74%,7.92%,65.41%,51.31%,46.53%,50.54%,46.51%,6.79,3.42
hard,368,Adria Soriano Barrera,7,2-5,28.57%,61.86%,61.89%,50,8.79%,31,5.45%,15.35%,64.50%,70.57%,46.04%,54.39%,78.31%,6.86,2.61
hard,435,Adrian Boitan,5,2-3,40.00%,64.76%,65.83%,26,6.45%,20,4.96%,15.04%,67.00%,74.81%,44.36%,52.21%,82.81%,6.3,2.22
hard,52,Adrian Mannarino,30,13-17,43.33%,64.70%,63.85%,177,7.35%,68,2.82%,7.42%,61.96%,72.99%,51.20%,55.31%,81.32%,6.34,2.24
hard,659,Aidan Kim,5,2-3,40.00%,58.90%,56.64%,30,9.20%,10,3.07%,7.81%,60.74%,63.64%,51.56%,55.93%,69.39%,6.65,2.73
hard,625,Aidan Mayo,12,3-9,25.00%,66.94%,67.03%,103,10.57%,52,5.34%,12.41%,56.98%,77.12%,53.46%,61.04%,82.58%,6.28,2.08
hard,291,Akira Santillan,23,13-10,56.52%,62.53%,62.70%,119,7.99%,75,5.04%,13.71%,63.26%,70.28%,49.18%,56.99%,73.49%,5.98,2.24
hard,444,Alafia Ayeni,11,7-4,63.64%,64.05%,65.58%,95,12.24%,68,8.76%,24.37%,64.05%,74.04%,46.24%,61.14%,79.67%,6.31,2.27
hard,554,Alan Magadan,7,2-5,28.57%,59.14%,58.47%,34,6.34%,18,3.36%,8.29%,59.51%,67.40%,47.00%,51.26%,73.49%,6.46,2.64
hard,264,Alastair Gray,27,13-14,48.15%,64.15%,63.31%,186,8.84%,80,3.80%,10.40%,63.43%,73.39%,48.11%,53.70%,80.62%,6.57,2.36
hard,618,Alberto Barroso Campos,8,4-4,50.00%,59.50%,59.10%,30,5.38%,17,3.05%,7.73%,60.57%,66.27%,49.09%,53.20%,69.77%,6.49,2.63
hard,20,Alejandro Davidovich Fokina,29,17-12,58.62%,64.97%,64.48%,118,5.60%,49,2.33%,7.01%,66.82%,71.31%,52.22%,56.15%,82.52%,6.46,2.26
hard,236,Alejandro Moro Canas,23,14-9,60.87%,63.80%,63.84%,58,3.52%,34,2.06%,6.44%,67.98%,68.42%,53.98%,57.69%,78.36%,6.15,2.23
hard,29,Alejandro Tabilo,32,19-13,59.38%,67.37%,65.75%,225,9.70%,60,2.59%,7.67%,66.29%,75.03%,52.30%,56.65%,87.26%,6.29,2.05
hard,450,Alejo Sanchez Quilez,7,4-3,57.14%,61.73%,61.38%,25,5.29%,13,2.75%,7.34%,62.58%,66.89%,53.11%,57.32%,73.33%,6.31,2.41
hard,96,Aleksandar Kovacevic,30,11-19,36.67%,67.40%,64.84%,370,15.27%,105,4.33%,11.03%,60.71%,78.25%,50.63%,56.91%,86.75%,6.29,2.05
hard,101,Aleksandar Vukic,30,15-15,50.00%,64.29%,62.00%,219,9.39%,48,2.06%,4.86%,57.69%,72.73%,52.79%,55.48%,81.27%,6.43,2.29
hard,158,Alex Bolt,32,22-10,68.75%,66.56%,63.88%,243,11.03%,45,2.04%,5.85%,65.11%,73.38%,53.84%,57.18%,83.90%,6.23,2.08
hard,459,Alex Hernandez,11,3-8,27.27%,55.08%,56.49%,26,3.11%,41,4.90%,15.59%,68.58%,60.98%,42.21%,50.00%,62.28%,7.34,3.3
hard,361,Alex Martinez,10,4-6,40.00%,58.48%,58.64%,30,4.39%,23,3.36%,8.58%,60.82%,65.87%,47.01%,51.43%,69.16%,6.39,2.65
hard,41,Alex Michelsen,41,25-16,60.98%,65.73%,64.93%,243,8.02%,94,3.10%,8.87%,65.00%,72.47%,53.21%,58.39%,83.09%,6.32,2.17
hard,75,Alex Molcan,13,9-4,69.23%,65.26%,64.47%,47,5.83%,16,1.99%,6.15%,67.74%,68.13%,59.23%,63.11%,76.61%,6.5,2.26
hard,502,Alex Rybakov,22,9-13,40.91%,62.28%,62.85%,80,5.29%,61,4.04%,12.47%,67.64%,68.40%,49.49%,56.54%,75.66%,6.69,2.52
hard,8,Alex de Minaur,47,31-16,65.96%,64.56%,64.40%,229,6.57%,118,3.39%,8.26%,59.00%,70.91%,55.42%,60.41%,83.33%,6.45,2.29
hard,571,Alexander Binda,11,3-8,27.27%,57.01%,57.23%,43,5.74%,35,4.67%,11.40%,59.01%,64.48%,46.25%,52.21%,66.36%,6.81,2.93
hard,32,Alexander Blockx,32,22-10,68.75%,66.13%,64.63%,237,9.74%,73,3.00%,7.64%,60.75%,76.32%,50.37%,54.54%,86.58%,6.4,2.17
hard,11,Alexander Bublik,34,23-11,67.65%,68.77%,67.26%,399,15.19%,135,5.14%,14.00%,63.29%,80.14%,49.17%,57.18%,90.41%,6.3,1.97
hard,551,Alexander Donski,10,7-3,70.00%,65.01%,65.75%,121,13.66%,73,8.24%,17.51%,52.93%,81.24%,46.76%,56.69%,85.50%,6.76,2.37
hard,496,Alexander Ritschard,5,3-2,60.00%,62.91%,66.23%,12,3.56%,23,6.82%,14.38%,52.52%,74.01%,50.62%,59.12%,77.78%,6.24,2.31
hard,100,Alexander Shevchenko,24,12-12,50.00%,63.64%,61.69%,176,9.08%,48,2.48%,6.84%,63.80%,71.38%,50.00%,53.67%,79.17%,6.73,2.45
hard,3,Alexander Zverev,41,26-15,63.41%,69.46%,67.10%,341,11.52%,63,2.13%,7.83%,72.80%,75.27%,53.91%,58.49%,87.68%,6.08,1.86
hard,135,Alexandre Muller,17,5-12,29.41%,60.91%,60.65%,81,6.14%,47,3.56%,10.13%,64.85%,67.99%,47.84%,53.24%,72.86%,6.63,2.59
hard,139,Alexei Popyrin,22,6-16,27.27%,64.98%,61.85%,191,13.09%,44,3.02%,8.40%,64.08%,72.94%,50.76%,55.42%,78.93%,6.03,2.11
hard,175,Alexis Galarneau,48,27-21,56.25%,61.15%,63.14%,150,4.13%,202,5.56%,13.93%,60.08%,67.64%,51.38%,59.70%,76.53%,6.56,2.55
hard,409,Alfredo Perez,14,7-7,50.00%,62.32%,61.33%,64,6.68%,25,2.61%,7.35%,64.51%,71.20%,46.18%,49.84%,80.27%,6.52,2.46
hard,679,Amit Vales,6,2-4,33.33%,58.59%,60.76%,9,2.12%,21,4.94%,13.21%,62.59%,66.17%,45.91%,52.90%,70.77%,6.54,2.71
hard,243,Andre Ilagan,60,34-26,56.67%,61.36%,61.28%,217,4.56%,131,2.76%,7.87%,64.98%,66.30%,52.19%,56.65%,76.96%,6.76,2.61
hard,213,Andrea Guerrieri,10,6-4,60.00%,64.54%,66.81%,35,4.46%,44,5.61%,15.22%,63.14%,72.32%,51.21%,60.41%,85.71%,6.59,2.34
hard,614,Andrea Vavassori,8,5-3,62.50%,63.56%,62.27%,58,9.15%,22,3.47%,9.48%,63.41%,72.64%,47.84%,52.86%,80.85%,6.74,2.46
hard,340,Andres Martin,41,18-23,43.90%,61.19%,61.66%,155,4.84%,121,3.78%,10.87%,65.22%,67.51%,49.33%,55.34%,75.46%,6.54,2.54
hard,394,Andrew Fenty,17,5-12,29.41%,61.24%,61.09%,79,5.98%,47,3.56%,9.85%,63.89%,66.11%,52.62%,58.37%,76.04%,6.88,2.67
hard,18,Andrey Rublev,27,14-13,51.85%,66.03%,64.66%,225,10.54%,78,3.66%,9.17%,60.12%,76.31%,50.53%,55.63%,83.53%,6.28,2.13
hard,251,Andy Andrade,25,13-12,52.00%,60.25%,62.09%,79,4.44%,101,5.67%,13.84%,59.01%,68.22%,48.77%,56.60%,71.48%,6.43,2.56
hard,348,Antoine Escoffier,7,4-3,57.14%,58.76%,60.93%,19,3.78%,30,5.98%,14.22%,57.97%,65.64%,49.29%,57.46%,71.05%,6.61,2.72
hard,351,Antoine Ghibaudo,30,15-15,50.00%,63.75%,63.27%,120,5.86%,54,2.64%,7.38%,64.24%,70.11%,52.32%,56.49%,80.89%,6.52,2.36
hard,350,Anton Matusevich,5,3-2,60.00%,64.20%,63.16%,28,8.64%,11,3.40%,9.24%,63.27%,71.71%,51.26%,56.48%,76.36%,5.89,2.11
hard,912,Aoran Wang,5,2-3,40.00%,64.48%,60.76%,61,16.67%,17,4.64%,10.37%,55.19%,78.22%,47.56%,53.06%,82.76%,6.31,2.24
hard,829,Arda Azkara,11,5-6,45.45%,61.24%,63.40%,30,3.97%,43,5.69%,12.80%,55.56%,70.48%,49.70%,57.00%,77.87%,6.2,2.4
hard,439,Arthur Bouquier,14,6-8,42.86%,62.81%,60.28%,157,12.81%,52,4.24%,12.38%,65.74%,73.70%,41.90%,47.83%,79.78%,6.7,2.49
hard,73,Arthur Cazaux,19,12-7,63.16%,66.10%,63.18%,164,11.07%,27,1.82%,4.80%,62.05%,75.30%,51.07%,53.64%,85.53%,6.5,2.2
hard,37,Arthur Fery,20,12-8,60.00%,64.86%,64.73%,75,5.41%,38,2.74%,6.86%,60.03%,69.59%,57.76%,62.02%,81.53%,6.24,2.19
hard,21,Arthur Fils,27,20-7,74.07%,68.24%,67.68%,153,8.28%,58,3.14%,8.67%,63.80%,74.22%,57.70%,63.18%,86.30%,6.33,2.01
hard,127,Arthur Gea,23,17-6,73.91%,64.62%,65.67%,118,7.17%,88,5.35%,13.04%,58.97%,73.71%,51.56%,59.28%,79.61%,6.45,2.28
hard,28,Arthur Rinderknech,32,18-14,56.25%,67.44%,65.31%,339,12.17%,89,3.19%,9.44%,66.15%,76.18%,50.37%,55.62%,86.74%,6.48,2.11
hard,398,Arthur Weber,9,2-7,22.22%,57.42%,57.89%,11,1.79%,13,2.12%,7.14%,70.31%,59.16%,53.30%,57.40%,66.30%,6.66,2.84
hard,410,Aryan Shah,9,1-8,11.11%,58.24%,60.83%,27,4.16%,45,6.93%,15.41%,55.01%,68.91%,45.21%,53.44%,72.45%,6.62,2.77
hard,227,August Holmgren,34,16-18,47.06%,65.69%,65.33%,268,10.45%,128,4.99%,13.32%,62.53%,74.50%,50.99%,58.82%,83.88%,6.46,2.22
hard,690,Aziz Dougaz,12,7-5,58.33%,68.05%,67.85%,101,10.51%,45,4.68%,12.68%,63.06%,76.40%,53.80%,61.61%,88.31%,6.24,1.99
hard,494,Aziz Ouakaa,8,1-7,12.50%,51.90%,52.99%,16,3.04%,25,4.75%,10.87%,56.27%,61.82%,39.13%,43.90%,52.50%,6.58,3.16
hard,419,Beibit Zhukayev,19,6-13,31.58%,62.44%,59.98%,169,12.40%,57,4.18%,10.82%,61.34%,72.85%,45.92%,51.49%,77.83%,6.43,2.42
hard,746,Ben Jones,5,2-3,40.00%,62.73%,63.94%,30,9.32%,23,7.14%,20.00%,64.29%,71.98%,46.09%,57.61%,80.39%,6.31,2.35
hard,6,Ben Shelton,31,19-12,61.29%,69.53%,68.02%,266,11.16%,72,3.02%,9.59%,68.49%,76.41%,54.59%,60.38%,88.86%,6.03,1.84
hard,103,Benjamin Bonzi,31,19-12,61.29%,65.67%,64.86%,201,7.89%,77,3.02%,8.95%,66.26%,72.29%,52.67%,57.85%,83.83%,6.34,2.18
hard,509,Benjamin Hassan,18,5-13,27.78%,58.61%,58.99%,82,6.63%,65,5.25%,11.38%,53.84%,69.37%,46.06%,51.98%,67.17%,6.25,2.59
hard,917,Benoit Paire,5,0-5,0.00%,54.64%,55.17%,30,7.96%,28,7.43%,14.81%,49.87%,68.62%,40.74%,47.83%,60.71%,6.73,3.05
hard,160,Bernard Tomic,36,20-16,55.56%,63.97%,62.88%,198,7.34%,70,2.59%,7.11%,63.53%,71.41%,51.02%,54.92%,80.82%,6.47,2.33
hard,155,Billy Harris,25,14-11,56.00%,64.10%,62.62%,187,8.94%,62,2.96%,7.52%,60.61%,72.87%,50.61%,54.72%,81.41%,6.71,2.41
hard,373,Blaise Bicknell,27,9-18,33.33%,61.82%,61.80%,126,5.77%,77,3.53%,10.58%,66.64%,66.64%,52.20%,58.37%,78.25%,6.59,2.52
hard,502,Blake Ellis,27,15-12,55.56%,64.38%,62.09%,298,13.56%,101,4.60%,10.79%,57.42%,74.33%,50.96%,57.13%,82.42%,6.66,2.37
hard,437,Bor Artnak,5,1-4,20.00%,55.35%,55.05%,18,5.66%,13,4.09%,9.56%,57.23%,63.74%,44.12%,48.78%,60.42%,6.62,2.96
hard,163,Borna Gojo,32,23-9,71.88%,67.87%,65.24%,383,16.11%,108,4.54%,12.20%,62.78%,79.17%,48.81%,55.60%,86.81%,6.27,2.02
hard,59,Botic van de Zandschulp,23,9-14,39.13%,62.76%,64.11%,154,8.35%,125,6.78%,17.43%,61.14%,73.67%,45.61%,55.24%,77.86%,6.59,2.45
hard,234,Braden Shick,17,11-6,64.71%,61.15%,61.72%,70,5.60%,55,4.40%,9.67%,54.52%,69.35%,51.32%,56.81%,75.27%,6.73,2.61
hard,109,Brandon Holt,14,7-7,50.00%,62.54%,61.12%,64,6.01%,16,1.50%,4.65%,67.70%,68.38%,50.29%,52.74%,77.65%,6.26,2.35
hard,22,Brandon Nakashima,45,29-16,64.44%,68.73%,64.78%,482,13.85%,50,1.44%,4.21%,65.82%,77.82%,51.22%,53.47%,88.65%,6.27,1.96
hard,251,Buvaysar Gadamauri,14,7-7,50.00%,61.99%,62.21%,63,6.14%,42,4.09%,11.11%,63.16%,69.60%,48.94%,55.06%,77.99%,6.45,2.45
hard,318,Calvin Hemery,26,11-15,42.31%,62.64%,61.11%,198,11.02%,81,4.51%,12.16%,62.92%,72.30%,46.25%,52.65%,78.97%,6.63,2.48
hard,35,Cameron Norrie,41,25-16,60.98%,65.87%,65.70%,206,6.19%,99,2.97%,8.44%,64.75%,72.30%,54.05%,59.03%,83.98%,6.42,2.19
hard,76,Camilo Ugo Carabelli,19,5-14,26.32%,59.95%,59.56%,77,6.08%,44,3.48%,8.54%,59.32%,68.58%,47.38%,51.80%,71.35%,6.59,2.64
hard,435,Cannon Kingsley,18,8-10,44.44%,64.49%,61.57%,133,10.20%,21,1.61%,4.50%,64.19%,70.97%,52.89%,55.38%,80.86%,6.24,2.22
hard,472,Carl Emil Overbeck,12,5-7,41.67%,64.93%,64.44%,72,9.60%,34,4.53%,13.13%,65.47%,72.71%,50.19%,57.78%,80.49%,6.1,2.14
hard,2,Carlos Alcaraz,38,33-5,86.84%,69.32%,68.71%,204,7.04%,67,2.31%,6.97%,66.84%,75.43%,57.02%,61.30%,89.91%,6.22,1.91
hard,17,Casper Ruud,29,16-13,55.17%,68.55%,67.09%,189,9.22%,48,2.34%,6.88%,65.97%,75.39%,55.30%,59.38%,87.72%,6.14,1.93
hard,320,Cedrik-Marcel Stebe,16,10-6,62.50%,59.26%,60.21%,54,4.00%,57,4.22%,9.88%,57.26%,66.11%,50.09%,55.58%,71.98%,7.42,3.02
hard,287,Charles Broom,34,18-16,52.94%,63.81%,63.04%,191,7.57%,81,3.21%,8.55%,62.47%,71.26%,51.43%,56.24%,79.15%,6.34,2.29
hard,191,Chris Rodesch,25,19-6,76.00%,68.31%,68.12%,162,9.42%,71,4.13%,11.97%,65.52%,75.60%,54.47%,61.88%,86.59%,6.23,1.97
hard,455,Christian Langmo,21,7-14,33.33%,62.86%,61.15%,154,10.53%,57,3.90%,11.47%,66.01%,71.09%,46.88%,52.95%,80.09%,6.77,2.51
hard,422,Christoph Negritu,12,5-7,41.67%,63.39%,59.81%,110,11.38%,16,1.65%,4.31%,61.63%,71.81%,49.87%,52.11%,79.73%,6.53,2.39
hard,129,Christopher O'Connell,22,10-12,45.45%,63.93%,60.25%,178,12.16%,28,1.91%,4.70%,59.29%,73.96%,49.33%,51.76%,81.42%,6.48,2.34
hard,272,Chun-Hsin Tseng,9,4-5,44.44%,60.57%,61.30%,22,3.69%,21,3.52%,8.82%,60.07%,65.92%,52.52%,57.60%,71.43%,6.08,2.4
hard,202,Clement Chidekh,47,31-16,65.96%,62.45%,63.79%,152,4.33%,160,4.56%,12.39%,63.19%,70.04%,49.42%,56.41%,77.76%,6.56,2.46
hard,159,Clement Tabur,20,12-8,60.00%,66.71%,65.97%,109,7.13%,39,2.55%,6.98%,63.44%,74.64%,52.95%,56.92%,82.26%,6.17,2.05
hard,92,Coleman Wong,52,32-20,61.54%,64.95%,61.99%,510,12.89%,124,3.13%,7.75%,59.59%,74.60%,50.72%,54.98%,81.09%,6.34,2.22
hard,503,Colin Sinclair,7,2-5,28.57%,60.91%,60.89%,33,6.26%,21,3.98%,10.34%,61.48%,67.59%,50.25%,56.04%,71.95%,6.43,2.51
hard,197,Colton Smith,25,16-9,64.00%,62.85%,62.39%,127,6.54%,62,3.19%,8.68%,63.21%,69.19%,51.96%,56.90%,79.25%,6.6,2.45
hard,424,Constantin Bittoun Kouzmine,13,5-8,38.46%,60.56%,60.50%,29,3.14%,18,1.95%,5.45%,64.25%,65.60%,51.52%,54.49%,73.94%,6.5,2.56
hard,490,Corentin Denolly,5,1-4,20.00%,58.41%,59.07%,28,6.73%,24,5.77%,15.09%,61.78%,67.32%,44.03%,51.85%,67.27%,7.56,3.15
hard,69,Corentin Moutet,30,14-16,46.67%,61.60%,61.89%,104,4.48%,75,3.23%,8.97%,64.01%,67.05%,51.91%,57.03%,77.23%,6.69,2.57
hard,612,Cruz Hewitt,11,5-6,45.45%,61.40%,62.60%,47,5.67%,44,5.31%,12.39%,57.18%,69.20%,50.99%,58.20%,76.80%,6.63,2.56
hard,111,Dalibor Svrcina,17,9-8,52.94%,58.24%,60.71%,27,2.59%,60,5.75%,14.96%,61.59%,62.67%,51.12%,60.12%,68.39%,6.74,2.81
hard,104,Damir Dzumhur,19,4-15,21.05%,60.87%,61.58%,35,2.37%,39,2.64%,7.54%,65.00%,65.31%,52.61%,56.90%,74.57%,6.37,2.49
hard,220,Dan Added,36,17-19,47.22%,62.08%,61.01%,200,7.83%,83,3.25%,7.78%,58.21%,72.14%,48.08%,52.13%,76.32%,6.43,2.44
hard,630,Dan Martin,13,5-8,38.46%,62.44%,62.34%,59,5.76%,34,3.32%,8.90%,62.73%,68.90%,51.57%,56.61%,78.88%,6.37,2.39
hard,122,Dane Sweeny,34,19-15,55.88%,61.02%,62.38%,99,4.05%,113,4.63%,12.53%,63.06%,66.95%,50.89%,58.17%,75.34%,6.69,2.61
hard,65,Daniel Altmaier,24,10-14,41.67%,62.11%,60.50%,185,10.04%,72,3.91%,10.08%,61.24%,71.72%,46.92%,52.18%,76.60%,6.53,2.48
hard,184,Daniel Evans,5,3-2,60.00%,64.36%,65.40%,28,7.18%,21,5.38%,13.64%,60.51%,75.00%,48.05%,55.64%,81.97%,6.39,2.28
hard,370,Daniel Masur,15,6-9,40.00%,63.66%,62.25%,125,10.54%,49,4.13%,10.68%,61.30%,71.39%,51.42%,57.56%,77.78%,6.28,2.28
hard,40,Daniel Merida,24,17-7,70.83%,61.21%,62.03%,59,3.89%,56,3.69%,10.85%,65.96%,66.60%,50.78%,56.96%,76.05%,6.37,2.47
hard,338,Daniel Michalski,16,10-6,62.50%,61.57%,61.37%,46,3.76%,25,2.04%,5.07%,59.69%,66.71%,53.96%,56.84%,74.48%,6.37,2.45
hard,306,Daniel Milavsky,27,14-13,51.85%,61.79%,61.57%,162,8.06%,94,4.68%,11.78%,60.30%,69.55%,50.00%,56.68%,77.23%,6.63,2.53
hard,203,Daniel Rincon,13,8-5,61.54%,60.38%,59.45%,51,5.40%,20,2.12%,5.19%,59.22%,68.87%,48.05%,50.68%,73.33%,6.29,2.49
hard,166,Daniil Glinka,45,30-15,66.67%,65.26%,64.11%,338,10.05%,129,3.84%,9.07%,57.67%,74.47%,52.71%,57.96%,82.76%,6.44,2.24
hard,7,Daniil Medvedev,44,32-12,72.73%,66.30%,66.21%,369,11.56%,184,5.76%,16.38%,64.83%,76.04%,48.35%,57.83%,86.36%,6.31,2.13
hard,533,Daniil Ostapenkov,5,2-3,40.00%,65.21%,64.40%,45,11.60%,20,5.15%,11.30%,54.38%,72.51%,56.50%,63.69%,81.36%,6.58,2.29
hard,221,Darwin Blanch,33,15-18,45.45%,64.23%,63.36%,255,10.19%,113,4.52%,11.19%,59.63%,73.79%,50.10%,56.41%,79.85%,6.38,2.28
hard,236,David Goffin,12,3-9,25.00%,60.41%,60.08%,75,8.53%,45,5.12%,12.03%,57.45%,70.69%,46.52%,52.89%,70.34%,6.06,2.4
hard,186,David Jorda Sanchis,9,2-7,22.22%,59.10%,59.32%,36,5.56%,27,4.17%,10.38%,59.88%,68.04%,45.77%,51.07%,71.13%,6.68,2.73
hard,48,Denis Shapovalov,31,17-14,54.84%,62.54%,62.99%,256,10.92%,167,7.12%,17.29%,58.79%,71.99%,49.07%,59.32%,76.84%,6.17,2.31
hard,439,Denis Yevseyev,19,8-11,42.11%,57.14%,56.57%,69,4.65%,38,2.56%,7.72%,66.85%,63.61%,44.11%,47.80%,68.04%,6.78,2.9
hard,393,Dhakshineswar Suresh,21,14-7,66.67%,67.10%,65.18%,189,12.95%,58,3.98%,10.53%,62.23%,77.64%,49.73%,55.58%,85.65%,6.34,2.09
hard,540,Digvijaypratap Singh,8,0-8,0.00%,63.56%,60.91%,72,12.44%,21,3.63%,8.79%,58.72%,72.35%,51.05%,55.96%,80.90%,6.51,2.37
hard,378,Dimitar Kuzmanov,26,12-14,46.15%,60.10%,60.38%,69,4.01%,53,3.08%,9.52%,67.65%,63.61%,52.78%,58.33%,70.40%,6.22,2.48
hard,98,Dino Prizmic,12,5-7,41.67%,64.25%,64.09%,70,8.05%,37,4.25%,10.98%,61.26%,71.48%,52.82%,59.33%,78.99%,6.3,2.25
hard,652,Dmitry Popko,10,4-6,40.00%,62.99%,64.29%,26,3.88%,28,4.18%,9.69%,56.87%,71.39%,51.90%,57.47%,77.78%,6.2,2.3
hard,327,Dominic Stricker,8,4-4,50.00%,65.56%,63.27%,40,9.50%,8,1.90%,5.16%,63.18%,73.68%,51.61%,54.42%,80.56%,5.85,2.01
hard,498,Dominik Palan,14,6-8,42.86%,64.09%,65.82%,117,10.91%,89,8.30%,19.14%,56.62%,76.44%,47.96%,59.31%,81.60%,6.58,2.36
hard,302,Duje Ajdukovic,22,12-10,54.55%,60.57%,60.18%,118,6.81%,67,3.87%,9.54%,59.47%,69.81%,47.01%,51.97%,74.53%,6.49,2.56
hard,606,Duncan Chan,12,5-7,41.67%,61.36%,62.16%,46,5.39%,39,4.57%,11.40%,59.95%,69.73%,48.83%,55.12%,75.37%,6.37,2.46
hard,149,Dusan Lajovic,8,5-3,62.50%,66.39%,67.26%,29,4.73%,22,3.59%,9.61%,62.64%,72.66%,55.90%,61.84%,82.00%,6.13,2.06
hard,268,Edas Butvilas,36,21-15,58.33%,63.12%,62.11%,198,7.74%,79,3.09%,8.00%,61.36%,71.00%,50.61%,55.01%,77.17%,6.34,2.34
hard,348,Edward Winter,29,16-13,55.17%,61.77%,62.85%,51,2.38%,67,3.12%,9.29%,66.39%,67.06%,51.32%,56.57%,75.91%,6.54,2.5
hard,486,Eero Vasa,5,2-3,40.00%,61.41%,60.83%,35,9.51%,19,5.16%,11.73%,55.98%,74.76%,44.44%,50.35%,73.68%,6.46,2.49
hard,314,Eliakim Coulibaly,29,18-11,62.07%,63.26%,63.84%,180,8.47%,121,5.69%,14.19%,59.88%,74.23%,46.89%,54.64%,78.42%,6.46,2.37
hard,208,Elias Ymer,22,12-10,54.55%,62.36%,62.29%,117,7.23%,69,4.26%,10.16%,58.03%,72.10%,48.90%,54.43%,76.40%,6.47,2.44
hard,91,Eliot Spizzirri,18,11-7,61.11%,68.17%,65.50%,146,10.26%,19,1.34%,4.42%,69.78%,73.41%,56.05%,58.64%,83.70%,6.27,2
hard,184,Elmer Moller,7,2-5,28.57%,60.19%,64.61%,13,3.08%,36,8.53%,19.67%,56.64%,69.04%,48.63%,60.54%,72.58%,6.81,2.71
hard,547,Emil Ruusuvuori,11,4-7,36.36%,66.70%,65.41%,109,11.52%,39,4.12%,12.26%,66.38%,74.36%,51.57%,58.78%,83.89%,6.35,2.11
hard,517,Emile Hudd,5,1-4,20.00%,65.04%,63.72%,38,10.30%,14,3.79%,12.39%,69.38%,72.66%,47.79%,54.55%,79.66%,6.25,2.19
hard,86,Emilio Nava,5,0-5,0.00%,61.90%,60.47%,39,8.84%,15,3.40%,9.87%,65.53%,66.44%,53.29%,59.12%,75.38%,6.78,2.58
hard,321,Enrico Dalla Valle,5,3-2,60.00%,62.94%,62.65%,18,4.90%,9,2.45%,7.89%,68.94%,69.57%,48.25%,52.38%,79.63%,6.8,2.52
hard,608,Ergi Kirkin,5,1-4,20.00%,58.54%,58.16%,20,5.42%,12,3.25%,7.41%,56.10%,66.18%,48.77%,52.67%,70.18%,6.47,2.68
hard,621,Erik Arutiunian,7,3-4,42.86%,62.10%,60.51%,54,11.56%,23,4.93%,10.60%,53.53%,72.40%,50.23%,56.19%,78.57%,6.67,2.53
hard,47,Ethan Quinn,19,9-10,47.37%,65.06%,62.86%,163,12.07%,49,3.63%,11.09%,67.28%,73.38%,47.96%,53.94%,84.75%,5.72,2
hard,590,Evan Zhu,7,0-7,0.00%,55.09%,56.08%,15,2.88%,21,4.03%,9.86%,59.12%,60.71%,46.95%,52.08%,63.38%,7.34,3.3
hard,63,Fabian Marozsan,24,10-14,41.67%,65.19%,64.56%,126,6.80%,51,2.75%,7.99%,65.57%,70.53%,55.02%,59.80%,81.73%,6.16,2.14
hard,107,Facundo Diaz Acosta,5,3-2,60.00%,65.44%,67.55%,10,3.06%,15,4.59%,11.36%,59.63%,71.28%,56.82%,64.10%,82.69%,6.29,2.17
hard,333,Facundo Mena,7,2-5,28.57%,64.68%,62.41%,68,13.05%,22,4.22%,9.69%,56.43%,74.49%,51.98%,57.56%,85.00%,6.51,2.3
hard,326,Fajing Sun,47,23-24,48.94%,62.51%,62.44%,161,4.78%,93,2.76%,6.56%,57.87%,70.28%,51.83%,55.47%,78.32%,6.57,2.46
hard,514,Fares Zakaria,5,1-4,20.00%,57.51%,59.87%,17,4.91%,25,7.23%,15.82%,54.34%,68.09%,44.94%,53.38%,72.34%,7.36,3.13
hard,174,Federico Agustin Gomez,14,8-6,57.14%,65.74%,66.32%,124,10.81%,73,6.36%,15.73%,59.55%,74.52%,52.80%,62.66%,84.62%,6.3,2.16
hard,476,Federico Arnaboldi,5,2-3,40.00%,59.86%,59.95%,26,5.90%,18,4.08%,9.09%,55.10%,68.31%,49.49%,54.44%,72.86%,6.3,2.53
hard,178,Federico Cina,21,10-11,47.62%,61.50%,61.78%,78,5.26%,55,3.71%,9.58%,61.29%,67.77%,51.57%,57.03%,76.02%,6.71,2.58
hard,601,Federico Iannaccone,5,3-2,60.00%,57.19%,57.68%,7,2.10%,8,2.40%,7.27%,67.07%,61.61%,48.18%,51.96%,63.46%,6.42,2.75
hard,29,Felix Auger-Aliassime,49,37-12,75.51%,70.02%,67.89%,521,14.82%,136,3.87%,11.99%,67.75%,78.72%,51.76%,58.82%,89.35%,6.14,1.84
hard,218,Felix Gill,13,8-5,61.54%,64.70%,64.21%,61,5.80%,26,2.47%,7.30%,66.13%,70.79%,52.81%,56.97%,80.72%,6.33,2.23
hard,81,Filip Misolic,8,1-7,12.50%,58.92%,59.37%,26,4.68%,22,3.96%,11.11%,64.32%,66.39%,45.45%,51.14%,73.17%,6.77,2.78
hard,547,Filip Peliwo,9,1-8,11.11%,53.62%,54.56%,18,3.10%,25,4.31%,10.64%,59.48%,60.58%,43.40%,48.57%,58.62%,6.67,3.09
hard,303,Filippo Romano,9,7-2,77.78%,65.50%,63.23%,70,9.78%,15,2.09%,6.10%,65.64%,73.62%,50.00%,53.25%,83.04%,6.39,2.21
hard,10,Flavio Cobolli,37,22-15,59.46%,63.49%,62.90%,237,7.76%,111,3.63%,8.30%,56.19%,71.97%,52.62%,57.38%,79.78%,6.64,2.42
hard,247,Florent Bax,25,13-12,52.00%,63.11%,63.20%,152,7.86%,91,4.71%,10.66%,55.82%,75.16%,47.89%,53.60%,79.09%,6.74,2.48
hard,23,Frances Tiafoe,33,20-13,60.61%,65.24%,63.61%,215,8.60%,59,2.36%,5.80%,59.32%,74.24%,52.11%,55.32%,81.12%,6.38,2.22
hard,161,Francesco Maestrelli,19,12-7,63.16%,65.45%,65.15%,116,8.99%,56,4.34%,12.81%,66.15%,73.77%,49.20%,56.43%,84.08%,6.42,2.22
hard,219,Francesco Passaro,18,10-8,55.56%,66.44%,64.25%,186,12.58%,53,3.59%,9.50%,62.25%,76.20%,50.36%,55.64%,86.34%,6.51,2.19
hard,25,Francisco Cerundolo,25,12-13,48.00%,60.12%,60.15%,98,4.96%,66,3.34%,8.42%,60.32%,67.11%,49.49%,54.04%,72.54%,6.7,2.67
hard,107,Francisco Comesana,14,4-10,28.57%,60.24%,58.88%,94,8.83%,41,3.85%,10.82%,64.38%,69.05%,44.33%,49.70%,71.35%,6.22,2.47
hard,235,Frederico Ferreira Silva,31,21-10,67.74%,61.58%,62.13%,60,2.77%,56,2.58%,7.80%,66.88%,66.41%,51.81%,56.19%,74.56%,6.34,2.44
hard,,Gabriel Debru,5,5-0,100.00%,64.72%,66.20%,27,6.57%,23,5.60%,16.43%,65.94%,72.32%,50.00%,59.83%,78.79%,6.23,2.2
hard,87,Gabriel Diallo,27,12-15,44.44%,66.78%,65.05%,230,10.99%,68,3.25%,10.68%,69.55%,75.19%,47.57%,53.25%,84.55%,6.34,2.11
hard,404,Gabriele Piraino,6,1-5,16.67%,57.85%,58.22%,21,4.52%,18,3.87%,10.34%,62.58%,63.92%,47.70%,53.21%,68.06%,6.46,2.72
hard,305,Gael Monfils,10,3-7,30.00%,61.89%,61.98%,86,10.27%,54,6.45%,14.59%,55.79%,73.66%,47.03%,55.06%,75.97%,6.49,2.47
hard,381,Garrett Johns,20,6-14,30.00%,57.82%,57.22%,86,5.93%,49,3.38%,8.43%,59.96%,66.90%,44.23%,48.31%,68.08%,6.81,2.87
hard,167,Gauthier Onclin,25,16-9,64.00%,62.38%,63.95%,58,3.45%,74,4.40%,10.05%,56.19%,69.81%,52.85%,58.76%,77.91%,6.51,2.45
hard,414,Geoffrey Blancaneaux,14,4-10,28.57%,58.83%,57.98%,59,6.28%,29,3.09%,7.95%,61.17%,66.26%,47.12%,51.19%,71.13%,6.62,2.73
hard,247,George Loffhagen,11,5-6,45.45%,63.13%,64.25%,56,7.62%,44,5.99%,13.37%,55.24%,72.66%,51.37%,59.30%,76.27%,6.23,2.3
hard,1156,Gijs Brouwer,6,4-2,66.67%,60.59%,63.14%,9,2.65%,19,5.59%,18.81%,70.29%,67.36%,44.55%,54.88%,74.55%,6.18,2.44
hard,258,Giles Hussey,27,14-13,51.85%,57.95%,58.37%,74,4.06%,66,3.62%,9.40%,61.51%,63.37%,49.29%,54.40%,66.78%,6.45,2.71
hard,227,Gilles Arnaud Bailly,14,7-7,50.00%,60.62%,61.30%,24,2.46%,26,2.67%,6.36%,58.05%,69.08%,48.90%,52.22%,74.83%,6.63,2.61
hard,91,Giovanni Mpetshi Perricard,28,11-17,39.29%,70.69%,66.90%,441,19.64%,91,4.05%,14.04%,71.14%,78.58%,51.23%,59.61%,88.67%,6.2,1.82
hard,153,Giulio Zeppieri,16,8-8,50.00%,66.27%,63.40%,149,13.51%,36,3.26%,8.93%,63.46%,75.00%,51.12%,56.13%,82.29%,6.3,2.13
hard,173,Gonzalo Bueno,5,2-3,40.00%,57.32%,60.81%,4,1.25%,21,6.54%,15.11%,56.70%,64.29%,48.20%,56.78%,69.77%,7.47,3.19
hard,138,Grigor Dimitrov,9,3-6,33.33%,65.84%,65.73%,73,10.70%,37,5.43%,12.89%,57.92%,79.24%,47.39%,54.40%,84.11%,6.37,2.18
hard,568,Guillaume Dalmasso,6,2-4,33.33%,59.13%,63.93%,22,5.99%,40,10.90%,29.85%,63.49%,71.24%,38.06%,54.26%,67.86%,6.55,2.68
hard,222,Guy Den Ouden,11,7-4,63.64%,63.66%,65.10%,24,2.93%,31,3.78%,10.26%,63.17%,69.69%,53.31%,59.41%,80.17%,6.78,2.46
hard,73,Hamad Medjedovic,13,3-10,23.08%,63.52%,61.71%,129,11.48%,47,4.18%,11.49%,63.61%,72.17%,48.41%,54.70%,79.11%,7.11,2.59
hard,332,Hamish Stewart,24,14-10,58.33%,65.55%,65.19%,171,10.09%,82,4.84%,12.81%,62.24%,73.46%,52.50%,60.22%,82.77%,6.35,2.19
hard,255,Harold Mayot,32,22-10,68.75%,62.70%,62.56%,137,6.11%,77,3.43%,8.90%,61.45%,69.98%,51.10%,56.09%,79.13%,6.5,2.43
hard,201,Harry Wendelken,40,27-13,67.50%,60.50%,60.90%,142,4.92%,110,3.81%,8.02%,52.46%,68.96%,51.17%,55.63%,72.67%,6.41,2.53
hard,309,Hayato Matsuoka,42,23-19,54.76%,63.06%,63.95%,158,5.37%,130,4.42%,13.14%,66.39%,69.29%,50.76%,58.44%,77.19%,6.28,2.32
hard,211,Henri Squire,9,4-5,44.44%,66.32%,66.05%,50,7.52%,23,3.46%,12.57%,72.48%,73.24%,48.09%,55.00%,81.48%,6.16,2.07
hard,125,Henrique Rocha,16,8-8,50.00%,62.76%,63.92%,57,4.95%,53,4.60%,12.13%,62.07%,69.93%,51.03%,58.07%,77.05%,6.3,2.34
hard,430,Henry Bernet,6,1-5,16.67%,59.34%,58.53%,42,8.62%,23,4.72%,11.11%,57.49%,71.79%,42.51%,47.83%,71.23%,6.67,2.71
hard,217,Henry Searle,9,2-7,22.22%,63.39%,63.05%,36,6.22%,18,3.11%,8.29%,62.52%,70.17%,52.07%,56.78%,77.66%,6.16,2.26
hard,442,Hikaru Shiraishi,7,2-5,28.57%,58.82%,58.89%,19,3.02%,14,2.23%,6.36%,65.02%,66.26%,45.00%,48.06%,73.86%,7.15,2.94
hard,507,Hiroki Moriya,18,7-11,38.89%,58.62%,59.97%,35,2.57%,54,3.96%,9.39%,57.81%,65.36%,49.39%,54.51%,70.94%,6.71,2.78
hard,11,Holger Rune,13,8-5,61.54%,66.15%,65.59%,97,9.38%,42,4.06%,11.14%,63.54%,74.73%,51.19%,57.61%,84.76%,6.3,2.13
hard,72,Hubert Hurkacz,18,9-9,50.00%,68.54%,64.10%,253,18.51%,47,3.44%,10.20%,66.28%,78.48%,49.02%,54.59%,88.34%,6.13,1.93
hard,96,Hugo Gaston,32,23-9,71.88%,64.79%,64.57%,119,5.72%,58,2.79%,6.76%,58.79%,73.61%,52.21%,56.00%,77.97%,6.03,2.12
hard,221,Hugo Grenier,27,15-12,55.56%,65.19%,63.82%,214,11.13%,80,4.16%,11.66%,64.31%,74.68%,48.10%,54.46%,80.86%,6.34,2.21
hard,646,Hyeon Chung,18,6-12,33.33%,54.96%,58.67%,33,2.68%,101,8.21%,19.57%,58.05%,63.03%,43.80%,54.46%,60.66%,6.72,3.03
hard,263,Hynek Barton,16,8-8,50.00%,62.19%,59.61%,136,10.87%,38,3.04%,6.82%,55.48%,73.20%,48.47%,52.02%,77.01%,6.69,2.53
hard,310,Igor Marcondes,7,4-3,57.14%,65.30%,64.19%,38,9.16%,14,3.37%,8.70%,61.20%,71.65%,55.28%,60.54%,83.33%,6.29,2.18
hard,297,Ilia Simakin,40,28-12,70.00%,64.41%,63.41%,283,9.01%,114,3.63%,9.44%,61.57%,72.54%,51.37%,56.72%,81.52%,6.45,2.3
hard,402,Ilya Ivashka,24,15-9,62.50%,65.53%,66.15%,107,7.04%,69,4.54%,12.75%,64.41%,72.73%,52.50%,60.17%,81.97%,6.23,2.15
hard,272,Inaki Montes-De La Torre,15,9-6,60.00%,60.45%,63.26%,44,3.80%,77,6.65%,16.11%,58.72%,68.53%,48.95%,58.35%,74.55%,7.02,2.78
hard,351,Ioannis Xilas,14,6-8,42.86%,56.65%,59.48%,6,0.73%,43,5.25%,13.83%,62.03%,61.02%,49.52%,57.46%,62.41%,6.16,2.67
hard,263,Ivan Gakhov,9,6-3,66.67%,65.30%,64.03%,73,10.34%,27,3.82%,10.31%,62.89%,75.45%,48.09%,53.62%,80.00%,6.42,2.23
hard,563,Ivan Ivanov,5,1-4,20.00%,56.52%,56.68%,13,3.32%,11,2.81%,7.69%,63.43%,59.68%,51.05%,55.30%,66.67%,6.52,2.83
hard,360,Ivan Marrero Curbelo,9,5-4,55.56%,62.18%,63.45%,8,1.30%,17,2.76%,7.91%,65.10%,64.59%,57.67%,62.63%,76.53%,6.29,2.38
hard,585,Izan Almazan Valiente,5,2-3,40.00%,61.31%,61.39%,23,5.78%,15,3.77%,10.56%,64.32%,71.09%,43.66%,48.82%,76.27%,6.75,2.61
hard,285,J.J. Wolf,12,8-4,66.67%,64.54%,63.31%,80,8.95%,29,3.24%,7.47%,56.60%,75.89%,49.74%,53.76%,83.10%,6.3,2.23
hard,143,Jack Draper,11,6-5,54.55%,68.12%,67.50%,93,10.94%,37,4.35%,11.08%,60.71%,78.10%,52.69%,59.26%,84.89%,6.12,1.95
hard,389,Jack Kennedy,7,3-4,42.86%,54.23%,54.46%,31,6.25%,28,5.65%,12.73%,55.65%,63.04%,43.18%,49.48%,58.33%,6.89,3.15
hard,172,Jack Pinnington Jones,27,17-10,62.96%,63.13%,64.27%,127,7.41%,101,5.89%,15.61%,62.25%,72.63%,47.45%,56.23%,79.62%,6.59,2.43
hard,110,Jacob Fearnley,30,14-16,46.67%,61.04%,63.49%,147,6.71%,169,7.71%,19.40%,60.26%,71.16%,45.69%,56.70%,73.05%,6.56,2.56
hard,304,Jacopo Berrettini,7,1-6,14.29%,56.26%,59.29%,14,3.19%,32,7.29%,18.18%,59.91%,66.16%,41.48%,50.69%,60.29%,6.46,2.82
hard,79,Jaime Faria,12,6-6,50.00%,60.56%,61.58%,83,8.99%,67,7.26%,15.88%,54.28%,72.06%,46.92%,55.77%,73.19%,6.69,2.64
hard,503,Jake Delaney,10,2-8,20.00%,63.89%,61.81%,84,11.85%,28,3.95%,11.43%,65.44%,70.91%,50.61%,57.14%,79.28%,6.39,2.31
hard,16,Jakub Mensik,39,25-14,64.10%,66.36%,64.33%,449,14.61%,152,4.94%,12.89%,61.65%,78.36%,47.07%,54.04%,84.19%,6.31,2.12
hard,86,James Duckworth,40,22-18,55.00%,66.46%,65.33%,305,10.56%,112,3.88%,9.15%,57.63%,77.48%,51.47%,56.65%,85.68%,6.36,2.13
hard,239,James McCabe,39,21-18,53.85%,64.53%,62.07%,341,12.13%,97,3.45%,8.79%,60.73%,74.87%,48.55%,53.23%,80.68%,6.39,2.27
hard,442,James Trotter,22,7-15,31.82%,65.05%,62.89%,194,11.61%,57,3.41%,9.06%,62.36%,72.46%,52.78%,58.04%,81.30%,6.38,2.23
hard,717,James Watt,5,2-3,40.00%,62.21%,57.46%,61,15.68%,13,3.34%,11.50%,70.95%,68.12%,47.79%,54.00%,77.19%,6.82,2.58
hard,77,Jan Choinski,9,2-7,22.22%,62.50%,60.97%,58,7.25%,17,2.12%,5.92%,64.12%,69.98%,49.13%,52.22%,79.49%,6.84,2.56
hard,43,Jan-Lennard Struff,29,14-15,48.28%,66.05%,64.46%,270,11.68%,92,3.98%,10.10%,60.60%,75.80%,51.04%,56.78%,81.77%,6.2,2.1
hard,1,Jannik Sinner,46,42-4,91.30%,72.41%,70.13%,368,12.16%,58,1.92%,5.54%,65.44%,80.72%,56.69%,60.02%,92.79%,5.9,1.63
hard,1107,Jason Jung,9,2-7,22.22%,58.02%,57.43%,43,6.45%,25,3.75%,10.68%,64.92%,63.51%,47.86%,53.59%,63.46%,6.41,2.69
hard,179,Jason Kubler,9,4-5,44.44%,65.17%,62.78%,53,10.37%,12,2.35%,6.78%,65.36%,73.95%,48.59%,52.12%,77.91%,5.94,2.07
hard,43,Jaume Munar,27,15-12,55.56%,66.57%,65.73%,152,7.68%,54,2.73%,7.70%,64.60%,74.20%,52.64%,57.03%,82.46%,6.09,2.04
hard,457,Javier Barranco Cosano,7,2-5,28.57%,54.78%,57.11%,12,2.87%,26,6.22%,18.18%,65.79%,61.09%,42.66%,52.14%,60.32%,6.63,3
hard,238,Jay Clarke,19,10-9,52.63%,62.59%,63.68%,69,5.20%,62,4.68%,11.01%,57.54%,72.74%,48.85%,54.89%,78.77%,6.25,2.34
hard,314,Jay Friend,29,17-12,58.62%,63.72%,64.71%,143,6.41%,112,5.02%,13.35%,62.38%,70.24%,52.92%,61.07%,81.10%,6.48,2.35
hard,74,Jenson Brooksby,26,13-13,50.00%,63.36%,63.44%,83,4.55%,50,2.74%,7.72%,64.51%,70.03%,51.23%,55.52%,77.93%,6.3,2.31
hard,205,Jerome Kym,11,5-6,45.45%,66.37%,63.89%,118,11.81%,28,2.80%,9.12%,69.27%,73.99%,49.19%,54.12%,83.87%,5.37,1.81
hard,105,Jesper de Jong,17,7-10,41.18%,63.20%,62.40%,130,10.24%,62,4.89%,11.99%,59.26%,72.87%,49.13%,55.82%,75.12%,6.31,2.32
hard,450,Jie Cui,23,10-13,43.48%,61.84%,62.00%,95,5.32%,63,3.53%,9.20%,61.67%,70.05%,48.61%,53.54%,76.10%,6.57,2.51
hard,14,Jiri Lehecka,39,25-14,64.10%,67.64%,65.61%,303,10.94%,73,2.64%,7.56%,65.15%,76.05%,51.92%,56.17%,86.92%,6.14,1.99
hard,26,Joao Fonseca,22,16-6,72.73%,66.93%,65.98%,128,7.64%,42,2.51%,7.72%,67.52%,73.03%,54.23%,58.76%,85.23%,6.34,2.1
hard,182,Joel Schwaerzler,22,14-8,63.64%,63.85%,62.86%,161,9.37%,68,3.96%,10.09%,60.77%,73.95%,48.22%,53.63%,78.71%,6.53,2.36
hard,315,Johannus Monday,34,19-15,55.88%,67.63%,67.57%,186,7.48%,87,3.50%,10.71%,67.35%,74.33%,53.82%,60.28%,87.15%,6.26,2.03
hard,314,Jonas Forejtek,7,3-4,42.86%,65.54%,63.14%,50,9.42%,9,1.69%,4.25%,60.08%,77.74%,47.17%,49.26%,83.13%,6.4,2.2
hard,113,Jordan Thompson,15,7-8,46.67%,64.98%,61.90%,112,10.32%,15,1.38%,3.84%,63.96%,73.05%,50.64%,52.66%,83.13%,6.54,2.29
hard,151,Juan Carlos Prado Angelo,9,5-4,55.56%,58.78%,60.00%,15,2.04%,25,3.40%,8.62%,60.54%,66.74%,46.55%,50.94%,70.75%,6.93,2.86
hard,51,Juan Manuel Cerundolo,16,11-5,68.75%,65.23%,65.07%,83,7.80%,42,3.95%,9.44%,58.18%,73.83%,53.26%,58.81%,82.35%,6.26,2.18
hard,341,Juan Pablo Ficovich,15,6-9,40.00%,64.12%,63.53%,71,6.77%,31,2.96%,8.05%,63.26%,68.48%,56.62%,61.58%,81.07%,6.2,2.22
hard,228,Juncheng Shang,17,7-10,41.18%,63.86%,63.63%,73,5.54%,37,2.81%,7.76%,63.78%,68.45%,55.77%,60.45%,80.49%,6.42,2.32
hard,132,Jurij Rodionov,42,27-15,64.29%,63.83%,63.58%,234,7.71%,122,4.02%,9.92%,59.49%,72.04%,51.79%,57.49%,78.78%,6.38,2.31
hard,391,Justin Boulais,25,10-15,40.00%,59.04%,60.17%,90,5.23%,92,5.35%,13.22%,59.56%,67.02%,47.27%,54.47%,69.20%,6.54,2.68
hard,190,Justin Engel,28,13-15,46.43%,65.26%,64.29%,208,10.31%,85,4.21%,11.01%,61.74%,74.16%,50.91%,57.21%,81.56%,6.31,2.19
hard,259,Kaichi Uchida,37,18-19,48.65%,64.47%,63.36%,251,9.72%,100,3.87%,8.98%,56.84%,75.46%,50.00%,54.93%,80.39%,6.33,2.25
hard,68,Kamil Majchrzak,25,11-14,44.00%,63.06%,61.02%,185,8.58%,46,2.13%,5.74%,62.78%,71.40%,49.00%,51.98%,80.38%,6.82,2.52
hard,554,Karan Singh,17,2-15,11.76%,59.56%,59.65%,83,6.73%,58,4.70%,10.96%,57.13%,65.67%,51.42%,57.75%,73.22%,6.74,2.73
hard,39,Karen Khachanov,23,8-15,34.78%,67.31%,65.60%,210,10.74%,59,3.02%,8.43%,64.19%,76.18%,51.43%,56.16%,85.40%,6.21,2.03
hard,518,Karim Bennani,5,3-2,60.00%,65.20%,67.01%,13,4.08%,15,4.70%,10.87%,56.74%,74.59%,52.90%,59.35%,81.48%,5.91,2.06
hard,611,Karl Poling,9,4-5,44.44%,61.90%,63.48%,11,1.47%,25,3.34%,10.04%,66.71%,66.13%,53.41%,59.38%,80.56%,6.93,2.64
hard,406,Kasidit Samrej,17,5-12,29.41%,60.84%,61.67%,109,8.50%,85,6.63%,17.31%,61.70%,70.29%,45.62%,55.17%,75.66%,6.78,2.66
hard,664,Kaylan Bigun,6,1-5,16.67%,57.82%,59.17%,25,7.37%,25,7.37%,18.38%,59.88%,71.43%,37.50%,45.95%,67.92%,6.4,2.7
hard,831,Keegan Rice,10,6-4,60.00%,57.38%,59.12%,29,3.42%,45,5.31%,13.89%,61.75%,62.33%,49.38%,57.35%,64.57%,6.67,2.84
hard,209,Keegan Smith,36,18-18,50.00%,67.01%,65.82%,246,8.81%,77,2.76%,10.66%,74.14%,71.11%,55.26%,61.86%,85.81%,6.39,2.11
hard,721,Kei Nishikori,9,4-5,44.44%,63.39%,63.45%,25,4.24%,15,2.54%,7.08%,64.07%,68.52%,54.25%,58.38%,79.17%,6.15,2.25
hard,525,Kenta Miyoshi,17,11-6,64.71%,62.95%,61.43%,93,8.42%,31,2.81%,6.39%,56.07%,71.57%,51.96%,55.51%,74.60%,5.84,2.16
hard,1340,Khololwam Montsi,5,3-2,60.00%,58.89%,60.00%,8,2.22%,12,3.33%,9.76%,65.83%,62.87%,51.22%,56.76%,71.93%,6.32,2.6
hard,508,Khumoyun Sultanov,8,4-4,50.00%,62.38%,61.42%,40,7.68%,17,3.26%,8.37%,61.04%,70.13%,50.25%,54.84%,75.00%,6.2,2.33
hard,215,Kimmer Coppejans,18,9-9,50.00%,57.96%,58.20%,70,4.91%,56,3.93%,9.95%,60.49%,65.66%,46.18%,51.28%,68.35%,6.54,2.75
hard,478,Koki Matsuda,11,5-6,45.45%,60.62%,59.17%,61,6.75%,20,2.21%,5.97%,62.94%,66.61%,50.45%,53.65%,78.20%,6.8,2.68
hard,566,Kokoro Isomura,17,5-12,29.41%,58.43%,61.15%,49,3.97%,86,6.97%,17.59%,60.37%,67.38%,44.79%,54.34%,68.85%,6.74,2.8
hard,956,Kriish Tyagi,6,4-2,66.67%,62.94%,62.09%,25,5.48%,9,1.97%,5.17%,61.84%,68.44%,54.02%,56.97%,74.29%,6.51,2.41
hard,121,Kyrian Jacquet,26,18-8,69.23%,64.54%,63.55%,163,8.33%,63,3.22%,7.44%,56.72%,72.70%,53.84%,58.16%,81.58%,6.44,2.28
hard,221,Laslo Djere,8,1-7,12.50%,63.72%,62.78%,36,5.78%,12,1.93%,5.83%,66.93%,69.30%,52.43%,55.67%,78.95%,6.56,2.38
hard,473,Laurent Lokoli,7,3-4,42.86%,60.00%,60.13%,42,7.92%,29,5.47%,14.50%,62.26%,70.00%,43.50%,50.88%,71.60%,6.54,2.62
hard,191,Lautaro Midon,8,6-2,75.00%,57.98%,59.77%,26,4.46%,35,6.00%,11.99%,49.91%,65.64%,50.34%,57.20%,70.33%,6.41,2.69
hard,117,Leandro Riedi,21,15-6,71.43%,64.65%,63.84%,122,8.57%,51,3.58%,8.57%,58.19%,71.86%,54.62%,59.74%,82.74%,6.3,2.23
hard,12,Learner Tien,44,30-14,68.18%,63.53%,63.93%,241,7.25%,157,4.72%,12.60%,62.54%,70.72%,51.52%,58.95%,78.10%,6.34,2.31
hard,549,Leo Borg,8,3-5,37.50%,54.48%,55.85%,15,2.80%,25,4.66%,12.25%,61.94%,61.45%,43.14%,49.16%,63.41%,6.54,2.98
hard,642,Leo Vithoontien,7,3-4,42.86%,62.79%,63.06%,32,6.11%,21,4.01%,13.12%,69.47%,65.93%,55.62%,64.03%,80.77%,6.72,2.5
hard,350,Li Tu,19,11-8,57.89%,65.07%,63.91%,177,12.32%,74,5.15%,12.61%,59.15%,74.71%,51.11%,58.48%,82.06%,6.44,2.25
hard,199,Liam Broady,33,20-13,60.61%,63.46%,63.61%,113,5.04%,70,3.12%,8.14%,61.68%,70.23%,52.56%,57.22%,78.37%,6.3,2.3
hard,209,Liam Draxl,33,20-13,60.61%,63.04%,63.73%,124,5.74%,94,4.35%,12.30%,64.66%,69.81%,50.65%,57.76%,76.83%,6.34,2.34
hard,298,Lilian Marmousez,5,3-2,60.00%,65.53%,66.52%,18,6.82%,13,4.92%,10.08%,51.14%,74.07%,56.59%,62.93%,83.33%,6.29,2.17
hard,179,Lloyd Harris,29,22-7,75.86%,65.68%,63.00%,258,11.51%,56,2.50%,7.23%,65.42%,74.90%,48.26%,52.02%,85.19%,6.38,2.19
hard,481,Lorenzo Carboni,6,1-5,16.67%,51.83%,52.86%,8,2.66%,13,4.32%,11.50%,62.46%,57.45%,42.48%,48.00%,52.94%,5.9,2.84
hard,198,Lorenzo Giustino,18,11-7,61.11%,60.91%,61.04%,66,4.98%,45,3.40%,8.57%,60.38%,68.88%,48.76%,53.33%,74.87%,6.79,2.66
hard,15,Lorenzo Musetti,44,28-16,63.64%,66.86%,66.41%,227,7.33%,94,3.04%,8.48%,64.18%,72.82%,56.18%,61.38%,84.69%,6.16,2.04
hard,88,Lorenzo Sonego,21,10-11,47.62%,66.46%,65.01%,142,8.90%,41,2.57%,7.54%,65.89%,74.22%,51.47%,55.67%,84.46%,6.35,2.13
hard,435,Luca Castelnuovo,12,3-9,25.00%,61.15%,59.57%,92,9.96%,38,4.11%,9.97%,58.77%,69.80%,48.82%,54.23%,76.47%,6.79,2.64
hard,173,Luca Nardi,20,10-10,50.00%,63.23%,63.67%,71,5.19%,50,3.65%,9.62%,61.99%,69.58%,52.88%,58.51%,78.97%,6.39,2.35
hard,425,Luca Potenza,9,5-4,55.56%,60.76%,61.75%,19,3.30%,21,3.65%,8.97%,59.38%,65.79%,53.42%,58.69%,71.74%,6.26,2.46
hard,49,Luca Van Assche,24,16-8,66.67%,64.17%,64.79%,102,5.92%,72,4.18%,11.16%,62.54%,70.75%,53.18%,59.86%,81.68%,6.57,2.35
hard,500,Lucas Poullain,19,11-8,57.89%,61.05%,60.65%,44,3.34%,20,1.52%,4.75%,68.03%,65.74%,51.07%,53.62%,74.51%,6.46,2.51
hard,20,Luciano Darderi,22,8-14,36.36%,62.10%,61.24%,140,8.71%,66,4.11%,10.71%,61.67%,71.95%,46.27%,51.82%,75.20%,6.43,2.44
hard,380,Lucio Ratti,5,2-3,40.00%,61.87%,63.40%,19,4.56%,21,5.04%,15.11%,66.67%,69.06%,47.48%,55.93%,75.41%,6.84,2.61
hard,396,Lui Maxted,8,3-5,37.50%,62.28%,60.87%,47,7.64%,16,2.60%,8.89%,70.73%,70.34%,42.78%,46.95%,76.29%,6.34,2.39
hard,195,Luka Mikrut,5,2-3,40.00%,60.85%,60.73%,26,6.13%,16,3.77%,9.36%,59.67%,69.17%,48.54%,53.55%,75.76%,6.42,2.52
hard,208,Luka Pavlovic,13,8-5,61.54%,65.66%,64.60%,120,13.38%,51,5.69%,12.38%,54.07%,80.00%,48.79%,55.68%,83.45%,6.45,2.22
hard,150,Lukas Klein,10,4-6,40.00%,64.87%,64.63%,62,7.95%,31,3.97%,12.16%,67.31%,70.67%,52.94%,60.27%,83.47%,6.45,2.26
hard,169,Lukas Neumayer,12,6-6,50.00%,63.19%,64.10%,38,4.26%,34,3.82%,10.33%,63.08%,68.86%,53.50%,59.66%,79.55%,6.75,2.48
hard,144,Mackenzie McDonald,21,9-12,42.86%,62.36%,62.02%,98,6.64%,52,3.52%,9.40%,62.56%,68.61%,51.90%,57.29%,79.48%,6.45,2.43
hard,518,Mae Malige,13,5-8,38.46%,57.82%,58.62%,27,3.06%,31,3.51%,8.76%,59.86%,62.50%,50.85%,55.73%,70.00%,6.78,2.86
hard,231,Maks Kasnikowski,23,11-12,47.83%,62.20%,61.04%,104,6.49%,36,2.25%,5.54%,59.45%,70.20%,50.46%,53.42%,78.54%,6.49,2.45
hard,362,Manas Dhamne,16,7-9,43.75%,60.71%,62.22%,25,2.27%,42,3.81%,10.00%,61.89%,66.42%,51.43%,57.14%,73.60%,6.19,2.43
hard,740,Manish Sureshkumar,7,3-4,42.86%,59.52%,58.18%,30,7.23%,12,2.89%,7.02%,58.80%,69.67%,45.03%,48.43%,67.69%,6.38,2.58
hard,381,Marat Sharipov,20,11-9,55.00%,66.37%,63.46%,211,14.36%,54,3.68%,9.06%,59.43%,77.09%,50.67%,55.72%,82.48%,6.28,2.11
hard,366,Marc Polmans,10,4-6,40.00%,60.92%,61.40%,55,6.67%,41,4.98%,13.99%,64.44%,68.93%,46.42%,53.97%,76.19%,6.54,2.56
hard,297,Marc-Andrea Huesler,24,11-13,45.83%,66.70%,64.98%,204,11.51%,63,3.56%,9.16%,61.17%,75.00%,53.63%,59.04%,84.75%,6.28,2.09
hard,91,Marco Trungelliti,5,1-4,20.00%,61.63%,61.19%,29,8.76%,16,4.83%,12.50%,61.33%,71.43%,46.09%,52.68%,68.09%,7.04,2.7
hard,45,Marcos Giron,35,18-17,51.43%,65.46%,64.59%,175,6.36%,59,2.14%,6.02%,64.40%,71.69%,54.18%,57.65%,83.60%,6.36,2.2
hard,376,Marek Gengel,27,13-14,48.15%,61.09%,60.29%,159,8.20%,79,4.08%,10.62%,61.61%,71.36%,44.62%,49.92%,74.50%,6.42,2.5
hard,44,Mariano Navone,18,9-9,50.00%,61.12%,62.04%,42,2.80%,48,3.20%,9.92%,67.78%,66.01%,50.83%,56.42%,75.00%,6.47,2.52
hard,80,Marin Cilic,26,12-14,46.15%,66.68%,64.35%,270,14.06%,80,4.16%,9.65%,56.85%,79.76%,49.46%,54.74%,85.76%,6.36,2.12
hard,159,Mark Lajal,47,29-18,61.70%,63.84%,63.92%,338,8.86%,196,5.14%,12.59%,59.20%,74.28%,48.68%,55.69%,81.46%,6.61,2.39
hard,346,Marko Topo,7,4-3,57.14%,68.17%,66.67%,48,9.86%,13,2.67%,6.77%,60.57%,77.29%,54.17%,58.10%,88.16%,6.41,2.04
hard,326,Martin Damm,35,21-14,60.00%,70.14%,67.66%,474,18.77%,134,5.31%,13.93%,61.90%,79.40%,55.09%,64.01%,89.62%,5.96,1.78
hard,261,Martin Krumich,8,3-5,37.50%,64.12%,61.34%,52,9.92%,9,1.72%,5.17%,66.79%,71.14%,50.00%,52.73%,78.31%,6.31,2.27
hard,67,Martin Landaluce,33,18-15,54.55%,63.66%,64.71%,144,6.36%,115,5.08%,13.31%,61.85%,72.09%,50.00%,57.68%,78.29%,6.47,2.35
hard,82,Marton Fucsovics,26,12-14,46.15%,62.73%,62.95%,97,5.78%,63,3.76%,9.77%,61.54%,70.06%,51.01%,56.53%,78.57%,6.3,2.35
hard,415,Masamichi Imamura,22,9-13,40.91%,58.55%,59.05%,34,2.51%,35,2.58%,6.85%,62.32%,63.43%,50.49%,54.20%,66.82%,6.25,2.59
hard,422,Massimo Giunta,6,2-4,33.33%,64.87%,62.75%,61,11.34%,18,3.35%,8.61%,61.15%,74.16%,50.24%,54.97%,84.62%,6.9,2.42
hard,257,Matej Dodig,21,10-11,47.62%,63.28%,61.96%,139,9.16%,53,3.49%,9.85%,64.54%,72.22%,47.03%,52.16%,80.09%,6.57,2.41
hard,359,Mathys Erhard,12,6-6,50.00%,65.28%,65.26%,68,7.67%,36,4.06%,10.94%,62.91%,74.19%,50.15%,56.31%,82.09%,6.62,2.3
hard,298,Mats Rosenkranz,28,15-13,53.57%,64.27%,62.99%,180,10.21%,70,3.97%,10.29%,61.43%,73.50%,49.56%,55.25%,82.29%,6.51,2.32
hard,747,Matt Kuhar,5,2-3,40.00%,55.24%,56.64%,12,3.81%,17,5.40%,15.18%,64.44%,64.04%,39.29%,46.32%,58.33%,6.56,2.94
hard,34,Matteo Arnaldi,13,3-10,23.08%,62.05%,61.34%,95,9.27%,48,4.68%,11.11%,57.85%,73.69%,46.06%,51.82%,75.74%,6.07,2.3
hard,42,Matteo Berrettini,23,13-10,56.52%,69.26%,66.27%,210,13.17%,35,2.20%,6.24%,64.81%,77.15%,54.72%,58.37%,88.08%,6.13,1.88
hard,283,Matteo Martineau,27,14-13,51.85%,64.87%,64.32%,188,8.75%,86,4.00%,12.93%,69.06%,72.64%,47.52%,54.58%,82.82%,6.59,2.32
hard,447,Matthew Dellavedova,8,1-7,12.50%,54.90%,54.58%,13,2.65%,8,1.63%,5.84%,72.04%,58.07%,46.72%,49.61%,57.50%,6.12,2.76
hard,81,Mattia Bellucci,24,12-12,50.00%,63.91%,63.29%,136,8.39%,63,3.89%,10.06%,61.38%,71.26%,52.24%,58.08%,79.68%,6.46,2.33
hard,250,Max Basing,15,6-9,40.00%,58.75%,61.24%,16,1.52%,53,5.04%,14.93%,66.25%,66.14%,44.23%,51.99%,70.13%,6.83,2.82
hard,332,Max Hans Rehberg,6,4-2,66.67%,64.08%,63.94%,23,5.40%,12,2.82%,8.63%,67.37%,66.90%,58.27%,63.78%,84.13%,6.76,2.43
hard,554,Max Wiskandt,11,3-8,27.27%,61.60%,61.00%,54,7.08%,27,3.54%,10.42%,66.06%,65.28%,54.44%,60.78%,69.53%,5.96,2.29
hard,317,Maxim Mrva,22,13-9,59.09%,55.66%,56.52%,66,4.30%,74,4.82%,10.96%,56.05%,64.11%,44.89%,50.42%,61.57%,6.71,2.97
hard,531,Maxim Zhukov,6,1-5,16.67%,55.14%,55.64%,31,6.50%,29,6.08%,13.55%,55.14%,60.84%,48.13%,55.68%,63.08%,7.34,3.29
hard,488,Maxime Chazal,6,3-3,50.00%,65.19%,66.11%,28,6.91%,20,4.94%,13.99%,64.69%,74.05%,48.95%,56.91%,82.26%,6.53,2.27
hard,572,Maxime Janvier,8,3-5,37.50%,60.71%,62.30%,48,6.81%,47,6.67%,17.15%,61.13%,71.00%,44.53%,53.74%,73.79%,6.84,2.69
hard,419,Maximus Jones,28,11-17,39.29%,61.06%,60.93%,162,7.14%,99,4.36%,10.63%,58.99%,71.17%,46.51%,52.04%,74.26%,6.72,2.62
hard,416,Mees Rottgering,10,4-6,40.00%,59.32%,59.54%,37,4.86%,28,3.67%,8.56%,57.09%,68.05%,47.71%,52.17%,74.07%,7.06,2.87
hard,299,Mert Alkaya,23,13-10,56.52%,63.45%,62.15%,152,9.17%,58,3.50%,7.56%,53.74%,72.73%,52.67%,56.98%,80.23%,6.43,2.35
hard,794,Micah Braswell,7,3-4,42.86%,57.56%,53.52%,54,12.00%,13,2.89%,7.51%,61.56%,62.82%,49.13%,53.12%,67.12%,6.16,2.62
hard,339,Michael Geerts,37,18-19,48.65%,63.12%,63.30%,146,5.48%,92,3.45%,8.01%,56.85%,70.48%,53.44%,58.09%,78.40%,6.46,2.38
hard,181,Michael Mmoh,42,26-16,61.90%,62.49%,64.07%,252,8.59%,214,7.29%,18.64%,60.89%,73.20%,45.82%,56.32%,76.82%,6.48,2.43
hard,110,Michael Zheng,27,19-8,70.37%,63.02%,63.15%,122,6.47%,75,3.98%,9.62%,58.62%,73.67%,47.95%,53.05%,78.84%,6.43,2.38
hard,265,Michele Ribecai,9,4-5,44.44%,59.79%,61.33%,16,2.13%,29,3.86%,9.21%,58.06%,62.61%,55.87%,61.54%,74.76%,7.29,2.93
hard,300,Miguel Damas,5,2-3,40.00%,55.44%,56.49%,2,0.68%,7,2.38%,7.61%,68.71%,60.89%,43.48%,47.06%,60.00%,5.88,2.62
hard,473,Miguel Tobon,9,3-6,33.33%,62.74%,62.75%,47,6.44%,28,3.84%,10.26%,62.60%,69.37%,51.65%,57.55%,76.79%,6.52,2.43
hard,417,Mika Brunold,12,7-5,58.33%,64.88%,64.78%,54,5.91%,28,3.06%,8.16%,62.47%,69.35%,57.43%,62.54%,82.14%,6.53,2.29
hard,281,Mikhail Kukushkin,36,20-16,55.56%,64.04%,63.05%,116,4.69%,29,1.17%,3.26%,64.08%,69.80%,53.77%,55.58%,80.41%,6.38,2.29
hard,670,Millen Hurrion,7,1-6,14.29%,57.49%,58.14%,30,6.16%,27,5.54%,13.37%,58.52%,64.91%,47.03%,54.29%,66.67%,6.24,2.65
hard,461,Milos Karol,8,4-4,50.00%,68.40%,65.58%,118,17.51%,33,4.90%,11.79%,58.46%,81.98%,49.29%,55.87%,89.22%,6.61,2.09
hard,66,Miomir Kecmanovic,33,15-18,45.45%,63.84%,63.08%,205,7.67%,88,3.29%,8.54%,61.48%,72.51%,50.00%,54.67%,78.66%,6.41,2.32
hard,712,Mirza Basic,5,2-3,40.00%,58.17%,57.32%,16,6.08%,8,3.04%,9.88%,69.20%,65.93%,40.74%,45.21%,66.67%,6.26,2.62
hard,364,Mitchell Krueger,24,13-11,54.17%,63.60%,63.26%,107,6.38%,53,3.16%,9.41%,66.41%,71.07%,48.85%,53.92%,81.01%,6.5,2.36
hard,545,Mitsuki Wei Kang Leong,11,3-8,27.27%,59.53%,59.07%,58,7.22%,34,4.23%,12.64%,66.50%,66.67%,45.35%,51.91%,71.54%,6.53,2.64
hard,425,Moerani Bouzige,18,4-14,22.22%,60.00%,60.10%,98,8.31%,67,5.68%,13.01%,56.36%,70.83%,46.02%,52.90%,71.98%,6.48,2.59
hard,194,Moez Echargui,25,13-12,52.00%,64.60%,63.88%,132,7.53%,55,3.14%,7.09%,55.76%,71.78%,55.54%,59.78%,82.18%,6.38,2.26
hard,212,Moise Kouame,16,8-8,50.00%,61.40%,62.63%,73,6.71%,65,5.97%,14.71%,59.38%,70.28%,48.42%,56.76%,78.26%,6.76,2.61
hard,517,Mukund Sasikumar,12,4-8,33.33%,63.04%,61.49%,70,7.70%,21,2.31%,5.85%,60.51%,70.55%,51.53%,54.73%,75.35%,6.4,2.37
hard,285,Murphy Cassone,40,20-20,50.00%,62.35%,61.22%,257,8.80%,109,3.73%,10.25%,63.58%,69.99%,49.01%,54.61%,77.60%,6.6,2.49
hard,954,Naoya Honda,8,3-5,37.50%,61.54%,62.70%,30,6.07%,27,5.47%,11.95%,54.25%,69.40%,52.21%,59.30%,75.90%,5.95,2.29
hard,425,Neil Oberleitner,9,4-5,44.44%,61.68%,59.57%,61,11.13%,22,4.01%,10.48%,61.68%,71.30%,46.19%,51.60%,73.33%,6.09,2.33
hard,152,Nicolai Budkov Kjaer,38,22-16,57.89%,63.98%,62.68%,232,9.07%,85,3.32%,8.77%,62.10%,72.29%,50.36%,55.20%,79.00%,6.39,2.3
hard,1086,Nicolas Arseneault,6,1-5,16.67%,59.45%,60.75%,18,4.10%,21,4.78%,11.17%,57.18%,68.92%,46.81%,52.69%,71.01%,6.36,2.58
hard,129,Nicolas Mejia,33,14-19,42.42%,59.81%,59.31%,130,5.50%,69,2.92%,7.36%,60.36%,67.69%,47.81%,51.61%,72.21%,6.77,2.72
hard,439,Niels Visker,13,6-7,46.15%,67.48%,65.54%,135,14.30%,43,4.56%,10.54%,56.78%,78.36%,53.19%,59.45%,86.81%,6.56,2.13
hard,1137,Nikolai Barsukov,5,3-2,60.00%,61.52%,63.76%,28,8.16%,28,8.16%,18.79%,56.56%,76.80%,41.61%,51.24%,73.08%,6.6,2.54
hard,494,Nikolay Vylegzhanin,5,2-3,40.00%,57.63%,61.99%,4,1.25%,25,7.79%,21.74%,64.17%,65.53%,43.48%,55.56%,67.35%,6.55,2.78
hard,133,Nikoloz Basilashvili,14,5-9,35.71%,63.22%,63.03%,107,11.64%,60,6.53%,14.63%,55.39%,75.25%,48.29%,56.57%,78.87%,6.47,2.38
hard,146,Nishesh Basavareddy,14,7-7,50.00%,64.36%,63.77%,91,9.68%,43,4.57%,10.75%,57.45%,71.67%,54.50%,61.06%,81.33%,6.27,2.23
hard,418,Norbert Gombos,12,5-7,41.67%,61.70%,60.68%,58,6.26%,22,2.37%,6.49%,63.43%,67.52%,51.62%,55.21%,73.10%,6.39,2.45
hard,5,Novak Djokovic,23,18-5,78.26%,68.00%,67.34%,176,8.49%,65,3.14%,9.13%,65.64%,74.93%,54.78%,60.28%,86.96%,6.43,2.06
hard,47,Nuno Borges,35,18-17,51.43%,66.06%,64.90%,258,8.97%,88,3.06%,8.85%,65.44%,75.29%,48.59%,53.31%,84.68%,6.48,2.2
hard,337,Ognjen Milic,14,8-6,57.14%,64.26%,64.05%,91,9.80%,48,5.17%,10.50%,50.81%,77.54%,50.55%,56.48%,80.00%,6.19,2.21
hard,674,Olaf Pieczkowski,6,2-4,33.33%,58.64%,60.34%,20,4.38%,26,5.69%,15.48%,63.24%,62.98%,51.19%,60.56%,75.00%,7.62,3.15
hard,400,Oleg Prihodko,8,6-2,75.00%,63.22%,63.50%,44,7.22%,28,4.60%,14.07%,67.32%,71.22%,46.73%,54.39%,81.32%,6.69,2.46
hard,237,Oliver Crawford,39,22-17,56.41%,64.61%,65.47%,157,4.98%,124,3.94%,10.11%,61.09%,71.12%,54.40%,60.53%,81.28%,6.48,2.29
hard,436,Oliver Tarvet,14,8-6,57.14%,61.65%,60.51%,102,9.78%,47,4.51%,11.30%,60.12%,70.02%,49.04%,55.28%,75.45%,6.25,2.4
hard,407,Olle Wallin,14,4-10,28.57%,58.01%,58.07%,69,6.62%,51,4.89%,11.23%,56.47%,65.87%,47.80%,53.85%,62.86%,7.45,3.13
hard,515,Omar Jasika,21,5-16,23.81%,57.96%,59.36%,45,2.78%,69,4.26%,12.48%,65.86%,61.95%,50.27%,57.44%,68.64%,6.86,2.89
hard,1215,Orel Kimhi,6,2-4,33.33%,56.14%,57.14%,4,1.00%,10,2.51%,9.35%,73.18%,60.62%,43.93%,48.45%,64.41%,6.76,2.97
hard,114,Otto Virtanen,26,17-9,65.38%,66.52%,64.20%,257,13.99%,77,4.19%,10.36%,59.55%,76.51%,51.82%,57.81%,83.78%,6.21,2.08
hard,486,Ozan Baris,5,3-2,60.00%,58.65%,58.52%,18,5.28%,12,3.52%,8.63%,59.24%,67.33%,46.04%,50.39%,67.31%,6.56,2.71
hard,72,Pablo Carreno Busta,19,10-9,52.63%,63.46%,63.15%,77,5.44%,38,2.69%,7.71%,65.16%,70.28%,50.71%,54.95%,79.64%,6.4,2.34
hard,127,Pablo Llamas Ruiz,15,8-7,53.33%,61.76%,61.61%,38,3.37%,21,1.86%,5.97%,68.77%,66.06%,52.27%,55.59%,78.95%,6.59,2.52
hard,113,Patrick Kypson,31,23-8,74.19%,67.26%,65.97%,180,8.20%,50,2.28%,6.84%,66.71%,74.74%,52.26%,56.09%,84.90%,6.26,2.05
hard,408,Patrick Zahraj,18,7-11,38.89%,56.51%,57.68%,74,5.81%,80,6.28%,14.52%,56.75%,67.77%,41.74%,48.83%,62.84%,6.96,3.03
hard,600,Paul Inchauspe,11,7-4,63.64%,66.42%,66.44%,45,5.49%,23,2.81%,7.67%,63.37%,73.41%,54.33%,58.84%,84.68%,6.6,2.22
hard,375,Paul Jubb,16,8-8,50.00%,57.58%,58.40%,60,4.87%,60,4.87%,13.07%,62.77%,64.47%,45.97%,52.88%,67.38%,6.59,2.8
hard,243,Pavel Kotov,28,19-9,67.86%,68.32%,67.25%,187,10.16%,62,3.37%,9.23%,63.48%,78.00%,51.49%,56.72%,86.27%,6.01,1.91
hard,591,Pavle Marinkov,8,2-6,25.00%,58.06%,58.60%,41,7.51%,34,6.23%,15.25%,59.16%,66.25%,46.19%,54.50%,64.77%,6.2,2.6
hard,148,Pedro Martinez,15,9-6,60.00%,62.98%,64.63%,41,3.94%,49,4.71%,12.96%,63.65%,71.30%,48.41%,55.62%,78.88%,6.46,2.39
hard,285,Petr Bar Biryukov,34,17-17,50.00%,64.44%,63.85%,330,13.43%,164,6.67%,16.27%,58.99%,75.72%,48.21%,57.58%,80.31%,6.37,2.26
hard,331,Petr Brunclik,18,10-8,55.56%,65.00%,66.13%,85,7.10%,64,5.35%,13.47%,60.32%,73.96%,51.37%,59.37%,79.03%,6.44,2.25
hard,364,Petr Nesterov,5,3-2,60.00%,60.34%,58.13%,20,5.67%,1,0.28%,0.88%,67.99%,62.08%,56.64%,57.14%,69.49%,5.98,2.37
hard,298,Philip Henning,16,10-6,62.50%,63.88%,64.26%,47,4.80%,32,3.27%,8.79%,62.86%,70.62%,52.47%,57.53%,76.73%,6.16,2.23
hard,301,Philip Sekulic,38,16-22,42.11%,60.84%,61.30%,159,5.77%,121,4.39%,12.32%,64.39%,67.06%,49.59%,56.56%,72.27%,6.54,2.56
hard,232,Pierre-Hugues Herbert,15,7-8,46.67%,63.98%,63.36%,129,11.82%,64,5.87%,14.04%,58.20%,74.02%,50.00%,58.16%,79.66%,6.16,2.22
hard,446,Pietro Fellin,6,3-3,50.00%,58.71%,59.25%,15,3.73%,14,3.48%,9.09%,61.69%,67.74%,44.16%,48.57%,68.97%,6.93,2.86
hard,222,Pol Martin Tiffon,16,12-4,75.00%,65.40%,66.73%,71,6.25%,58,5.11%,11.93%,57.22%,76.15%,51.03%,57.94%,83.62%,6.42,2.22
hard,57,Quentin Halys,27,10-17,37.04%,65.46%,62.98%,278,13.62%,83,4.07%,10.52%,61.34%,76.60%,47.78%,53.40%,81.70%,6.44,2.22
hard,471,Quinn Vandecasteele,14,6-8,42.86%,61.82%,62.10%,68,6.73%,46,4.55%,9.98%,54.40%,71.64%,50.11%,55.66%,76.32%,6.65,2.54
hard,507,Radu Albot,12,5-7,41.67%,60.65%,62.01%,27,3.38%,34,4.26%,11.53%,63.03%,65.01%,53.22%,60.15%,71.67%,6.65,2.62
hard,11,Rafael Jodar,52,38-14,73.08%,65.41%,64.88%,214,6.46%,89,2.69%,7.01%,61.70%,71.97%,54.85%,58.98%,82.18%,6.22,2.15
hard,38,Raphael Collignon,37,25-12,67.57%,65.38%,66.95%,266,9.49%,197,7.03%,20.31%,65.38%,75.82%,45.67%,57.31%,82.73%,6.37,2.2
hard,345,Raphael Perot,7,2-5,28.57%,60.13%,60.73%,17,2.80%,17,2.80%,7.11%,60.63%,66.03%,51.05%,54.95%,76.92%,6.67,2.66
hard,237,Raul Brancaccio,9,4-5,44.44%,62.79%,64.52%,32,5.25%,34,5.57%,13.71%,59.34%,69.61%,52.82%,61.21%,77.55%,6.22,2.32
hard,165,Rei Sakamoto,35,22-13,62.86%,66.73%,64.70%,285,11.13%,75,2.93%,7.81%,62.51%,75.70%,51.77%,56.16%,84.39%,6.25,2.08
hard,76,Reilly Opelka,18,7-11,38.89%,71.91%,66.42%,339,24.93%,59,4.34%,15.21%,71.47%,79.94%,51.80%,61.09%,90.67%,6.04,1.7
hard,182,Remy Bertola,21,9-12,42.86%,64.55%,64.86%,100,6.96%,61,4.25%,11.05%,61.56%,71.95%,52.72%,59.27%,79.57%,6.24,2.21
hard,327,Renta Tokuda,19,5-14,26.32%,59.79%,59.31%,52,3.92%,25,1.88%,5.64%,66.64%,64.75%,49.89%,52.87%,70.14%,6.29,2.53
hard,832,Rigele Te,6,0-6,0.00%,57.58%,56.07%,35,7.58%,15,3.25%,7.25%,55.19%,63.53%,50.24%,54.17%,65.67%,6.9,2.93
hard,95,Rinky Hijikata,39,22-17,56.41%,61.90%,61.82%,165,5.74%,98,3.41%,8.51%,59.99%,67.67%,53.26%,58.21%,76.26%,6.57,2.5
hard,216,Rio Noguchi,49,30-19,61.22%,60.17%,60.79%,73,2.13%,82,2.39%,7.04%,66.08%,65.48%,49.83%,53.60%,73.42%,6.56,2.61
hard,476,Robert Strombachs,14,5-9,35.71%,62.90%,64.48%,65,6.33%,61,5.94%,16.80%,64.65%,72.29%,45.73%,54.97%,77.22%,6.5,2.41
hard,183,Roberto Bautista Agut,11,4-7,36.36%,61.51%,61.72%,34,3.95%,24,2.79%,8.63%,67.67%,67.18%,49.64%,54.33%,74.81%,6.37,2.45
hard,176,Roberto Carballes Baena,6,2-4,33.33%,63.60%,63.44%,37,7.09%,20,3.83%,13.79%,72.22%,68.70%,50.34%,58.40%,83.54%,6.61,2.41
hard,368,Robin Bertrand,23,9-14,39.13%,57.48%,59.20%,40,2.44%,75,4.58%,12.27%,62.68%,63.16%,47.95%,54.66%,67.20%,6.55,2.78
hard,293,Rodrigo Pacheco Mendez,24,12-12,50.00%,64.05%,64.37%,108,6.53%,68,4.11%,10.71%,61.63%,71.37%,52.28%,58.55%,80.63%,6.54,2.35
hard,102,Roman Safiullin,9,4-5,44.44%,62.36%,61.59%,51,7.24%,23,3.27%,8.95%,63.49%,66.89%,54.47%,59.83%,75.23%,6.46,2.43
hard,231,Ryan Peniston,18,9-9,50.00%,58.49%,60.89%,40,3.02%,78,5.89%,15.73%,62.57%,64.78%,47.98%,56.94%,67.66%,6.59,2.74
hard,989,Ryotaro Taguchi,5,1-4,20.00%,62.50%,61.64%,20,6.25%,8,2.50%,7.84%,68.12%,64.68%,57.84%,62.77%,76.47%,6.27,2.35
hard,562,Ryuki Matsuda,6,0-6,0.00%,56.81%,56.46%,10,2.31%,5,1.15%,2.86%,59.58%,65.50%,44.00%,45.29%,63.77%,6.28,2.71
hard,653,S D Prajwal Dev,5,0-5,0.00%,49.24%,51.49%,8,3.05%,19,7.25%,17.27%,58.02%,60.53%,33.64%,40.66%,48.65%,7.08,3.59
hard,659,Saba Purtseladze,10,1-9,10.00%,57.23%,56.06%,60,8.94%,33,4.92%,12.22%,59.76%,65.84%,44.44%,50.63%,67.33%,6.64,2.84
hard,349,Samir Banerjee,11,7-4,63.64%,62.72%,63.17%,54,6.94%,37,4.76%,11.21%,57.58%,70.98%,51.52%,58.02%,77.69%,6.43,2.4
hard,289,Sandro Kopp,8,3-5,37.50%,60.44%,59.80%,34,6.28%,17,3.14%,10.12%,68.95%,64.61%,51.19%,56.95%,73.75%,6.76,2.67
hard,491,Sanhui Shin,16,5-11,31.25%,54.61%,54.67%,42,3.87%,36,3.32%,8.57%,61.25%,59.79%,46.43%,50.78%,60.12%,6.65,3.02
hard,313,Sascha Gueymard Wayenburg,24,10-14,41.67%,63.27%,60.95%,186,11.02%,55,3.26%,8.87%,63.27%,71.63%,48.87%,53.63%,78.03%,6.39,2.35
hard,48,Sebastian Baez,23,13-10,56.52%,61.26%,61.99%,40,2.57%,43,2.76%,9.91%,72.16%,64.00%,54.15%,60.10%,76.15%,6.52,2.53
hard,876,Sebastian Gorzny,7,3-4,42.86%,62.94%,62.92%,46,8.44%,27,4.95%,10.34%,52.11%,70.07%,55.17%,61.54%,80.49%,6.65,2.46
hard,36,Sebastian Korda,38,24-14,63.16%,67.17%,64.74%,354,12.84%,89,3.23%,8.22%,60.72%,76.88%,52.17%,56.84%,84.80%,6.07,1.99
hard,126,Sebastian Ofner,18,10-8,55.56%,67.28%,65.05%,158,12.08%,40,3.06%,7.42%,58.79%,76.98%,53.43%,57.72%,83.02%,6.17,2.02
hard,421,Semen Pankin,12,6-6,50.00%,61.46%,61.96%,58,6.33%,43,4.69%,9.49%,50.55%,72.79%,49.89%,55.12%,77.08%,6.36,2.45
hard,305,Sergey Fomin,22,12-10,54.55%,62.99%,62.77%,134,8.64%,74,4.77%,11.53%,58.61%,71.73%,50.62%,57.22%,76.21%,6.25,2.31
hard,452,Sergio Callejon Hernando,5,2-3,40.00%,58.21%,59.61%,12,3.58%,16,4.78%,10.13%,52.84%,68.93%,46.20%,51.41%,67.27%,6.09,2.55
hard,117,Shintaro Mochizuki,31,12-19,38.71%,56.73%,58.88%,105,4.64%,156,6.89%,13.36%,48.43%,68.09%,46.06%,53.16%,66.37%,6.74,2.92
hard,90,Sho Shimabukuro,49,30-19,61.22%,64.07%,63.69%,305,8.67%,153,4.35%,10.30%,57.76%,72.59%,52.42%,58.44%,80.40%,6.33,2.27
hard,537,Shunsuke Mitsui,5,2-3,40.00%,61.19%,62.03%,9,2.69%,10,2.99%,8.62%,65.37%,67.58%,49.14%,53.77%,75.00%,6.98,2.71
hard,536,Sidharth Rawat,10,2-8,20.00%,53.82%,54.12%,18,2.65%,19,2.79%,6.07%,53.97%,62.13%,44.09%,46.94%,58.00%,6.8,3.14
hard,153,Soonwoo Kwon,26,21-5,80.77%,65.88%,65.85%,204,11.78%,105,6.06%,13.08%,53.64%,78.26%,51.56%,59.31%,83.33%,6.41,2.19
hard,524,Spencer Johnson,9,6-3,66.67%,66.73%,65.16%,76,13.38%,27,4.75%,11.44%,58.45%,77.71%,51.27%,57.89%,83.16%,5.98,1.99
hard,124,Stan Wawrinka,26,14-12,53.85%,67.40%,65.67%,196,10.22%,52,2.71%,6.21%,56.34%,77.22%,54.72%,58.34%,86.33%,6.39,2.08
hard,261,Stefan Dostanic,16,11-5,68.75%,64.75%,63.93%,76,7.03%,29,2.68%,9.01%,70.21%,69.43%,53.73%,59.04%,81.61%,6.21,2.19
hard,295,Stefan Kozlov,29,16-13,55.17%,61.46%,63.11%,96,4.65%,110,5.33%,13.41%,60.25%,69.83%,48.78%,56.34%,74.17%,6.2,2.39
hard,229,Stefano Napolitano,12,6-6,50.00%,64.29%,63.50%,56,6.23%,21,2.34%,5.66%,58.73%,71.78%,53.64%,56.86%,82.39%,6.33,2.26
hard,140,Stefano Travaglia,19,13-6,68.42%,65.88%,64.70%,104,7.68%,32,2.36%,5.59%,57.75%,75.58%,52.62%,55.74%,82.51%,6.07,2.07
hard,155,Stefanos Sakellaridis,29,19-10,65.52%,65.19%,63.93%,214,10.64%,81,4.03%,9.87%,59.17%,73.03%,53.84%,59.73%,79.22%,6.06,2.11
hard,49,Stefanos Tsitsipas,25,14-11,56.00%,67.28%,66.58%,165,9.23%,64,3.58%,9.04%,60.40%,77.22%,52.12%,57.30%,85.33%,5.96,1.95
hard,384,Stuart Parker,6,3-3,50.00%,60.54%,60.39%,29,7.11%,18,4.41%,10.71%,58.82%,68.75%,48.81%,54.67%,73.77%,6.69,2.64
hard,235,Sumit Nagal,13,6-7,46.15%,63.39%,63.90%,33,3.61%,26,2.84%,9.09%,68.74%,68.04%,53.15%,58.46%,77.34%,7.15,2.62
hard,512,Tai Sach,12,5-7,41.67%,56.42%,56.41%,48,5.55%,37,4.28%,10.36%,58.73%,66.14%,42.58%,47.50%,63.91%,6.5,2.83
hard,549,Takuya Kumasaka,12,2-10,16.67%,56.65%,56.89%,31,3.68%,27,3.21%,7.16%,55.23%,62.15%,49.87%,53.71%,64.00%,6.74,2.92
hard,69,Tallon Griekspoor,27,14-13,51.85%,68.94%,67.16%,244,12.59%,68,3.51%,10.13%,65.38%,76.01%,55.59%,61.86%,87.12%,5.94,1.85
hard,183,Taro Daniel,20,11-9,55.00%,65.40%,63.95%,119,7.93%,33,2.20%,5.75%,61.73%,72.57%,53.83%,57.12%,82.92%,6.25,2.16
hard,9,Taylor Fritz,49,32-17,65.31%,69.15%,65.69%,623,15.69%,116,2.92%,8.11%,63.96%,78.66%,52.27%,56.88%,89.17%,6.23,1.92
hard,31,Taym Al Azmeh,5,3-2,60.00%,53.70%,55.00%,16,4.23%,22,5.82%,15.60%,62.70%,59.07%,44.68%,52.94%,60.71%,6.75,3.12
hard,45,Terence Atmane,30,14-16,46.67%,65.78%,64.15%,226,11.18%,75,3.71%,9.23%,59.79%,75.19%,51.78%,57.05%,82.37%,6.15,2.1
hard,50,Thiago Agustin Tirante,16,10-6,62.50%,66.30%,63.86%,145,12.31%,37,3.14%,7.01%,55.18%,75.54%,54.92%,59.06%,79.89%,6.23,2.1
hard,323,Thomas Faurel,5,2-3,40.00%,61.17%,60.76%,14,4.53%,7,2.27%,5.88%,61.49%,64.74%,55.46%,58.93%,75.00%,6.44,2.5
hard,389,Tiago Pereira,14,4-10,28.57%,59.07%,59.17%,41,3.80%,30,2.78%,6.86%,59.54%,67.50%,46.68%,50.12%,69.28%,6.51,2.66
hard,427,Tiago Torres,5,3-2,60.00%,56.07%,58.84%,11,2.43%,29,6.40%,12.50%,48.79%,66.52%,46.12%,52.71%,66.67%,7.55,3.32
hard,496,Tibo Colson,8,3-5,37.50%,55.64%,52.55%,66,10.06%,21,3.20%,7.00%,54.27%,72.19%,36.00%,38.71%,79.57%,7.05,3.13
hard,961,Timo Legout,10,7-3,70.00%,60.63%,62.32%,11,1.83%,23,3.82%,10.18%,62.46%,67.29%,49.56%,55.17%,73.96%,6.27,2.47
hard,147,Timofey Skatov,20,10-10,50.00%,64.75%,64.48%,74,5.38%,35,2.54%,7.03%,63.81%,71.64%,52.61%,56.59%,82.35%,6.23,2.19
hard,111,Titouan Droguet,30,17-13,56.67%,65.69%,63.01%,286,12.53%,71,3.11%,7.67%,59.42%,75.59%,51.19%,55.44%,81.16%,6.32,2.17
hard,112,Toby Samuel,33,27-6,81.82%,64.83%,65.02%,123,6.16%,72,3.61%,10.03%,64.03%,70.03%,55.57%,61.76%,81.99%,6.2,2.18
hard,185,Tom Gentzsch,22,13-9,59.09%,63.96%,63.23%,130,7.64%,56,3.29%,10.63%,69.02%,70.61%,49.15%,54.99%,81.27%,6.78,2.44
hard,372,Tom Paris,14,6-8,42.86%,64.07%,63.07%,111,10.96%,49,4.84%,12.25%,60.51%,73.90%,49.00%,55.84%,80.75%,6.29,2.26
hard,145,Tomas Barrios Vera,6,2-4,33.33%,64.32%,63.46%,26,5.91%,9,2.05%,6.43%,68.18%,70.00%,52.14%,55.73%,79.10%,6.57,2.34
hard,62,Tomas Machac,20,10-10,50.00%,64.15%,63.11%,110,7.82%,41,2.92%,8.12%,64.08%,71.14%,51.68%,56.25%,81.94%,6.51,2.33
hard,31,Tomas Martin Etcheverry,25,12-13,48.00%,65.75%,63.05%,210,10.95%,41,2.14%,6.50%,67.10%,73.19%,50.55%,54.07%,82.33%,6.39,2.19
hard,558,Tomasz Berkieta,6,2-4,33.33%,63.94%,63.08%,45,11.51%,21,5.37%,11.80%,54.48%,75.59%,50.00%,56.69%,83.05%,6.63,2.39
hard,24,Tommy Paul,28,17-11,60.71%,67.70%,66.44%,201,8.53%,57,2.42%,6.20%,60.95%,75.56%,55.43%,59.10%,85.79%,6.2,2
hard,436,Trevor Svajda,13,5-8,38.46%,59.77%,59.98%,37,3.87%,28,2.93%,6.81%,57.05%,66.30%,51.09%,54.83%,71.13%,6.74,2.71
hard,168,Tristan Boyer,10,4-6,40.00%,63.22%,65.04%,27,3.88%,34,4.89%,11.15%,56.18%,73.15%,50.49%,56.83%,76.72%,6,2.21
hard,604,Tristan McCormick,5,1-4,20.00%,59.53%,57.45%,41,9.65%,15,3.53%,9.62%,63.29%,66.54%,47.44%,52.48%,75.44%,7.46,3.02
hard,187,Tristan Schoolkate,27,11-16,40.74%,64.72%,63.45%,223,10.50%,86,4.05%,10.02%,59.59%,73.60%,51.63%,57.38%,81.21%,6.43,2.27
hard,612,Tsung-Hao Huang,8,3-5,37.50%,59.40%,59.84%,14,2.19%,14,2.19%,5.56%,60.50%,62.69%,54.37%,57.56%,68.97%,7.33,2.98
hard,626,Tuncay Duran,5,2-3,40.00%,59.44%,59.24%,40,8.68%,26,5.64%,14.13%,60.09%,69.31%,44.57%,51.90%,76.56%,7.2,2.92
hard,329,Tung-Lin Wu,35,15-20,42.86%,63.43%,63.08%,119,4.41%,55,2.04%,6.46%,68.40%,68.49%,52.46%,56.09%,77.91%,6.54,2.39
hard,320,Tyler Zink,38,15-23,39.47%,64.15%,62.36%,229,8.84%,64,2.47%,6.02%,58.93%,72.76%,51.79%,55.10%,79.19%,6.2,2.22
hard,190,Ugo Blanchet,25,10-15,40.00%,62.64%,62.62%,150,7.19%,89,4.27%,9.68%,55.92%,72.21%,50.49%,55.90%,79.03%,6.73,2.51
hard,30,Ugo Humbert,35,19-16,54.29%,67.89%,67.12%,248,10.00%,93,3.75%,10.08%,62.77%,76.16%,53.95%,60.00%,85.96%,6.21,1.99
hard,401,Vadym Ursu,14,4-10,28.57%,55.20%,57.73%,36,3.31%,74,6.81%,16.34%,58.33%,62.15%,45.47%,54.35%,65.38%,6.97,3.12
hard,78,Valentin Royer,32,14-18,43.75%,64.13%,63.23%,198,7.58%,78,2.99%,8.20%,63.59%,70.68%,52.68%,57.39%,82.23%,6.63,2.38
hard,19,Valentin Vacherot,34,21-13,61.76%,68.31%,67.02%,310,12.36%,104,4.15%,11.70%,64.57%,76.30%,53.77%,60.89%,86.68%,6.3,2
hard,475,Viktor Durasovic,25,10-15,40.00%,59.76%,59.07%,144,7.75%,78,4.20%,9.84%,57.34%,68.39%,48.17%,53.43%,68.42%,6.52,2.62
hard,120,Vilius Gaubas,8,6-2,75.00%,61.72%,62.34%,26,3.54%,23,3.13%,8.98%,65.12%,67.15%,51.56%,56.65%,80.77%,7.06,2.7
hard,71,Vit Kopriva,16,8-8,50.00%,61.49%,62.69%,64,5.88%,59,5.42%,13.63%,60.20%,68.70%,50.58%,58.56%,76.44%,6.25,2.41
hard,189,Vitaliy Sachko,8,3-5,37.50%,64.78%,63.24%,38,6.14%,7,1.13%,3.61%,68.66%,70.35%,52.58%,54.55%,81.25%,6.45,2.27
hard,280,Yanki Erel,15,8-7,53.33%,65.53%,65.53%,74,6.82%,39,3.59%,10.96%,67.19%,71.19%,53.93%,60.57%,81.87%,6.35,2.19
hard,55,Yannick Hanfmann,22,13-9,59.09%,66.34%,63.75%,191,12.41%,46,2.99%,8.46%,64.65%,73.87%,52.57%,57.43%,83.60%,6.16,2.07
hard,312,Yasutaka Uchiyama,32,15-17,46.88%,64.72%,63.56%,233,9.57%,89,3.66%,8.48%,56.92%,75.97%,49.86%,54.48%,82.18%,6.48,2.28
hard,662,Ye Cong Mo,5,2-3,40.00%,57.24%,59.23%,16,5.39%,21,7.07%,14.09%,49.83%,68.92%,45.64%,53.12%,68.75%,6.19,2.65
hard,239,Yi Zhou,35,18-17,51.43%,64.37%,62.92%,254,10.16%,92,3.68%,9.52%,61.38%,73.88%,49.28%,54.46%,79.85%,6.3,2.24
hard,106,Yibing Wu,14,8-6,57.14%,65.72%,64.44%,49,5.14%,8,0.84%,2.24%,62.58%,72.03%,55.18%,56.45%,83.23%,6.15,2.11
hard,131,Yoshihito Nishioka,21,14-7,66.67%,62.71%,61.98%,64,4.11%,21,1.35%,3.75%,64.06%,66.73%,55.54%,57.70%,75.82%,6.39,2.38
hard,316,Yosuke Watanuki,18,10-8,55.56%,61.40%,59.00%,159,12.13%,57,4.35%,9.91%,56.14%,72.96%,46.61%,51.74%,76.92%,6.72,2.59
hard,241,Yu Hsiou Hsu,34,17-17,50.00%,59.18%,59.48%,93,3.66%,76,2.99%,8.38%,64.26%,65.42%,47.96%,52.35%,72.41%,6.73,2.75
hard,571,Yuki Mochizuki,5,0-5,0.00%,49.48%,49.45%,10,3.44%,10,3.44%,14.29%,75.95%,53.85%,35.71%,41.67%,47.73%,6.61,3.34
hard,118,Yunchaokete Bu,30,17-13,56.67%,66.18%,64.42%,188,8.77%,45,2.10%,5.15%,59.24%,74.57%,54.00%,56.94%,87.13%,6.42,2.17
hard,670,Yusuke Takahashi,12,3-9,25.00%,57.22%,57.94%,19,2.11%,25,2.78%,7.44%,62.67%,61.88%,49.40%,53.38%,66.41%,6.87,2.94
hard,385,Yuta Shimizu,38,17-21,44.74%,59.86%,59.98%,144,4.79%,102,3.39%,9.13%,62.85%,67.25%,47.36%,52.12%,72.61%,6.7,2.69
hard,84,Zachary Svajda,17,9-8,52.94%,64.12%,62.74%,116,8.85%,40,3.05%,7.77%,60.69%,74.21%,48.54%,52.63%,79.61%,6.36,2.28
hard,154,Zdenek Kolar,10,5-5,50.00%,57.21%,57.29%,40,4.65%,31,3.60%,8.91%,59.53%,67.38%,42.24%,46.37%,78.81%,7.29,3.12
hard,156,Zhizhen Zhang,21,10-11,47.62%,65.17%,62.89%,173,10.63%,43,2.64%,7.10%,62.78%,74.76%,49.01%,52.75%,84.08%,6.64,2.31
hard,34,Zizou Bergs,35,17-18,48.57%,64.60%,64.79%,231,9.06%,133,5.21%,12.49%,58.25%,73.22%,52.58%,60.09%,79.31%,6.28,2.22
hard,123,Zsombor Piros,12,10-2,83.33%,65.02%,64.74%,53,5.83%,25,2.75%,7.67%,64.14%,72.73%,51.23%,55.48%,83.57%,6.49,2.27
