surface,ranking,player_name,matches_played,return_points_won,return_points_won_in_play,vs_ace_pct,vs_double_fault_pct,vs_first_serve_win_pct,vs_second_serve_win_pct,break_point_conversion_pct,points_per_return_game,points_won_per_return_game,median_opponent_rank,mean_opponent_rank
all,261,Abdullah Shelbayh,38,39.28%,39.02%,5.83%,4.15%,31.37%,51.52%,41.55%,6.45,2.53,234,292
all,91,Adam Walton,60,36.60%,37.80%,9.85%,4.05%,28.30%,49.51%,41.32%,6.39,2.34,121,200
all,777,Adhithya Ganesan,7,34.23%,33.77%,6.92%,4.23%,27.11%,46.81%,38.89%,6.34,2.17,273,259
all,975,Aditya Vishal Balsekar,7,29.61%,29.38%,7.26%,3.35%,24.90%,39.82%,54.55%,5.68,1.68,391,568.1
all,65,Adolfo Daniel Vallejo,73,44.02%,43.54%,3.65%,3.65%,37.70%,54.13%,45.60%,6.58,2.89,223,261.8
all,373,Adria Soriano Barrera,10,29.33%,28.78%,5.58%,3.03%,24.49%,38.46%,23.53%,6.4,1.88,294,336
all,874,Adrian Andreev,8,37.24%,37.02%,7.48%,4.76%,27.19%,51.22%,30.61%,7,2.61,262,300.4
all,73,Adrian Mannarino,48,35.38%,37.38%,11.38%,3.60%,26.99%,51.21%,40.54%,6.2,2.19,61,89.3
all,659,Aidan Kim,5,35.64%,32.81%,5.54%,6.92%,25.27%,53.27%,31.03%,6.15,2.19,277,350.2
all,689,Aidan Mayo,14,36.41%,34.80%,5.47%,5.39%,29.25%,45.74%,25.23%,7.18,2.61,227.5,258.4
all,293,Akira Santillan,25,37.74%,37.78%,6.16%,3.68%,29.86%,50.89%,41.29%,6.32,2.39,252,375.4
all,444,Alafia Ayeni,15,36.50%,34.95%,4.25%,4.67%,30.12%,46.65%,29.73%,6.78,2.47,269,384.9
all,650,Alan Magadan,14,38.72%,38.42%,6.96%,4.83%,32.01%,47.35%,34.55%,6.69,2.59,296,337.6
all,265,Alastair Gray,30,37.65%,37.69%,7.48%,4.46%,30.30%,49.88%,38.14%,6.62,2.49,335,379.6
all,354,Albert Ramos-Vinolas,5,33.92%,36.33%,8.19%,0.88%,28.02%,46.36%,40.62%,5.8,1.97,161,235
all,618,Alberto Barroso Campos,10,39.54%,39.18%,6.00%,4.46%,31.34%,50.18%,47.54%,6.25,2.47,450.5,442.3
all,20,Alejandro Davidovich Fokina,51,36.06%,37.49%,9.52%,3.42%,28.03%,50.14%,40.00%,6.3,2.27,53,58
all,222,Alejandro Moro Canas,57,40.13%,39.80%,4.52%,3.53%,33.25%,51.56%,40.09%,6.73,2.7,249,370.3
all,26,Alejandro Tabilo,77,36.46%,38.32%,9.92%,3.15%,28.71%,49.72%,39.50%,6.4,2.33,76,109.6
all,450,Alejo Sanchez Quilez,18,41.87%,40.68%,3.72%,4.54%,35.20%,53.38%,56.14%,6.21,2.6,296,299.2
all,108,Aleksandar Kovacevic,45,30.76%,32.93%,13.53%,3.41%,22.84%,44.25%,32.99%,6.15,1.89,68,112.8
all,67,Aleksandar Vukic,40,33.43%,33.73%,9.89%,4.58%,24.01%,48.25%,34.55%,6.25,2.09,78.5,129.1
all,84,Aleksandr Shevchenko,12,41.24%,41.45%,4.16%,2.58%,34.93%,51.16%,40.82%,6.59,2.72,225.5,195.8
all,264,Alex Barrena,50,40.17%,39.48%,3.63%,3.51%,33.92%,50.23%,44.06%,6.39,2.57,254,271.4
all,157,Alex Bolt,36,37.04%,38.44%,7.90%,2.66%,31.35%,48.00%,39.55%,6.38,2.36,309,320.2
all,498,Alex Hernandez,25,37.35%,38.19%,10.33%,5.03%,27.99%,52.16%,40.00%,6.22,2.32,287,427.7
all,517,Alex Marti Pujolras,6,41.58%,40.46%,3.42%,4.21%,32.77%,55.86%,51.35%,6.44,2.68,293,344.3
all,355,Alex Martinez,20,40.06%,39.89%,5.37%,3.85%,34.06%,49.18%,50.41%,6.32,2.53,326.5,386.9
all,41,Alex Michelsen,57,38.02%,38.59%,8.12%,4.16%,28.61%,53.05%,41.42%,6.49,2.47,60,116.7
all,81,Alex Molcan,49,41.53%,42.48%,7.46%,3.86%,33.84%,54.41%,42.02%,6.72,2.79,150,203.7
all,332,Alex Rybakov,26,37.72%,36.05%,4.22%,4.98%,31.88%,47.23%,40.51%,6.6,2.49,333,408.2
all,7,Alex de Minaur,69,39.55%,40.19%,6.60%,3.36%,30.66%,53.82%,42.63%,6.61,2.62,42,63.1
all,479,Alexander Binda,10,39.94%,40.55%,7.41%,4.03%,35.34%,46.48%,53.45%,6.21,2.48,346.5,323.3
all,205,Alexander Blockx,57,36.18%,35.75%,5.14%,3.53%,29.88%,47.02%,39.43%,6.5,2.35,121,136.7
all,11,Alexander Bublik,58,33.55%,35.33%,11.29%,3.42%,25.34%,46.99%,37.46%,6.28,2.11,68,82.2
all,549,Alexander Donski,15,33.11%,32.53%,6.32%,3.91%,25.98%,45.64%,37.97%,6.29,2.08,325,458.9
all,496,Alexander Ritschard,16,42.84%,42.37%,4.45%,4.10%,34.09%,56.79%,45.83%,6.82,2.92,347,426.1
all,100,Alexander Shevchenko,40,34.85%,35.27%,7.75%,3.58%,26.91%,48.28%,33.47%,6.47,2.25,69.5,110.9
all,592,Alexander Vasilev,16,40.50%,37.02%,2.51%,6.99%,33.10%,52.00%,44.00%,6.43,2.6,300,325.9
all,3,Alexander Zverev,73,36.26%,37.24%,7.85%,3.11%,28.82%,50.39%,40.33%,6.42,2.33,36,42.2
all,464,Alexandr Binda,8,38.99%,39.07%,6.68%,4.15%,29.30%,51.67%,55.32%,6.16,2.4,447,619.5
all,132,Alexandre Muller,36,33.65%,35.60%,10.46%,2.75%,25.50%,47.65%,36.69%,6.28,2.11,69,117.2
all,25,Alexei Popyrin,35,32.18%,32.84%,9.77%,3.79%,25.16%,43.45%,32.93%,6,1.93,51.5,83.3
all,413,Alexey Vatutin,9,38.91%,40.59%,7.84%,2.51%,31.50%,50.97%,40.98%,6.38,2.48,155,218.4
all,200,Alexis Galarneau,56,37.87%,38.51%,7.91%,3.91%,29.00%,51.63%,41.05%,6.45,2.44,225.5,281.9
all,409,Alfredo Perez,17,36.77%,36.91%,5.62%,3.06%,29.70%,49.76%,37.50%,6.28,2.31,394,363.9
all,272,Alvaro Guillen Meza,61,42.24%,41.28%,2.82%,3.62%,36.72%,52.06%,42.70%,6.74,2.85,276.5,288.7
all,725,Amit Vales,6,38.46%,39.24%,6.20%,2.73%,29.59%,55.88%,35.71%,6.61,2.54,357.5,507.2
all,248,Andre Ilagan,53,38.82%,40.34%,9.69%,4.00%,28.65%,54.43%,41.94%,6.6,2.56,312,419.1
all,304,Andrea Collarini,35,41.93%,41.36%,3.87%,3.71%,35.91%,52.69%,43.64%,6.58,2.76,309,412.6
all,227,Andrea Guerrieri,28,42.66%,43.18%,5.50%,3.26%,34.78%,54.57%,43.97%,6.79,2.9,292,285
all,137,Andrea Pellegrino,41,39.35%,39.52%,5.93%,3.61%,30.37%,53.36%,41.90%,6.49,2.56,196.5,238.8
all,393,Andrea Picchione,8,43.37%,42.08%,1.89%,3.60%,38.24%,52.66%,45.16%,6.44,2.79,292.5,306
all,614,Andrea Vavassori,11,37.19%,36.81%,4.84%,3.42%,31.82%,47.14%,40.62%,6.37,2.37,205,192.3
all,404,Andrej Martin,19,37.85%,37.76%,3.66%,2.36%,32.40%,48.13%,35.25%,6.57,2.48,267,294.9
all,244,Andrej Nedic,39,44.07%,44.00%,3.75%,3.07%,39.67%,51.36%,50.33%,6.46,2.85,324,412.9
all,223,Andres Andrade,27,38.62%,37.99%,5.31%,4.28%,31.21%,51.17%,40.78%,6.5,2.51,269,376.4
all,381,Andres Martin,42,38.00%,37.03%,5.27%,4.65%,30.41%,49.13%,37.23%,6.56,2.49,360,372.1
all,726,Andres Santamarta Roig,13,43.09%,41.25%,2.81%,5.12%,35.48%,53.47%,52.27%,6.16,2.65,284,313.8
all,399,Andrew Fenty,17,34.03%,35.08%,10.27%,3.93%,26.05%,47.52%,36.47%,6.56,2.23,398,476.4
all,642,Andrew Paulson,8,38.14%,38.01%,7.22%,4.64%,29.91%,49.79%,36.21%,6.77,2.58,285,293.6
all,16,Andrey Rublev,49,36.92%,37.72%,7.91%,3.51%,30.34%,48.97%,37.47%,6.48,2.39,48,67.3
all,262,Andy Andrade,14,40.81%,40.15%,4.27%,3.97%,35.89%,48.48%,48.94%,6.33,2.58,259,355.9
all,348,Antoine Escoffier,7,42.66%,40.92%,5.63%,6.84%,36.04%,51.40%,48.15%,6.37,2.72,321,422.7
all,352,Antoine Ghibaudo,35,35.99%,35.68%,6.83%,4.26%,26.78%,50.74%,39.01%,6.28,2.26,293,401.2
all,373,Anton Matusevich,8,33.40%,33.04%,10.26%,5.60%,26.07%,47.06%,37.84%,6.31,2.11,281.5,373
all,911,Aoran Wang,5,27.43%,29.72%,13.27%,2.36%,20.00%,37.50%,50.00%,5.56,1.52,234,419.8
all,808,Arda Azkara,12,34.82%,34.75%,8.42%,4.59%,25.97%,47.52%,39.66%,5.85,2.04,395.5,521.2
all,492,Aristotelis Thanos,8,38.84%,36.81%,3.19%,5.07%,32.21%,47.23%,44.00%,6.27,2.44,300,294.6
all,769,Arklon Huertas Del Pino Cordova,9,38.03%,37.76%,2.56%,1.99%,31.17%,50.00%,37.14%,6.62,2.52,467,506.2
all,439,Arthur Bouquier,14,35.82%,36.32%,7.03%,3.22%,28.42%,48.51%,31.96%,6.45,2.31,162.5,184.2
all,73,Arthur Cazaux,21,36.17%,36.10%,5.93%,3.46%,28.81%,48.83%,38.58%,6.51,2.35,87,96.6
all,114,Arthur Fery,45,38.99%,39.05%,5.97%,3.74%,32.91%,49.42%,40.11%,6.57,2.56,159,270.4
all,24,Arthur Fils,35,36.06%,37.15%,8.41%,3.23%,28.28%,49.61%,38.50%,6.46,2.33,41,54.2
all,127,Arthur Gea,51,39.48%,39.12%,4.57%,3.54%,32.58%,50.81%,43.80%,6.54,2.58,225,264.5
all,29,Arthur Rinderknech,53,33.43%,33.57%,6.88%,3.26%,26.58%,46.05%,34.82%,6.43,2.15,48,71
all,417,Arthur Weber,8,36.33%,35.31%,8.43%,6.18%,25.56%,51.58%,34.69%,6.43,2.34,434.5,652.1
all,414,Aryan Shah,12,34.67%,35.96%,12.43%,4.97%,25.29%,48.96%,35.38%,6.17,2.14,366.5,447.3
all,227,August Holmgren,46,35.03%,34.52%,5.95%,3.92%,28.69%,45.08%,33.46%,6.56,2.3,243.5,301.4
all,664,Aziz Dougaz,7,35.23%,33.21%,5.34%,5.68%,26.50%,47.58%,33.33%,6.58,2.32,280,297.3
all,525,Aziz Ouakaa,12,33.06%,32.61%,6.64%,3.87%,28.26%,41.44%,40.91%,6.08,2.01,431.5,477
all,300,Beibit Zhukayev,25,33.28%,33.73%,10.63%,4.72%,25.95%,43.27%,33.33%,6.36,2.12,280,323.1
all,746,Ben Jones,5,30.52%,31.46%,10.06%,3.25%,23.78%,40.65%,42.86%,6.04,1.84,402,468.2
all,10,Ben Shelton,48,31.28%,32.04%,8.28%,2.78%,22.99%,45.94%,33.88%,6.23,1.95,65,83.4
all,70,Benjamin Bonzi,41,34.58%,35.81%,9.55%,3.40%,26.96%,48.87%,36.33%,6.24,2.16,104,153.9
all,506,Benjamin Hassan,28,36.65%,35.58%,5.34%,4.60%,30.12%,46.47%,39.66%,6.26,2.29,277.5,318.1
all,732,Benjamin Torrealba,6,36.50%,35.66%,2.92%,2.92%,29.39%,46.99%,37.14%,6.42,2.34,264.5,299.7
all,917,Benoit Paire,5,35.24%,35.76%,6.59%,2.87%,30.40%,44.26%,47.62%,6.23,2.2,217,274
all,834,Bernabe Zapata Miralles,8,36.31%,35.03%,5.60%,4.98%,28.37%,48.19%,45.00%,6.1,2.22,264.5,292.2
all,171,Bernard Tomic,43,37.88%,38.66%,9.20%,4.53%,29.86%,49.70%,37.30%,6.67,2.53,325,394.1
all,155,Billy Harris,40,35.12%,34.99%,8.59%,4.82%,25.25%,50.34%,33.46%,6.61,2.32,165,225
all,344,Blaise Bicknell,33,34.97%,34.03%,5.04%,4.02%,28.18%,46.82%,30.89%,6.5,2.27,320.5,402.2
all,502,Blake Ellis,27,33.39%,34.37%,9.27%,3.37%,27.24%,43.80%,29.01%,6.47,2.16,322,376.4
all,443,Bor Artnak,8,36.47%,35.38%,4.61%,4.21%,29.29%,47.03%,32.73%,6.32,2.3,448.5,451.2
all,169,Borna Gojo,31,37.22%,36.94%,5.88%,3.89%,29.45%,49.89%,42.21%,6.52,2.43,245,362
all,70,Botic van de Zandschulp,43,37.41%,38.18%,7.83%,3.60%,30.28%,49.96%,40.07%,6.62,2.48,62,75.1
all,234,Braden Shick,20,39.52%,38.88%,5.06%,4.25%,31.36%,51.44%,46.83%,6.37,2.52,294.5,382.9
all,109,Brandon Holt,15,37.78%,38.00%,9.13%,5.24%,28.44%,51.79%,38.61%,6.74,2.55,201,256.5
all,31,Brandon Nakashima,54,35.10%,37.05%,11.34%,3.57%,26.54%,50.22%,41.32%,6.35,2.23,64.5,66.7
all,628,Bruno Fernandez,15,38.58%,38.25%,3.13%,2.47%,32.29%,52.37%,39.02%,6.66,2.57,317,351.1
all,616,Bruno Kuzuhara,7,35.79%,34.55%,4.80%,4.43%,25.73%,53.00%,32.56%,6.3,2.26,243,253.1
all,251,Buvaysar Gadamauri,41,38.59%,38.13%,4.09%,3.27%,32.71%,48.82%,41.58%,6.47,2.5,324,373.3
all,291,Calvin Hemery,43,35.83%,35.65%,6.54%,3.91%,27.93%,48.82%,36.32%,6.57,2.36,321,434.5
all,48,Cameron Norrie,52,36.55%,38.45%,10.21%,3.29%,27.80%,50.51%,38.71%,6.55,2.39,58,76.2
all,95,Camilo Ugo Carabelli,47,37.57%,38.51%,7.43%,3.12%,32.06%,47.69%,38.36%,6.59,2.48,73,90.3
all,435,Cannon Kingsley,28,35.08%,34.71%,8.12%,4.88%,27.44%,47.23%,39.87%,6.14,2.15,298,356
all,436,Carl Emil Overbeck,12,36.55%,37.79%,8.31%,3.06%,31.48%,46.40%,35.62%,6.65,2.43,422,374.6
all,389,Carlo Alberto Caniato,23,34.24%,34.35%,7.65%,3.82%,27.92%,44.34%,35.43%,6.3,2.16,301,320.1
all,2,Carlos Alcaraz,44,40.44%,41.03%,6.06%,3.21%,33.21%,53.01%,40.82%,6.79,2.75,22,30.4
all,551,Carlos Lopez Montagud,7,41.36%,40.88%,3.29%,3.09%,35.69%,51.43%,44.90%,6.75,2.79,264,253.3
all,412,Carlos Maria Zarate,21,38.35%,37.89%,3.65%,2.97%,33.02%,48.44%,44.17%,6.58,2.52,341,508.9
all,366,Carlos Sanchez Jover,28,41.70%,41.47%,4.14%,3.32%,36.75%,49.73%,48.28%,6.31,2.63,274.5,312.7
all,405,Carlos Taberner,19,43.71%,43.05%,3.24%,3.61%,39.48%,51.58%,36.98%,6.76,2.96,224,255.4
all,14,Casper Ruud,52,37.66%,38.55%,8.37%,3.80%,28.16%,52.97%,42.20%,6.39,2.41,51,54.8
all,320,Cedrik-Marcel Stebe,25,41.06%,40.96%,4.59%,3.35%,34.38%,51.99%,40.31%,6.78,2.78,279,352.3
all,609,Cesar Bouchelaghem,5,33.94%,32.37%,8.56%,6.42%,27.62%,41.78%,28.57%,6.29,2.13,293,475
all,262,Cezar Cretu,27,43.29%,41.48%,3.29%,5.43%,36.15%,54.74%,48.98%,6.36,2.75,271,351.4
all,283,Charles Broom,33,37.69%,38.29%,8.96%,4.60%,29.06%,51.33%,42.11%,6.42,2.42,276,336.4
all,884,Charlie Robertson,5,44.60%,44.65%,5.40%,4.26%,39.91%,51.80%,36.73%,7.49,3.34,436,454
all,191,Chris Rodesch,38,36.40%,35.78%,5.27%,3.91%,28.98%,48.66%,37.78%,6.59,2.4,193,230
all,467,Christian Langmo,26,32.75%,31.62%,5.16%,4.03%,27.13%,43.02%,36.75%,6.18,2.02,309,353.6
all,424,Christoph Negritu,26,34.73%,34.94%,7.42%,3.66%,26.07%,48.99%,32.04%,6.43,2.23,260.5,273.5
all,64,Christopher O'Connell,31,34.30%,35.34%,9.84%,3.77%,26.65%,46.90%,36.00%,6.3,2.16,94,128.8
all,234,Chun-Hsin Tseng,37,41.02%,40.94%,5.06%,3.65%,34.13%,53.20%,46.33%,6.42,2.63,225,230
all,204,Clement Chidekh,55,41.24%,42.66%,8.06%,3.52%,34.21%,53.34%,36.99%,6.86,2.83,273,300.5
all,159,Clement Tabur,44,39.21%,39.96%,6.91%,3.36%,32.17%,51.25%,44.33%,6.57,2.58,243,262.7
all,108,Coleman Wong,56,35.66%,35.88%,7.33%,3.76%,28.36%,47.34%,41.10%,6.24,2.23,173.5,208.2
all,511,Colin Sinclair,6,31.61%,32.32%,8.30%,2.91%,23.81%,43.93%,35.00%,6.11,1.93,313.5,450.2
all,174,Colton Smith,33,38.94%,38.32%,3.68%,3.30%,33.87%,46.56%,41.71%,6.55,2.55,325,306.6
all,639,Conner Huertas del Pino,13,38.44%,37.50%,1.79%,2.57%,34.24%,48.31%,41.33%,6.44,2.47,343,398.2
all,507,Constantin Bittoun Kouzmine,11,37.10%,36.32%,6.25%,4.79%,30.38%,50.20%,40.00%,6.37,2.36,509,471.9
all,496,Corentin Denolly,18,36.98%,36.51%,6.83%,4.66%,29.85%,49.56%,38.53%,6.41,2.37,316.5,344.3
all,69,Corentin Moutet,47,37.95%,38.13%,5.17%,2.90%,31.98%,49.59%,41.45%,6.36,2.42,66,101
all,778,Cosme Rolland De Ravel,6,38.62%,37.73%,5.98%,5.06%,32.09%,49.10%,46.15%,6.59,2.55,384,348.7
all,114,Cristian Garin,31,42.16%,42.50%,4.32%,2.59%,37.11%,51.40%,42.09%,6.6,2.78,172,223.5
all,612,Cruz Hewitt,11,37.70%,38.66%,8.85%,4.00%,30.83%,49.35%,29.33%,6.71,2.53,313,331.9
all,305,Dali Blanch,39,41.41%,39.14%,1.64%,4.79%,36.63%,50.34%,40.49%,6.7,2.78,289,347.6
all,116,Dalibor Svrcina,42,46.21%,45.56%,4.23%,4.74%,38.14%,58.53%,49.17%,6.74,3.11,178.5,215.3
all,87,Damir Dzumhur,47,38.70%,39.06%,5.72%,3.07%,32.50%,48.87%,41.18%,6.59,2.55,95,132.5
all,224,Dan Added,52,38.44%,38.79%,7.17%,3.96%,30.41%,51.56%,41.49%,6.57,2.52,328.5,346.6
all,378,Dan Martin,18,32.22%,32.88%,12.20%,4.99%,23.88%,43.85%,36.14%,6.17,1.99,341,389.1
all,121,Dane Sweeny,39,39.25%,40.59%,8.37%,3.46%,32.17%,50.54%,39.43%,6.66,2.62,326,387.7
all,93,Daniel Altmaier,58,35.08%,35.52%,6.90%,3.13%,27.17%,49.08%,36.68%,6.36,2.23,62,93.8
all,689,Daniel Antonio Nunez,7,35.75%,35.54%,9.28%,5.43%,28.57%,45.26%,46.88%,6.14,2.19,809,781.1
all,413,Daniel Dutra da Silva,33,40.01%,39.77%,5.18%,3.82%,31.92%,52.64%,41.38%,6.58,2.63,243,276.9
all,290,Daniel Elahi Galan,33,37.49%,36.44%,5.27%,4.67%,31.21%,47.05%,37.45%,6.58,2.47,247,297.6
all,184,Daniel Evans,6,41.65%,41.51%,7.04%,5.23%,33.44%,55.03%,42.11%,6.37,2.65,407,479
all,371,Daniel Masur,16,36.27%,37.04%,8.81%,3.96%,28.25%,49.42%,39.47%,6.71,2.43,294.5,454.5
all,296,Daniel Merida,62,41.65%,41.17%,3.42%,3.21%,34.98%,53.47%,43.90%,6.49,2.7,135,191.2
all,302,Daniel Michalski,32,41.66%,40.51%,4.71%,5.15%,34.15%,52.53%,48.93%,6.3,2.62,301,341.2
all,325,Daniel Milavsky,27,36.78%,36.27%,6.69%,4.61%,27.76%,49.53%,42.24%,6.15,2.26,337,427.8
all,207,Daniel Rincon,48,41.10%,40.05%,2.93%,3.72%,35.34%,51.16%,46.36%,6.54,2.69,265.5,293.6
all,167,Daniil Glinka,56,37.81%,37.90%,5.99%,3.51%,29.79%,50.93%,38.55%,6.52,2.46,259,398.3
all,6,Daniil Medvedev,60,40.99%,41.40%,4.16%,2.25%,34.93%,52.50%,41.72%,6.71,2.75,51.5,75.2
all,675,Daniil Ostapenkov,6,35.46%,34.08%,5.98%,5.18%,29.50%,46.11%,30.95%,6.44,2.28,370,426.5
all,226,Darwin Blanch,51,36.30%,36.06%,6.39%,3.98%,29.58%,47.80%,38.75%,6.38,2.32,203,258.8
all,236,David Goffin,14,37.60%,38.36%,8.94%,4.33%,29.70%,48.67%,34.48%,6.66,2.5,69,102.6
all,188,David Jorda Sanchis,42,39.87%,38.68%,2.27%,3.38%,34.58%,49.36%,41.20%,6.53,2.6,300,377.4
all,58,Denis Shapovalov,40,37.91%,36.52%,3.12%,3.99%,30.25%,51.33%,37.97%,6.41,2.43,67,93.6
all,441,Denis Yevseyev,29,40.47%,39.20%,4.61%,5.06%,33.41%,50.72%,37.45%,6.77,2.74,360,427.6
all,463,Dennis Novak,6,40.86%,39.60%,4.06%,4.74%,36.75%,48.12%,44.19%,6.51,2.66,336.5,317.3
all,436,Dhakshineswar Suresh,20,31.79%,32.30%,7.84%,2.99%,23.79%,45.45%,37.50%,6.23,1.98,168,240.4
all,252,Diego Dedura,42,40.89%,39.84%,3.48%,4.05%,34.29%,51.24%,43.27%,6.64,2.71,202.5,256.1
all,551,Digvijaypratap Singh,8,29.19%,30.30%,8.85%,2.26%,20.24%,44.00%,27.59%,6.03,1.76,353,496.1
all,375,Dimitar Kuzmanov,49,40.63%,41.10%,5.77%,3.23%,35.42%,49.59%,45.11%,6.37,2.59,296,344.9
all,84,Dino Prizmic,34,36.51%,36.65%,5.54%,2.98%,28.01%,51.33%,39.64%,6.38,2.33,76,95.1
all,652,Dmitry Popko,17,38.41%,37.87%,4.70%,3.75%,31.42%,49.89%,38.53%,6.34,2.44,410,390.9
all,357,Dominic Stricker,21,35.40%,36.24%,9.41%,4.03%,26.87%,50.52%,40.18%,6.38,2.26,245,244.6
all,580,Dominik Kellovsky,5,35.18%,35.71%,8.29%,3.77%,28.75%,44.94%,25.93%,6.86,2.41,527,542.4
all,498,Dominik Palan,14,34.12%,31.42%,5.26%,6.35%,25.62%,48.42%,30.77%,6.6,2.25,559.5,812.4
all,307,Duje Ajdukovic,48,38.67%,38.52%,4.89%,3.31%,32.13%,49.36%,41.82%,6.46,2.5,275,326.6
all,1789,Duncan Chan,11,36.79%,34.73%,4.05%,5.31%,29.72%,47.19%,50.00%,6.38,2.35,247,272.9
all,152,Dusan Lajovic,42,38.16%,38.45%,5.86%,3.19%,31.54%,49.69%,38.03%,6.6,2.52,165,172.5
all,556,Dylan Dietrich,9,38.76%,39.39%,6.48%,3.17%,28.76%,56.76%,27.27%,7.04,2.73,203,198.7
all,225,Edas Butvilas,50,39.09%,37.75%,3.71%,4.39%,32.94%,49.11%,38.37%,6.57,2.57,253,338
all,375,Eduardo Ribeiro,28,40.60%,38.84%,3.03%,4.79%,34.70%,50.00%,44.23%,6.38,2.59,348,392.6
all,391,Edward Winter,26,40.31%,39.09%,5.15%,5.31%,30.47%,54.70%,36.61%,6.64,2.68,403,474.8
all,486,Eero Vasa,15,38.64%,36.66%,3.39%,5.09%,31.91%,47.68%,51.65%,6.13,2.37,252,393.8
all,314,Eliakim Coulibaly,41,39.86%,39.35%,6.17%,4.84%,30.45%,52.86%,46.97%,6.35,2.53,446,516.1
all,182,Elias Ymer,30,37.75%,37.13%,6.62%,4.89%,29.01%,51.41%,43.02%,6.38,2.41,280,308.3
all,91,Eliot Spizzirri,22,36.66%,38.98%,10.71%,3.05%,28.88%,51.05%,44.20%,6.57,2.41,87.5,121.4
all,190,Elmer Moller,40,42.80%,42.30%,4.14%,3.91%,35.89%,54.00%,46.13%,6.66,2.85,228.5,263.4
all,547,Emil Ruusuvuori,13,32.13%,34.90%,15.21%,3.90%,24.52%,46.09%,45.28%,6.26,2.01,180,274.8
all,520,Emile Hudd,5,30.18%,30.98%,9.17%,2.96%,23.38%,44.86%,28.57%,6.15,1.85,462,439.6
all,588,Emilien Demanet,6,44.66%,43.18%,1.90%,4.04%,35.93%,60.26%,43.14%,6.68,2.98,388,393.3
all,86,Emilio Nava,45,37.04%,36.18%,3.93%,3.57%,32.50%,45.43%,36.64%,6.56,2.43,204,183.2
all,323,Enrico Dalla Valle,39,37.67%,36.43%,4.57%,4.57%,30.63%,49.90%,37.05%,6.61,2.49,276,323.2
all,595,Ergi Kirkin,6,34.52%,34.85%,6.58%,3.01%,24.77%,49.65%,40.91%,6.19,2.14,269.5,442.8
all,532,Eric Vanshelboim,6,38.32%,37.40%,3.05%,3.30%,33.86%,46.43%,38.10%,6.16,2.36,364,569
all,623,Erik Arutiunian,5,34.87%,35.64%,6.91%,2.63%,22.75%,49.64%,37.50%,6.33,2.21,423,398.4
all,47,Ethan Quinn,39,32.81%,33.52%,8.47%,3.21%,26.06%,45.37%,34.57%,6.07,1.99,65,85.7
all,607,Evan Zhu,6,28.25%,26.06%,7.63%,5.65%,21.89%,36.60%,50.00%,5.71,1.61,180,257
all,61,Fabian Marozsan,44,33.87%,34.87%,8.35%,2.93%,26.04%,47.40%,31.94%,6.38,2.16,49,66.7
all,351,Fabrizio Andaloro,6,41.93%,41.71%,5.54%,4.34%,36.48%,49.71%,43.40%,6.48,2.72,390,396.3
all,431,Facundo Bagnis,6,40.48%,39.67%,3.94%,3.94%,33.66%,54.30%,42.86%,6.44,2.61,325,326.8
all,107,Facundo Diaz Acosta,76,43.31%,42.97%,3.80%,3.45%,36.67%,54.53%,43.34%,6.75,2.92,266,336.5
all,332,Facundo Mena,32,38.30%,37.63%,5.43%,4.34%,30.28%,50.66%,38.20%,6.47,2.48,295,318.6
all,324,Fajing Sun,41,38.06%,39.65%,10.39%,4.18%,29.12%,51.66%,37.63%,6.57,2.5,335,397.9
all,191,Federico Agustin Gomez,47,37.93%,36.80%,4.16%,4.21%,31.63%,48.36%,37.50%,6.54,2.48,321,387.1
all,481,Federico Arnaboldi,13,36.37%,37.10%,7.29%,3.14%,28.98%,47.69%,29.67%,6.58,2.39,207,257
all,346,Federico Bondioli,33,39.04%,38.17%,4.07%,3.92%,31.05%,51.83%,39.43%,6.71,2.62,278,314.3
all,184,Federico Cina,43,37.34%,36.63%,6.80%,5.06%,28.98%,50.12%,45.31%,6.25,2.33,284,278.6
all,779,Federico Coria,10,39.29%,38.42%,2.37%,2.89%,35.31%,46.49%,38.46%,6.98,2.74,352,389.5
all,607,Federico Iannaccone,7,41.37%,39.74%,4.49%,5.67%,35.56%,48.91%,61.54%,5.96,2.46,439,557.4
all,807,Felipe Meligeni Alves,14,37.26%,36.77%,7.47%,5.12%,32.37%,45.89%,45.33%,6.43,2.39,405.5,452.6
all,29,Felix Auger-Aliassime,69,35.61%,35.85%,6.19%,3.09%,29.54%,46.93%,39.19%,6.51,2.32,50,59.9
all,248,Felix Balshaw,19,41.04%,40.53%,3.60%,3.31%,35.86%,50.10%,42.28%,6.65,2.73,280,330.8
all,220,Felix Gill,31,35.39%,35.75%,7.49%,3.61%,28.71%,47.37%,27.65%,6.6,2.34,254,310.9
all,279,Filip Cristian Jianu,35,39.11%,39.23%,6.50%,3.99%,30.43%,53.77%,43.42%,6.47,2.53,321,310.7
all,81,Filip Misolic,12,36.22%,37.45%,10.33%,4.22%,27.96%,50.15%,26.83%,6.82,2.47,97.5,132.1
all,488,Filip Peliwo,7,35.41%,34.63%,8.13%,5.50%,25.29%,51.55%,38.46%,6.33,2.24,322,334.7
all,487,Filippo Moroni,6,44.42%,43.31%,4.94%,5.71%,38.74%,52.15%,54.17%,5.75,2.55,345.5,383
all,300,Filippo Romano,30,36.09%,35.70%,3.92%,2.79%,29.10%,48.98%,41.62%,6.37,2.3,284,325.5
all,9,Flavio Cobolli,60,35.73%,35.95%,6.47%,3.29%,28.08%,48.65%,38.13%,6.41,2.29,57,67.7
all,247,Florent Bax,27,34.13%,32.89%,7.04%,5.31%,26.03%,47.99%,32.05%,6.38,2.18,379.5,496.3
all,292,Florian Broska,14,37.33%,37.77%,6.58%,3.29%,28.78%,50.45%,45.57%,6.5,2.43,247.5,293.4
all,20,Frances Tiafoe,51,35.19%,38.73%,13.99%,3.06%,26.30%,50.97%,43.37%,6.35,2.23,62,76.3
all,371,Francesco Forti,22,37.07%,37.09%,5.48%,3.20%,30.38%,47.90%,31.36%,6.66,2.47,253,372.4
all,149,Francesco Maestrelli,40,36.41%,35.99%,4.45%,3.15%,29.44%,48.93%,36.80%,6.61,2.41,268,315.2
all,220,Francesco Passaro,39,34.04%,34.15%,7.49%,3.71%,25.67%,47.19%,38.50%,6.24,2.12,227,290.2
all,23,Francisco Cerundolo,53,40.49%,40.52%,5.01%,3.35%,32.75%,52.88%,40.71%,6.59,2.67,53,68.4
all,91,Francisco Comesana,34,35.79%,35.74%,5.18%,2.96%,29.73%,46.57%,37.33%,6.4,2.29,68,112.9
all,767,Francisco Rocha,6,35.93%,35.09%,1.50%,2.10%,35.38%,36.89%,28.57%,6.68,2.4,236,315.3
all,265,Franco Agamenone,45,42.55%,41.11%,1.65%,3.59%,37.47%,51.15%,45.38%,6.71,2.86,264,294.9
all,725,Franco Ribero,7,34.30%,32.79%,6.17%,5.26%,27.67%,43.35%,41.38%,6.26,2.15,699,827.7
all,225,Franco Roncadelli,52,43.44%,42.72%,3.03%,3.51%,37.35%,53.73%,46.97%,6.49,2.82,306.5,381.2
all,235,Frederico Ferreira Silva,67,40.67%,40.78%,6.03%,3.96%,33.48%,51.73%,43.03%,6.55,2.67,263,291.7
all,331,Gabi Adrian Boitan,13,40.09%,39.95%,5.32%,3.77%,32.81%,52.55%,46.48%,6.5,2.6,306,392
all,,Gabriel Debru,5,42.30%,40.10%,2.07%,5.06%,35.36%,52.91%,41.07%,6.49,2.75,507,475.2
all,87,Gabriel Diallo,41,33.12%,33.33%,7.03%,3.19%,26.79%,45.07%,41.24%,6.2,2.05,69,144.6
all,613,Gabriele Pennaforti,5,34.56%,34.65%,4.89%,2.45%,28.12%,43.70%,47.06%,6.06,2.09,280,293.4
all,373,Gabriele Piraino,17,37.70%,37.45%,5.68%,3.79%,30.37%,51.17%,39.81%,6.46,2.44,270,418.5
all,52,Gael Monfils,13,39.27%,38.57%,5.27%,4.45%,32.20%,50.47%,37.11%,6.47,2.54,57,69.9
all,375,Garrett Johns,31,36.66%,36.46%,6.03%,3.79%,30.04%,46.82%,35.61%,6.62,2.43,314,418.2
all,589,Gastao Elias,5,28.52%,29.15%,5.50%,1.37%,22.46%,39.42%,38.46%,5.6,1.6,200,218.8
all,178,Gauthier Onclin,35,40.63%,42.16%,9.75%,4.47%,30.54%,55.36%,40.38%,6.83,2.78,266,319.8
all,200,Genaro Alberto Olivieri,48,40.52%,39.18%,2.15%,3.58%,34.79%,50.27%,42.47%,6.5,2.63,221,251.6
all,390,Geoffrey Blancaneaux,27,37.16%,37.68%,5.51%,2.50%,31.08%,48.31%,39.16%,6.4,2.38,306,366.9
all,247,George Loffhagen,19,39.15%,39.34%,6.98%,4.20%,32.40%,50.88%,38.85%,6.6,2.58,269,344.4
all,632,Gerard Campana Lee,12,37.51%,35.89%,4.72%,5.18%,31.12%,48.88%,41.56%,6.34,2.38,326.5,363.3
all,196,Gianluca Cadenasso,33,43.29%,42.84%,2.48%,2.66%,36.15%,54.32%,43.40%,6.62,2.86,232,278.1
all,435,Gianmarco Ferrari,6,33.74%,33.60%,4.85%,2.67%,28.07%,46.46%,40.00%,6.24,2.11,380,398.7
all,1126,Gijs Brouwer,6,37.17%,37.85%,10.16%,5.08%,29.58%,50.75%,50.00%,5.84,2.17,332,354.3
all,258,Giles Hussey,32,39.23%,37.61%,4.64%,5.41%,32.26%,49.47%,44.33%,6.24,2.45,389.5,477.3
all,230,Gilles Arnaud Bailly,35,39.80%,40.05%,6.00%,3.58%,33.29%,51.12%,41.11%,6.42,2.56,282,367.8
all,454,Giovanni Fonio,6,36.13%,34.48%,3.99%,4.62%,27.99%,49.18%,35.90%,6.43,2.32,346,351.5
all,91,Giovanni Mpetshi Perricard,44,27.67%,27.94%,9.27%,3.21%,22.27%,38.59%,31.25%,6.01,1.66,61,78.9
all,153,Giulio Zeppieri,16,34.09%,34.56%,8.69%,3.87%,27.09%,46.81%,38.46%,6.16,2.1,187,251.5
all,160,Gonzalo Bueno,64,42.23%,41.53%,3.98%,4.03%,35.56%,52.97%,46.41%,6.41,2.71,290,346.4
all,320,Gonzalo Villanueva,45,41.60%,41.15%,4.17%,3.69%,34.90%,52.63%,42.74%,6.47,2.69,280,332.9
all,146,Grigor Dimitrov,24,34.33%,35.37%,9.52%,3.60%,26.55%,49.62%,36.81%,6.39,2.19,88,149.7
all,223,Guido Ivan Justo,67,43.84%,42.65%,2.85%,4.19%,37.46%,54.64%,46.60%,6.54,2.87,355,392
all,568,Guillaume Dalmasso,7,31.20%,26.77%,5.57%,8.08%,21.50%,45.52%,34.62%,5.79,1.81,542,513.7
all,141,Gustavo Heide,46,42.40%,42.33%,4.73%,3.60%,35.35%,53.02%,40.89%,6.72,2.85,214,248.8
all,1036,Guto Miguel,5,43.38%,41.32%,1.41%,4.51%,35.48%,55.80%,37.78%,6.96,3.02,251,394.8
all,195,Guy Den Ouden,36,41.69%,41.59%,4.49%,3.36%,33.64%,55.38%,43.54%,6.74,2.81,255.5,306.6
all,334,Hady Habib,16,36.54%,36.46%,6.94%,4.10%,28.32%,50.82%,40.37%,6.57,2.4,270,347.8
all,73,Hamad Medjedovic,35,34.73%,37.29%,12.02%,3.07%,26.78%,47.35%,37.38%,6.42,2.23,53,75.7
all,332,Hamish Stewart,26,37.82%,36.69%,4.15%,4.20%,31.35%,47.94%,35.71%,6.7,2.53,362.5,483.3
all,255,Harold Mayot,35,40.91%,40.53%,4.70%,3.84%,34.23%,51.56%,37.46%,6.92,2.83,299,336.3
all,205,Harry Wendelken,47,42.29%,43.13%,7.19%,3.98%,34.31%,55.46%,42.05%,6.62,2.8,315,344.8
all,309,Hayato Matsuoka,38,37.46%,37.54%,5.93%,3.44%,29.28%,50.41%,38.02%,6.61,2.48,334.5,357.4
all,214,Henri Squire,55,38.60%,39.66%,6.73%,2.66%,32.36%,50.03%,37.90%,6.64,2.56,242,267.1
all,123,Henrique Rocha,54,40.65%,39.88%,3.11%,3.34%,34.05%,52.80%,46.11%,6.35,2.58,228.5,255.7
all,408,Henry Bernet,17,34.70%,33.47%,4.32%,4.02%,28.86%,44.98%,38.37%,6.38,2.21,195,217.8
all,273,Henry Searle,19,37.13%,36.58%,4.62%,3.54%,29.96%,50.33%,39.45%,6.39,2.37,286,320.1
all,409,Hernan Casanova,30,43.79%,42.72%,2.97%,4.10%,37.30%,55.24%,46.46%,6.68,2.92,381,516.5
all,442,Hikaru Shiraishi,7,35.56%,36.36%,9.40%,4.10%,26.90%,50.23%,44.44%,6.36,2.26,398,327.9
all,507,Hiroki Moriya,18,39.42%,41.83%,9.35%,2.59%,31.87%,51.80%,39.85%,6.65,2.62,330.5,395.5
all,11,Holger Rune,15,39.21%,40.34%,7.30%,3.05%,31.99%,51.88%,43.64%,6.6,2.59,63,73.6
all,18,Hubert Hurkacz,34,34.67%,35.21%,7.31%,3.14%,28.21%,44.97%,36.36%,6.42,2.23,50.5,57.3
all,143,Hugo Dellien,45,41.46%,40.88%,3.89%,3.68%,35.72%,51.43%,40.64%,6.63,2.75,264,288.1
all,109,Hugo Gaston,54,40.04%,40.23%,6.50%,4.04%,30.94%,54.67%,41.44%,6.48,2.6,175,204.9
all,221,Hugo Grenier,33,38.36%,38.83%,6.51%,3.36%,32.70%,47.37%,44.95%,6.29,2.41,234,261.6
all,644,Hyeon Chung,17,41.96%,42.20%,6.01%,3.98%,32.96%,54.21%,43.48%,6.92,2.9,288,338.7
all,268,Hynek Barton,54,38.26%,36.82%,2.17%,3.55%,30.90%,50.63%,37.78%,6.59,2.52,265,303.4
all,33,Ignacio Buse,61,39.39%,38.83%,3.69%,3.24%,33.81%,49.52%,43.08%,6.49,2.56,88,141
all,693,Ignacio Monzon,8,40.13%,37.44%,2.76%,5.94%,35.69%,47.70%,44.90%,6.12,2.45,378.5,462
all,318,Igor Marcondes,24,38.47%,38.08%,6.02%,4.34%,30.66%,52.08%,35.23%,6.75,2.6,269.5,320.4
all,304,Ilia Simakin,41,37.51%,36.70%,5.02%,4.19%,31.13%,48.05%,40.08%,6.48,2.43,329,355.3
all,406,Ilya Ivashka,26,41.27%,40.88%,5.90%,4.74%,33.36%,54.31%,39.23%,6.9,2.85,342,381.2
all,272,Inaki Montes-De La Torre,37,42.62%,41.41%,3.33%,4.43%,35.63%,53.53%,42.62%,6.64,2.83,307,353.9
all,351,Ioannis Xilas,27,42.90%,41.66%,3.73%,4.79%,35.05%,55.62%,43.46%,6.67,2.86,305,354.8
all,263,Ivan Gakhov,29,38.92%,38.29%,6.61%,5.12%,30.38%,52.27%,44.86%,6.41,2.49,302,431.3
all,584,Ivan Ivanov,15,33.05%,34.05%,9.00%,3.14%,26.83%,43.54%,35.48%,6.09,2.01,284,317.9
all,369,Ivan Marrero Curbelo,15,43.15%,42.76%,6.25%,5.34%,33.44%,58.25%,39.20%,6.7,2.89,413,752.9
all,585,Izan Almazan Valiente,6,35.36%,35.05%,5.62%,3.51%,28.78%,47.65%,34.88%,6.47,2.29,286,303.8
all,563,J.J. Wolf,14,38.99%,39.41%,9.86%,5.71%,30.13%,50.10%,45.88%,6.62,2.58,258.5,289.6
all,143,Jack Draper,15,35.44%,37.44%,10.91%,3.34%,28.55%,49.34%,43.02%,6.39,2.26,67,82.4
all,389,Jack Kennedy,16,45.08%,45.15%,6.39%,5.13%,38.25%,56.88%,54.07%,6.46,2.91,259.5,301.9
all,426,Jack Loge,5,44.03%,42.72%,4.65%,5.75%,33.59%,57.65%,47.83%,6.85,3.02,378,363
all,172,Jack Pinnington Jones,33,37.36%,38.52%,8.03%,3.15%,28.85%,51.07%,44.39%,6.26,2.34,228,240.7
all,86,Jacob Fearnley,47,38.45%,38.81%,7.00%,3.85%,30.39%,51.63%,40.96%,6.68,2.57,126,150.1
all,307,Jacopo Berrettini,14,38.39%,38.09%,5.09%,3.62%,31.19%,49.62%,34.02%,6.76,2.6,331.5,404.9
all,362,Jacopo Vasami,25,35.76%,35.71%,3.89%,2.25%,29.34%,47.36%,34.88%,6.51,2.33,260,319.3
all,79,Jaime Faria,54,38.89%,38.61%,6.01%,4.24%,31.32%,51.19%,38.08%,6.7,2.61,180.5,210.7
all,503,Jake Delaney,11,29.16%,29.81%,8.67%,2.75%,23.57%,39.45%,23.68%,6.06,1.77,405,442.4
all,17,Jakub Mensik,50,36.58%,37.00%,6.67%,3.25%,29.79%,48.69%,34.10%,6.59,2.41,46.5,76
all,522,Jakub Paul,8,40.50%,37.48%,3.33%,6.83%,29.78%,52.67%,42.25%,6.25,2.53,380,359.1
all,94,James Duckworth,56,34.98%,35.93%,10.06%,4.16%,26.55%,48.37%,36.42%,6.37,2.23,216,228.8
all,240,James McCabe,44,35.48%,34.58%,4.74%,3.88%,29.92%,45.33%,37.65%,6.39,2.27,282,382.6
all,442,James Trotter,24,32.97%,32.66%,6.75%,3.75%,27.80%,41.89%,31.71%,6.36,2.1,323,358.7
all,717,James Watt,6,35.95%,33.87%,4.34%,5.37%,29.53%,46.24%,29.27%,6.91,2.49,212.5,277.7
all,931,Jamie Mackenzie,8,36.85%,38.64%,10.22%,3.52%,30.25%,47.39%,38.46%,6.28,2.32,253,420
all,88,Jan Choinski,63,39.26%,40.19%,6.94%,3.11%,31.67%,50.79%,39.41%,6.49,2.55,220,239.9
all,508,Jan Kumstat,15,38.95%,38.50%,6.88%,5.04%,30.79%,50.47%,43.30%,6.37,2.48,234,283
all,42,Jan-Lennard Struff,49,34.54%,36.12%,11.42%,4.00%,25.46%,50.37%,36.97%,6.38,2.2,83,105
all,1,Jannik Sinner,72,41.26%,41.90%,6.79%,3.79%,33.62%,54.66%,42.81%,6.61,2.73,27,39.5
all,1107,Jason Jung,12,37.20%,37.64%,8.05%,4.15%,30.49%,48.52%,40.26%,6.36,2.36,269.5,292
all,179,Jason Kubler,10,36.63%,37.15%,10.05%,5.11%,26.37%,53.36%,42.55%,6.31,2.31,313,373
all,43,Jaume Munar,47,37.80%,38.10%,6.63%,3.59%,30.00%,51.40%,42.21%,6.34,2.4,48,71.6
all,373,Javier Barranco Cosano,13,42.60%,41.89%,3.41%,3.67%,37.18%,51.57%,48.75%,6.31,2.69,237,343.3
all,239,Jay Clarke,51,41.27%,41.44%,5.57%,3.66%,34.21%,52.98%,43.50%,6.71,2.77,400,439.7
all,376,Jay Friend,28,38.72%,37.52%,4.91%,4.86%,29.60%,51.70%,38.14%,6.81,2.64,329.5,325.5
all,501,Jelle Sels,21,38.23%,36.84%,4.34%,4.74%,31.57%,48.78%,37.40%,6.33,2.42,359,446.3
all,1091,Jenson Brooksby,39,36.83%,37.71%,6.85%,2.73%,29.33%,50.64%,37.84%,6.46,2.38,39,81
all,198,Jerome Kym,26,34.62%,36.17%,9.53%,2.97%,27.66%,46.78%,32.14%,6.25,2.16,219.5,267
all,98,Jesper de Jong,43,38.81%,39.81%,6.69%,2.76%,31.38%,51.54%,42.06%,6.49,2.52,163,175.3
all,470,Jie Cui,20,35.41%,36.15%,10.38%,4.73%,26.63%,49.40%,39.84%,6.29,2.23,310,371.9
all,12,Jiri Lehecka,56,35.72%,36.45%,8.24%,3.58%,28.42%,48.86%,34.08%,6.58,2.35,46.5,74.8
all,448,Joao Eduardo Schiessl,19,37.77%,37.03%,4.02%,3.53%,31.70%,47.00%,34.68%,6.41,2.42,352,416.2
all,27,Joao Fonseca,42,36.30%,36.96%,7.81%,3.54%,27.44%,51.76%,42.07%,6.31,2.29,30,56.2
all,259,Joao Lucas Reis Da Silva,48,38.40%,38.68%,6.46%,3.63%,32.13%,47.81%,42.86%,6.45,2.48,265,290.1
all,582,Joaquin Aguilar Cardozo,15,42.20%,41.85%,2.88%,2.68%,36.66%,51.17%,45.95%,6.5,2.74,284,333.1
all,183,Joel Schwaerzler,53,35.98%,36.50%,6.83%,3.10%,27.83%,49.65%,40.13%,6.36,2.29,276,287.9
all,560,Johan Alexander Rodriguez,12,38.42%,38.58%,4.85%,2.79%,32.01%,51.47%,36.26%,6.4,2.46,373.5,374.2
all,412,Johan Nikles,12,44.59%,44.29%,3.76%,3.53%,39.01%,53.52%,44.55%,6.69,2.98,404,404.5
all,315,Johannus Monday,36,34.66%,36.24%,10.74%,3.63%,26.77%,47.28%,42.70%,6.25,2.17,322.5,368.2
all,314,Jonas Forejtek,28,36.90%,37.19%,5.61%,2.85%,31.62%,47.58%,40.66%,6.36,2.35,232.5,268.1
all,113,Jordan Thompson,15,35.97%,36.14%,7.37%,3.91%,28.88%,49.61%,29.00%,6.62,2.38,195,251.8
all,678,Joshua Sheehy,6,32.66%,33.05%,9.31%,4.01%,22.66%,50.77%,26.92%,6.77,2.21,282.5,346.8
all,765,Josip Simundza,5,33.33%,32.90%,7.95%,4.55%,27.01%,45.56%,60.00%,5.62,1.87,286,336
all,801,Jozef Kovalik,5,38.62%,39.13%,6.89%,3.59%,33.18%,47.97%,53.57%,6.07,2.35,444,394.4
all,276,Juan Bautista Torres,52,44.83%,44.24%,3.24%,3.64%,38.77%,54.33%,48.89%,6.63,2.97,331.5,334.3
all,157,Juan Carlos Prado Angelo,58,39.99%,39.44%,4.21%,3.65%,33.66%,50.15%,42.18%,6.52,2.61,266,306.9
all,457,Juan Cruz Martin Manzano,11,37.03%,35.63%,1.87%,3.21%,32.00%,45.79%,44.29%,6.13,2.27,283,325.8
all,343,Juan Estevez,19,42.57%,41.41%,2.97%,4.08%,36.15%,52.77%,40.24%,6.73,2.87,389,422.4
all,52,Juan Manuel Cerundolo,55,38.74%,37.83%,4.40%,4.14%,30.48%,52.89%,41.75%,6.36,2.46,95,145.9
all,287,Juan Manuel La Serna,44,44.28%,43.21%,2.29%,3.62%,39.03%,53.44%,46.52%,6.71,2.97,392,505
all,273,Juan Pablo Ficovich,38,38.48%,37.03%,5.31%,5.42%,29.54%,52.34%,45.02%,6.32,2.43,366.5,462.1
all,274,Juan Pablo Varillas,54,39.80%,39.16%,5.37%,4.51%,32.48%,50.48%,45.01%,6.5,2.59,267,362.1
all,562,Juan Sebastian Gomez,14,41.05%,40.97%,5.33%,3.82%,34.29%,51.13%,39.22%,6.67,2.74,410,451.1
all,840,Juan Sebastian Osorio,5,35.62%,35.57%,5.85%,3.31%,28.88%,45.34%,27.78%,6.78,2.41,409,554.8
all,270,Juncheng Shang,16,33.85%,36.12%,12.35%,3.43%,26.02%,47.84%,40.74%,6.21,2.1,42.5,82.1
all,136,Jurij Rodionov,63,39.07%,39.59%,6.46%,3.38%,31.04%,51.95%,41.10%,6.75,2.64,263,301.9
all,393,Justin Boulais,24,38.27%,37.93%,5.65%,3.99%,29.75%,52.64%,39.86%,6.49,2.48,325,350.6
all,190,Justin Engel,45,34.88%,35.91%,8.88%,3.37%,27.85%,46.84%,37.55%,6.46,2.25,217,296.1
all,259,Kaichi Uchida,38,34.36%,36.59%,12.11%,3.46%,24.67%,48.73%,43.58%,6.14,2.11,260.5,318.4
all,117,Kamil Majchrzak,43,35.85%,37.34%,11.46%,4.45%,26.67%,51.44%,36.92%,6.5,2.33,54,77.2
all,554,Karan Singh,20,32.34%,32.25%,8.36%,4.11%,24.97%,44.16%,30.00%,6.26,2.02,440,469.9
all,39,Karen Khachanov,39,35.90%,36.45%,7.69%,3.55%,27.61%,49.29%,39.08%,6.5,2.33,71,80.7
all,518,Karim Bennani,9,32.90%,33.01%,10.81%,5.16%,22.84%,46.74%,33.33%,6.08,2,327,345.1
all,611,Karl Poling,14,38.09%,38.51%,8.13%,4.40%,31.22%,48.55%,40.00%,6.49,2.47,325.5,449.5
all,421,Kasidit Samrej,15,34.47%,35.71%,10.59%,3.95%,28.19%,45.34%,33.78%,6.67,2.3,195,308.1
all,664,Kaylan Bigun,9,36.47%,37.34%,9.59%,4.32%,26.50%,55.80%,33.33%,6.49,2.37,200,259.7
all,831,Keegan Rice,10,40.05%,39.83%,5.40%,3.95%,34.17%,50.00%,51.43%,6.07,2.43,242.5,368.3
all,209,Keegan Smith,45,34.88%,34.47%,6.04%,3.80%,28.19%,46.25%,38.91%,6.4,2.23,329,363.8
all,721,Kei Nishikori,13,37.87%,38.27%,6.76%,3.54%,31.74%,46.32%,45.45%,6.36,2.41,190,238.8
all,602,Kenta Miyoshi,13,44.14%,43.73%,3.80%,3.69%,37.05%,54.92%,43.70%,6.45,2.85,319,343.8
all,1340,Khololwam Montsi,5,44.42%,43.50%,5.96%,6.20%,36.40%,56.10%,44.00%,7.07,3.14,584,486.4
all,520,Khumoyun Sultanov,5,34.47%,37.35%,10.58%,1.71%,29.14%,40.14%,21.05%,6.98,2.4,529,552
all,242,Kilian Feldbausch,39,45.83%,45.38%,2.81%,3.17%,40.95%,53.46%,46.22%,6.62,3.03,301,343
all,199,Kimmer Coppejans,52,44.04%,43.87%,4.11%,3.51%,37.67%,54.02%,42.04%,6.75,2.97,257,294
all,478,Koki Matsuda,8,36.68%,36.48%,5.76%,3.62%,29.89%,47.83%,42.00%,6.54,2.4,322,387.6
all,534,Kokoro Isomura,16,33.99%,36.03%,13.03%,4.15%,25.15%,47.93%,37.33%,6.3,2.14,228.5,313.8
all,962,Kriish Tyagi,6,37.02%,38.52%,10.38%,4.06%,31.41%,46.39%,42.50%,6.24,2.31,481.5,517
all,270,Kyrian Jacquet,40,40.30%,40.26%,6.43%,4.40%,31.36%,54.61%,40.81%,6.66,2.68,160,209.1
all,221,Laslo Djere,33,38.39%,37.95%,6.21%,4.51%,29.13%,52.44%,35.29%,6.89,2.65,157,193
all,473,Laurent Lokoli,18,38.66%,39.03%,6.34%,3.44%,32.48%,48.88%,39.20%,6.58,2.54,303.5,326.7
all,213,Lautaro Midon,55,42.58%,41.87%,2.50%,3.02%,37.37%,50.86%,45.95%,6.56,2.79,272,332.4
all,117,Leandro Riedi,25,39.75%,40.11%,7.15%,4.18%,31.49%,53.01%,35.44%,6.86,2.73,175,234.6
all,19,Learner Tien,57,38.80%,39.93%,7.53%,3.13%,31.36%,52.14%,41.51%,6.45,2.5,49,72.1
all,549,Leo Borg,8,38.09%,38.48%,7.32%,3.94%,28.48%,52.86%,42.00%,6.42,2.45,447,439.5
all,646,Leo Raquillet,7,35.78%,36.67%,8.41%,3.45%,29.50%,45.16%,44.74%,5.8,2.08,290,323.1
all,651,Leo Vithoontien,7,32.91%,34.64%,10.62%,2.97%,26.21%,45.68%,39.39%,6.2,2.04,551,543.6
all,350,Li Tu,21,35.01%,35.39%,7.76%,3.66%,28.19%,47.54%,34.48%,6.52,2.28,366,445.8
all,202,Liam Broady,41,42.39%,42.59%,5.17%,3.50%,34.92%,55.40%,41.33%,6.65,2.82,261,297
all,246,Liam Draxl,39,39.61%,40.39%,7.61%,3.86%,30.96%,51.86%,36.88%,6.95,2.75,253,375.3
all,298,Lilian Marmousez,12,39.43%,40.20%,7.16%,3.52%,30.51%,53.87%,51.95%,6.29,2.48,316,353.9
all,186,Lloyd Harris,24,38.68%,37.99%,4.45%,3.84%,31.74%,49.85%,42.01%,6.63,2.56,249,247.7
all,593,Lorenzo Angelini,6,45.59%,43.82%,1.76%,4.53%,36.69%,60.40%,54.35%,6.51,2.97,331,412.7
all,477,Lorenzo Carboni,17,38.44%,38.64%,5.58%,3.19%,32.19%,51.07%,36.97%,6.41,2.47,256,339.9
all,201,Lorenzo Giustino,52,39.62%,38.82%,4.11%,3.92%,33.95%,49.48%,40.63%,6.46,2.56,322.5,341.7
all,454,Lorenzo Joaquin Rodriguez,21,38.75%,38.45%,3.73%,2.81%,32.04%,52.46%,35.46%,6.74,2.61,419,496.4
all,13,Lorenzo Musetti,50,36.93%,37.86%,7.30%,2.94%,28.41%,51.83%,40.87%,6.28,2.32,37,52.8
all,88,Lorenzo Sonego,37,33.54%,32.81%,5.41%,3.73%,26.68%,45.96%,34.62%,6.31,2.12,54,94.3
all,539,Louis Wessels,7,34.84%,37.74%,11.22%,2.15%,28.32%,47.86%,37.50%,6.07,2.12,251,295.9
all,435,Luca Castelnuovo,15,34.96%,35.06%,8.11%,4.22%,26.47%,50.46%,29.35%,6.77,2.37,359,374.1
all,173,Luca Nardi,29,38.01%,38.51%,6.19%,3.07%,31.30%,49.45%,38.60%,6.57,2.5,160,168.9
all,425,Luca Potenza,13,39.34%,41.08%,9.94%,3.98%,32.85%,49.44%,35.05%,6.8,2.68,261,408.4
all,589,Luca Staeheli,5,39.30%,37.13%,2.44%,4.88%,31.90%,49.06%,44.44%,6.59,2.59,390,362.2
all,129,Luca Van Assche,52,42.40%,42.95%,6.05%,3.59%,33.65%,55.60%,49.88%,6.47,2.74,166,169.5
all,813,Lucas Andrade Da Silva,6,35.11%,34.73%,5.32%,3.40%,28.01%,45.74%,25.00%,6.53,2.29,546.5,549.2
all,439,Lucas Poullain,15,38.05%,37.68%,5.13%,3.69%,29.57%,50.77%,36.46%,6.37,2.42,273,278.3
all,22,Luciano Darderi,63,37.82%,39.14%,8.50%,3.30%,30.28%,51.03%,42.33%,6.38,2.41,77,91.6
all,311,Luciano Emanuel Ambrogi,38,40.08%,38.60%,1.67%,3.46%,36.41%,46.79%,48.15%,6.38,2.56,282,387
all,380,Lucio Ratti,14,39.86%,38.86%,5.02%,4.82%,32.55%,50.36%,37.14%,6.86,2.74,298.5,432.7
all,405,Lui Maxted,6,32.37%,34.18%,11.35%,3.14%,25.38%,44.16%,40.74%,5.91,1.91,287.5,383.7
all,195,Luka Mikrut,38,41.33%,40.55%,4.13%,4.13%,35.07%,52.98%,44.37%,6.6,2.73,289.5,333.7
all,208,Luka Pavlovic,42,34.04%,33.11%,3.94%,3.35%,27.52%,44.78%,38.43%,6.06,2.06,262,282.4
all,150,Lukas Klein,14,33.17%,34.32%,9.26%,3.09%,26.60%,44.66%,34.29%,6.35,2.11,196,226.4
all,173,Lukas Neumayer,50,40.63%,41.59%,7.49%,3.69%,33.82%,52.53%,42.13%,6.52,2.65,243,280.1
all,597,Lukas Pokorny,6,38.88%,37.27%,2.69%,4.16%,32.96%,50.00%,41.30%,6.01,2.34,179.5,210.7
all,145,Mackenzie McDonald,34,35.10%,36.53%,11.38%,4.29%,24.87%,51.59%,40.11%,6.3,2.21,113.5,124.4
all,518,Mae Malige,13,39.08%,39.38%,6.19%,3.52%,30.91%,50.58%,45.07%,6.54,2.56,274,331.2
all,233,Maks Kasnikowski,41,38.44%,38.76%,6.97%,3.88%,31.21%,49.96%,42.54%,6.5,2.5,252,365
all,372,Manas Dhamne,28,40.84%,40.08%,4.93%,4.57%,33.91%,52.18%,42.66%,6.75,2.76,331,419.5
all,737,Manish Sureshkumar,7,34.83%,34.17%,9.48%,5.92%,26.67%,49.34%,33.33%,6.3,2.19,293,474.9
all,381,Marat Sharipov,29,38.27%,38.64%,6.70%,3.61%,29.93%,50.29%,36.36%,6.64,2.54,279,306.1
all,366,Marc Polmans,14,33.74%,32.93%,9.70%,5.96%,25.20%,47.98%,36.71%,6.15,2.07,330,365.2
all,297,Marc-Andrea Huesler,32,34.48%,34.59%,7.62%,3.87%,25.17%,49.72%,29.94%,6.51,2.24,278,352.2
all,174,Marco Cecchinato,68,38.97%,38.11%,3.50%,3.54%,33.10%,49.24%,38.60%,6.55,2.55,225,254.3
all,95,Marco Trungelliti,57,40.84%,40.82%,5.18%,3.61%,33.72%,52.71%,37.72%,6.82,2.79,225,225.5
all,45,Marcos Giron,50,35.50%,36.77%,9.18%,3.32%,28.62%,48.72%,39.87%,6.26,2.22,55.5,84.4
all,336,Marek Gengel,28,38.69%,39.47%,7.91%,3.88%,29.62%,52.58%,42.42%,6.32,2.45,285,350.4
all,624,Mariano Kestelboim,9,35.93%,35.87%,5.19%,2.99%,27.10%,50.26%,60.71%,5.96,2.14,304,348
all,46,Mariano Navone,61,43.06%,42.75%,3.49%,3.14%,36.51%,53.37%,43.32%,6.67,2.87,76,116.5
all,182,Marin Cilic,39,32.68%,34.96%,12.51%,3.22%,23.59%,48.05%,39.02%,6.15,2.01,47,80
all,189,Mark Lajal,60,37.87%,37.77%,6.18%,3.92%,29.84%,50.14%,40.09%,6.38,2.42,213,253.1
all,348,Marko Topo,28,35.83%,34.92%,6.58%,4.92%,28.21%,47.98%,39.52%,6.18,2.21,220.5,250.1
all,326,Martin Damm,49,32.02%,33.03%,10.34%,3.59%,24.27%,45.02%,33.85%,6.23,2,171,232
all,261,Martin Krumich,38,41.35%,41.28%,4.42%,3.24%,36.27%,50.62%,41.05%,6.62,2.74,277,332.1
all,143,Martin Landaluce,56,37.57%,37.75%,7.28%,4.12%,28.69%,52.31%,39.95%,6.49,2.44,136.5,186.1
all,100,Marton Fucsovics,40,37.45%,37.79%,6.24%,3.24%,30.73%,48.85%,36.40%,6.47,2.42,78.5,98.3
all,372,Marvin Moeller,16,41.25%,40.84%,4.99%,4.14%,34.66%,51.75%,40.94%,6.72,2.77,296.5,406.6
all,418,Masamichi Imamura,19,40.34%,41.40%,5.79%,2.28%,34.84%,49.67%,44.72%,6.46,2.61,254,327.6
all,425,Massimo Giunta,8,31.92%,31.45%,5.75%,3.33%,27.65%,38.67%,38.46%,6.36,2.03,368,381.4
all,254,Matej Dodig,49,36.76%,36.76%,5.77%,3.36%,28.87%,50.39%,38.91%,6.29,2.31,265,297.9
all,548,Mateus Alves,13,35.86%,36.48%,7.80%,3.49%,29.01%,48.36%,34.29%,6.41,2.3,215,241
all,297,Matheus Pucinelli De Almeida,39,46.23%,45.39%,2.82%,3.88%,40.49%,55.56%,50.90%,6.67,3.08,346,387.5
all,377,Mathys Erhard,38,37.83%,36.86%,3.95%,3.84%,31.40%,48.94%,40.45%,6.48,2.45,316,434.6
all,296,Matias Soto,44,39.40%,39.79%,7.75%,4.47%,31.18%,52.67%,44.44%,6.59,2.6,340,450.2
all,298,Mats Rosenkranz,33,38.81%,39.86%,8.87%,4.15%,31.49%,49.88%,48.66%,6.27,2.43,263,338.6
all,748,Matt Kuhar,5,40.73%,40.74%,6.29%,4.30%,36.84%,47.32%,50.00%,6.43,2.62,490,449.6
all,35,Matteo Arnaldi,31,37.67%,37.81%,5.67%,3.22%,30.71%,48.52%,37.16%,6.56,2.47,79,101.1
all,35,Matteo Berrettini,46,33.91%,34.14%,6.74%,3.15%,29.31%,42.56%,40.24%,6.29,2.13,64,79.6
all,280,Matteo Martineau,42,35.41%,35.55%,6.11%,3.15%,29.51%,46.28%,39.82%,6.36,2.25,302.5,359
all,448,Matthew Dellavedova,8,35.38%,35.70%,7.16%,3.48%,26.96%,51.18%,42.86%,6.04,2.14,506.5,488
all,499,Matthew William Donald,5,42.74%,43.03%,5.75%,3.84%,37.67%,50.70%,45.71%,6.89,2.94,244,226
all,101,Mattia Bellucci,49,36.32%,36.80%,6.89%,3.25%,29.78%,48.17%,41.83%,6.27,2.28,79,107
all,700,Matyas Cerny,7,39.67%,38.18%,4.89%,5.43%,28.62%,55.51%,35.09%,6.99,2.77,443,516.3
all,704,Matyas Fuele,5,39.52%,40.29%,5.11%,2.15%,32.76%,50.71%,42.11%,6.2,2.45,284,251.2
all,181,Max Alcala Gurri,32,46.89%,45.94%,3.22%,4.50%,40.43%,57.86%,46.08%,6.85,3.21,293,407.8
all,257,Max Basing,16,39.55%,39.48%,5.69%,3.82%,31.60%,50.75%,33.58%,6.97,2.76,341,348.5
all,1378,Max Dahlin,5,33.26%,32.47%,4.75%,3.46%,26.26%,45.78%,25.00%,6.34,2.11,280,348.6
all,339,Max Hans Rehberg,23,37.79%,37.39%,4.69%,3.43%,31.04%,48.81%,44.68%,6.2,2.34,297,367.4
all,241,Max Houkes,27,40.16%,38.78%,4.78%,5.28%,32.66%,51.45%,43.78%,6.74,2.71,211,238.8
all,310,Max Schoenhaus,19,37.59%,37.51%,5.40%,3.37%,31.34%,48.37%,40.00%,6.48,2.44,242,307.5
all,554,Max Wiskandt,20,38.17%,37.49%,4.69%,3.90%,30.99%,49.72%,34.46%,6.42,2.45,349.5,385.4
all,304,Maxim Mrva,51,42.54%,41.50%,3.12%,4.00%,37.30%,51.42%,48.79%,6.64,2.82,293,307.2
all,211,Maxim Zhukov,5,37.53%,37.75%,6.94%,3.86%,29.83%,49.67%,31.71%,6.82,2.56,241,277.8
all,488,Maxime Chazal,11,34.34%,35.62%,10.22%,3.67%,27.08%,45.92%,36.84%,6.31,2.17,453,471.8
all,572,Maxime Janvier,13,35.81%,35.18%,5.16%,3.76%,27.87%,47.24%,36.62%,6.41,2.3,228,369.7
all,832,Maximilian Neuchrist,7,28.94%,29.51%,7.24%,2.23%,24.66%,38.55%,22.22%,6.34,1.84,268,318.4
all,625,Maximo Zeitune,11,35.59%,34.99%,3.13%,2.61%,32.45%,44.33%,39.29%,6.34,2.26,479,583.5
all,419,Maximus Jones,33,37.50%,37.81%,6.52%,3.48%,29.87%,50.32%,42.15%,6.45,2.42,358,388.8
all,542,Maxwell Mckennon,6,31.86%,28.57%,9.14%,8.26%,20.63%,46.00%,17.24%,6.4,2.04,564,616.3
all,471,Mees Rottgering,11,36.94%,37.98%,8.31%,3.41%,28.10%,52.23%,48.08%,5.96,2.2,294,359.5
all,298,Mert Alkaya,25,38.65%,37.85%,5.46%,4.61%,30.97%,50.29%,42.51%,6.56,2.53,379,517.1
all,794,Micah Braswell,7,36.53%,35.16%,4.18%,4.38%,27.80%,53.01%,36.00%,6.39,2.33,291,291.4
all,690,Michael Bassem Sobhy,5,33.07%,34.43%,8.99%,2.65%,27.95%,43.55%,35.71%,6.41,2.12,416,379.6
all,342,Michael Geerts,38,36.49%,37.52%,9.21%,3.88%,28.99%,48.51%,39.82%,6.46,2.36,318,396.4
all,187,Michael Mmoh,44,39.59%,39.58%,5.79%,3.81%,31.78%,51.47%,44.63%,6.53,2.58,313,425.6
all,744,Michael Vrbensky,6,36.60%,36.34%,6.96%,4.38%,26.29%,49.14%,35.29%,6.16,2.25,328.5,351
all,754,Michael Zheng,31,40.07%,39.50%,5.53%,4.56%,31.75%,53.90%,42.63%,6.45,2.59,206,225.3
all,267,Michele Ribecai,29,40.00%,40.44%,5.46%,2.98%,34.30%,51.00%,48.02%,6.29,2.52,281,311.9
all,286,Miguel Damas,44,41.66%,41.16%,4.01%,3.65%,36.71%,50.13%,43.49%,6.6,2.75,263,287.5
all,473,Miguel Tobon,30,36.31%,35.20%,5.03%,4.44%,27.90%,50.67%,41.14%,6.46,2.34,319.5,381.9
all,415,Mika Brunold,27,39.57%,39.41%,3.54%,2.57%,33.44%,50.00%,41.18%,6.53,2.58,289,330.8
all,434,Mika Petkovic,8,34.30%,35.19%,8.84%,3.43%,25.22%,48.83%,38.30%,5.96,2.04,230,263
all,281,Mikhail Kukushkin,40,38.95%,40.45%,9.37%,3.84%,28.90%,56.26%,40.00%,6.62,2.58,246,298.6
all,352,Mili Poljicak,32,39.88%,37.93%,1.86%,4.28%,34.78%,48.18%,36.82%,6.62,2.64,281,327.2
all,714,Millen Hurrion,5,31.58%,29.32%,4.97%,5.26%,20.30%,47.86%,25.00%,6.45,2.04,476,398.8
all,461,Milos Karol,18,34.97%,34.13%,5.58%,4.17%,26.38%,49.11%,40.52%,6.52,2.28,262.5,303.2
all,55,Miomir Kecmanovic,54,37.16%,39.16%,11.51%,4.12%,27.52%,53.16%,39.89%,6.48,2.41,55.5,86.9
all,497,Mirza Basic,5,37.77%,35.66%,8.05%,7.74%,24.19%,56.20%,46.67%,6.09,2.3,334,436.2
all,364,Mitchell Krueger,31,40.39%,40.84%,6.87%,3.98%,33.57%,49.80%,40.33%,6.71,2.71,358,366.2
all,545,Mitsuki Wei Kang Leong,12,36.06%,36.40%,5.83%,2.80%,30.35%,44.61%,37.84%,6.44,2.32,389.5,408.9
all,425,Moerani Bouzige,18,31.80%,31.86%,10.60%,4.87%,22.99%,45.93%,33.33%,6.19,1.97,329,319.3
all,151,Moez Echargui,36,37.25%,36.81%,7.62%,5.13%,29.48%,48.90%,37.89%,6.38,2.38,205,257.2
all,213,Moise Kouame,21,36.74%,37.62%,6.67%,2.62%,29.03%,49.50%,33.33%,6.6,2.42,122,176.7
all,517,Mukund Sasikumar,12,35.06%,36.07%,8.55%,3.25%,27.09%,49.69%,31.94%,6.55,2.3,378,467.5
all,317,Murkel Dellien,41,42.78%,41.84%,3.49%,4.12%,37.25%,52.08%,41.99%,6.84,2.93,407,456.4
all,285,Murphy Cassone,44,36.28%,37.23%,8.57%,3.56%,27.47%,50.43%,43.98%,6.21,2.25,258.5,314.1
all,961,Naoya Honda,10,39.86%,39.07%,4.79%,4.37%,34.73%,47.69%,38.24%,6.64,2.64,375,421.5
all,425,Neil Oberleitner,11,34.30%,34.68%,6.83%,3.05%,28.94%,43.36%,32.08%,6.37,2.19,251,382.1
all,235,Nerman Fatic,27,38.57%,38.50%,4.59%,2.99%,32.26%,49.66%,39.52%,6.46,2.49,245,271
all,267,Nick Hardt,19,42.59%,42.16%,3.28%,3.13%,38.64%,50.22%,54.55%,6.4,2.72,345.5,443.5
all,131,Nicolai Budkov Kjaer,53,37.63%,38.49%,6.79%,2.86%,29.98%,51.47%,41.23%,6.47,2.44,168,223.4
all,475,Nicolas Alvarez Varona,12,39.01%,38.36%,5.46%,4.45%,31.58%,52.92%,44.59%,6.2,2.42,332,280.2
all,718,Nicolas Arseneault,5,34.39%,34.81%,7.14%,3.17%,26.86%,47.79%,50.00%,6,2.06,318,382.6
all,155,Nicolas Jarry,11,36.46%,36.62%,7.74%,4.22%,26.49%,50.71%,29.58%,6.82,2.49,165,170.5
all,369,Nicolas Kicker,44,40.54%,40.31%,5.29%,3.97%,34.24%,51.96%,50.71%,6.15,2.49,349,456.9
all,223,Nicolas Mejia,61,38.63%,38.68%,7.16%,4.44%,31.44%,48.87%,37.56%,6.65,2.57,325,348.2
all,544,Nicolas Moreno De Alboran,6,32.69%,32.81%,5.77%,2.64%,24.43%,46.75%,28.00%,6.5,2.12,312.5,341.2
all,664,Nicolas Villalon,9,41.93%,42.12%,4.75%,3.12%,35.55%,51.16%,44.05%,6.46,2.71,397,413.1
all,802,Nicolas Zanellato,5,38.79%,37.02%,3.78%,5.04%,32.13%,54.17%,42.42%,6.51,2.52,348,403.8
all,509,Niels McDonald,13,38.63%,38.02%,5.96%,4.64%,29.78%,51.93%,39.39%,6.38,2.46,259,297.2
all,439,Niels Visker,19,30.63%,29.35%,5.29%,4.01%,24.97%,40.67%,25.58%,6.27,1.92,302,409.8
all,214,Nikolas Sanchez Izquierdo,63,42.18%,41.64%,3.54%,3.46%,35.18%,53.53%,39.50%,6.78,2.86,248,300
all,494,Nikolay Vylegzhanin,5,39.60%,39.25%,6.38%,4.70%,30.29%,52.85%,46.88%,6.21,2.46,372,514.4
all,133,Nikoloz Basilashvili,32,35.84%,38.94%,11.95%,2.55%,27.63%,49.10%,37.17%,6.43,2.31,100,174.9
all,148,Nishesh Basavareddy,32,38.78%,38.97%,8.30%,5.00%,29.93%,53.60%,42.40%,6.42,2.49,155.5,207.1
all,423,Norbert Gombos,33,36.54%,36.32%,6.60%,4.12%,28.40%,49.62%,37.13%,6.44,2.36,257,286.5
all,8,Novak Djokovic,32,35.84%,38.24%,10.59%,2.67%,28.63%,50.05%,41.27%,6.36,2.28,53.5,64.2
all,36,Nuno Borges,61,35.24%,36.45%,9.28%,3.42%,27.41%,47.90%,35.60%,6.39,2.25,67,95.1
all,357,Ognjen Milic,22,36.12%,36.47%,6.85%,3.39%,26.77%,51.08%,40.44%,6.1,2.2,332,422.6
all,507,Olaf Pieczkowski,5,37.29%,34.78%,3.30%,5.61%,27.75%,50.00%,41.67%,6.73,2.51,515,558.8
all,400,Oleg Prihodko,21,37.79%,36.33%,3.97%,4.55%,31.91%,47.59%,45.76%,6.18,2.33,328,385.9
all,237,Oliver Crawford,43,37.31%,37.87%,9.00%,4.59%,27.92%,52.31%,43.66%,6.36,2.37,335,395
all,348,Oliver Tarvet,18,35.58%,36.88%,10.16%,3.88%,26.41%,51.26%,38.39%,6.29,2.24,216,298.7
all,386,Olle Wallin,23,36.33%,37.26%,9.77%,4.32%,28.84%,47.40%,39.55%,6.57,2.39,272,308.5
all,520,Omar Jasika,19,35.98%,36.29%,6.91%,3.45%,27.32%,49.05%,34.48%,6.58,2.37,323,346.1
all,1215,Orel Kimhi,7,39.69%,39.36%,5.38%,4.04%,31.64%,52.63%,43.14%,6.56,2.6,352,455.4
all,319,Oriol Roca Batalla,12,34.89%,34.91%,4.08%,2.16%,30.92%,42.70%,33.85%,6.47,2.26,212,287.6
all,115,Otto Virtanen,51,36.57%,36.56%,6.10%,3.52%,29.10%,49.56%,39.04%,6.48,2.37,198,220.1
all,184,Pablo Carreno Busta,62,39.63%,40.73%,7.37%,3.21%,32.20%,52.25%,41.53%,6.51,2.58,121,188.1
all,129,Pablo Llamas Ruiz,51,41.19%,40.94%,4.38%,3.45%,34.58%,51.30%,41.28%,6.72,2.77,233,274.4
all,113,Patrick Kypson,37,36.64%,39.85%,13.96%,3.91%,26.23%,53.41%,45.62%,6.36,2.33,201,209.8
all,781,Patrick Maloney,5,34.92%,35.71%,10.17%,4.41%,27.32%,47.32%,37.50%,6.15,2.15,440,508.6
all,401,Patrick Zahraj,23,37.92%,38.10%,7.25%,4.18%,30.32%,50.24%,38.36%,6.56,2.49,305,385.8
all,679,Paul Inchauspe,9,34.90%,34.06%,5.77%,4.25%,28.30%,46.81%,38.89%,6.34,2.21,309.5,331.6
all,325,Paul Jubb,16,42.11%,42.05%,6.19%,4.60%,34.36%,54.51%,38.16%,7.01,2.95,353.5,426.6
all,503,Paulo Andre Saraiva Dos Santos,16,37.24%,35.94%,2.11%,3.20%,33.26%,45.81%,38.52%,6.5,2.42,402,471.9
all,243,Pavel Kotov,35,36.59%,36.32%,5.52%,3.56%,30.72%,46.28%,35.09%,6.5,2.38,237,291.6
all,528,Pavle Marinkov,8,32.20%,37.70%,17.70%,1.88%,23.34%,48.91%,48.57%,5.84,1.88,302,311
all,1025,Pavlos Tsitsipas,6,36.17%,34.88%,5.61%,4.99%,29.10%,45.07%,36.59%,6.68,2.42,338.5,401.3
all,594,Pedro Araujo,5,39.49%,37.29%,1.59%,4.46%,31.69%,50.38%,39.39%,6.41,2.53,231,245
all,256,Pedro Boscardin Dias,47,38.91%,37.61%,3.30%,4.07%,31.62%,50.44%,46.05%,6.36,2.48,231,305.8
all,148,Pedro Martinez,44,39.04%,39.88%,8.10%,3.97%,30.39%,52.61%,39.16%,6.48,2.53,204.5,205.4
all,496,Pedro Sakamoto,19,37.59%,37.62%,5.13%,3.05%,31.21%,49.68%,42.62%,6.29,2.36,324,407.2
all,530,Pedro Vives Marcos,5,38.46%,38.69%,6.33%,3.62%,33.59%,45.56%,41.67%,5.82,2.24,282,291.6
all,787,Peter Bertran,7,37.32%,37.18%,6.60%,4.12%,28.28%,50.77%,41.30%,6.38,2.38,785,694.4
all,567,Peter Fajta,6,38.86%,39.09%,4.27%,2.37%,36.00%,44.22%,37.21%,6.92,2.69,421,385.3
all,558,Peter Makk,5,32.48%,33.33%,10.54%,3.99%,24.78%,47.11%,36.00%,6.05,1.97,284,303
all,285,Petr Bar Biryukov,36,31.79%,30.80%,6.96%,4.52%,23.88%,44.86%,37.36%,5.93,1.88,303.5,408.5
all,340,Petr Brunclik,38,41.17%,41.18%,5.98%,4.18%,34.78%,51.05%,39.07%,6.97,2.87,313.5,384.6
all,396,Petr Nesterov,13,40.58%,38.63%,2.71%,4.89%,34.91%,49.73%,41.94%,6.82,2.77,314,300.1
all,295,Philip Henning,24,42.05%,42.61%,8.46%,5.32%,32.67%,56.32%,39.30%,6.65,2.8,352,485.5
all,301,Philip Sekulic,38,37.01%,36.96%,8.77%,5.22%,28.06%,50.75%,45.28%,6.39,2.36,288,388.8
all,839,Pierluigi Basile,12,34.31%,34.73%,7.48%,3.34%,27.08%,47.21%,45.00%,5.94,2.04,259.5,295.7
all,232,Pierre-Hugues Herbert,22,35.92%,35.89%,6.22%,3.53%,27.57%,49.68%,37.50%,6.24,2.24,184.5,246.5
all,446,Pietro Fellin,15,39.76%,38.12%,5.20%,5.85%,31.50%,52.79%,37.89%,6.64,2.64,316,315.9
all,222,Pol Martin Tiffon,45,38.82%,39.02%,6.13%,3.60%,31.50%,52.08%,36.12%,6.55,2.54,261,300.3
all,83,Quentin Halys,46,34.05%,34.76%,9.03%,3.73%,26.67%,46.62%,34.57%,6.43,2.19,60.5,107.2
all,466,Quinn Vandecasteele,13,37.38%,36.01%,5.39%,5.17%,29.86%,48.08%,29.07%,7.01,2.62,251,333.7
all,519,Radu Albot,23,42.32%,41.17%,3.97%,4.74%,35.84%,53.37%,37.56%,6.97,2.95,348,398.8
all,15,Rafael Jodar,82,42.55%,42.32%,4.85%,3.96%,35.52%,53.81%,45.02%,6.54,2.78,115,180.6
all,38,Raphael Collignon,69,36.95%,37.42%,6.58%,3.18%,29.63%,49.31%,41.00%,6.47,2.39,94,130.5
all,410,Raphael Perot,12,38.49%,38.18%,7.53%,5.16%,30.81%,50.55%,37.50%,6.84,2.63,383.5,467.6
all,231,Raul Brancaccio,40,39.57%,39.35%,5.20%,3.74%,32.78%,50.22%,38.70%,6.69,2.65,243.5,283.5
all,538,Reda Bennani,5,32.25%,30.36%,5.25%,5.00%,24.55%,42.05%,34.78%,6.15,1.98,316,278.6
all,150,Rei Sakamoto,35,36.57%,36.90%,6.58%,3.33%,29.42%,48.66%,39.39%,6.63,2.43,234,344.4
all,76,Reilly Opelka,21,24.97%,24.76%,8.54%,3.08%,17.76%,38.84%,23.64%,5.92,1.48,50,61.5
all,182,Remy Bertola,48,36.96%,37.34%,6.14%,3.04%,30.77%,48.26%,37.59%,6.43,2.37,187,235.8
all,330,Renta Tokuda,19,36.46%,37.42%,8.86%,3.76%,27.88%,48.83%,40.19%,6.36,2.32,317,322.7
all,836,Rigele Te,6,31.16%,31.62%,10.87%,4.35%,20.22%,51.02%,36.00%,6.37,1.98,353.5,458.3
all,93,Rinky Hijikata,54,36.80%,38.02%,9.80%,4.04%,27.59%,51.26%,42.99%,6.27,2.31,112,165.8
all,216,Rio Noguchi,53,41.10%,41.79%,6.29%,3.34%,32.88%,53.62%,46.11%,6.39,2.63,286,334.1
all,476,Robert Strombachs,18,36.43%,37.05%,7.40%,3.38%,29.41%,49.30%,37.19%,6.69,2.44,323.5,428
all,183,Roberto Bautista Agut,26,33.87%,36.08%,11.89%,3.25%,25.19%,48.03%,35.00%,6.36,2.15,77,88.3
all,176,Roberto Carballes Baena,40,39.78%,39.55%,5.50%,3.97%,32.23%,53.44%,40.34%,6.57,2.61,259.5,293.6
all,284,Robin Bertrand,28,41.25%,40.46%,4.88%,4.63%,32.92%,53.28%,41.23%,6.59,2.72,298.5,336.1
all,579,Robin Catry,5,35.23%,33.24%,4.40%,5.18%,27.54%,47.33%,37.93%,6.33,2.23,282,257.8
all,320,Rodrigo Pacheco Mendez,45,37.70%,37.26%,9.92%,6.59%,27.32%,51.76%,34.86%,6.55,2.47,266,329.8
all,152,Roman Andres Burruchaga,65,43.42%,42.66%,3.33%,3.82%,36.73%,54.02%,43.39%,6.79,2.95,125,190.1
all,132,Roman Safiullin,38,39.45%,39.77%,7.00%,4.08%,32.78%,51.55%,41.64%,6.52,2.57,139,155.9
all,484,Rudolf Molleker,14,36.62%,37.31%,9.22%,4.39%,27.20%,52.80%,33.66%,6.65,2.43,280.5,363.5
all,594,Ryan Dickerson,10,37.05%,37.11%,6.56%,3.77%,29.46%,50.22%,40.38%,6.16,2.28,433.5,517.8
all,488,Ryan Nijboer,9,35.54%,34.90%,5.18%,3.75%,25.44%,51.38%,39.13%,6.22,2.21,252,298.9
all,231,Ryan Peniston,18,44.26%,43.34%,3.90%,4.60%,35.60%,56.37%,46.63%,6.82,3.02,317.5,379.7
all,750,Ryan Seggerman,7,37.70%,37.02%,3.89%,3.36%,30.69%,51.87%,28.33%,6.81,2.57,207,402.7
all,995,Ryotaro Taguchi,5,29.75%,32.47%,12.34%,1.90%,24.15%,40.37%,21.74%,5.85,1.74,289,304.4
all,565,Ryuki Matsuda,6,34.54%,34.79%,7.97%,3.86%,27.69%,46.10%,43.75%,6,2.07,524,664.5
all,653,S D Prajwal Dev,6,30.07%,30.97%,9.48%,2.94%,27.00%,35.85%,23.33%,5.77,1.74,351.5,405.7
all,665,Saba Purtseladze,15,32.17%,31.61%,7.00%,4.05%,26.03%,41.74%,32.14%,6.09,1.96,315,341.5
all,349,Samir Banerjee,11,42.11%,42.05%,5.70%,4.25%,31.69%,58.86%,42.68%,6.92,2.92,333,335.2
all,656,Samuel Alejandro Linde Palacios,10,35.71%,35.89%,6.01%,3.08%,27.30%,49.36%,40.91%,6.42,2.29,354.5,503.5
all,727,Samuel Heredia,11,36.88%,37.62%,7.45%,3.31%,31.05%,47.95%,33.80%,6.56,2.42,401.5,511.4
all,400,Samuele Pieri,14,38.01%,35.67%,3.70%,5.69%,30.74%,48.28%,42.05%,6.32,2.4,274,293.6
all,293,Sandro Kopp,39,39.19%,38.44%,5.16%,4.45%,31.76%,50.70%,40.77%,6.5,2.55,354.5,360.6
all,369,Sanhui Shin,13,42.07%,42.76%,7.47%,4.37%,33.46%,54.67%,46.24%,6.54,2.75,383,446.2
all,625,Santiago De La Fuente,10,40.33%,38.99%,1.92%,3.43%,34.54%,50.77%,54.10%,6.51,2.62,320.5,374
all,384,Santiago Rodriguez Taverna,35,36.50%,35.57%,4.25%,3.78%,30.84%,46.86%,35.83%,6.49,2.37,357,422.9
all,313,Sascha Gueymard Wayenburg,45,36.99%,36.72%,5.48%,3.60%,30.78%,47.51%,40.55%,6.45,2.38,234,270.5
all,341,Sean Cuenin,6,35.66%,35.09%,8.31%,5.36%,31.97%,42.64%,35.48%,6.54,2.33,462,422.7
all,28,Sebastian Baez,54,39.57%,40.78%,7.84%,3.35%,31.30%,53.75%,44.41%,6.38,2.52,68,87.5
all,516,Sebastian Gima,15,36.52%,35.57%,3.99%,3.67%,27.79%,54.11%,38.27%,6.35,2.32,290,481.3
all,36,Sebastian Korda,41,37.88%,38.84%,7.72%,3.34%,30.26%,51.64%,37.41%,6.61,2.5,48,94.8
all,124,Sebastian Ofner,49,36.81%,36.06%,5.90%,4.49%,28.91%,49.39%,37.54%,6.5,2.39,172,179
all,421,Semen Pankin,10,38.62%,37.69%,5.82%,5.03%,30.89%,50.00%,39.19%,6.52,2.52,357,604.4
all,302,Sergey Fomin,29,37.48%,37.71%,8.13%,4.54%,31.01%,47.88%,42.86%,6.28,2.35,329,392.4
all,452,Sergio Callejon Hernando,11,43.48%,42.78%,4.89%,4.89%,35.18%,55.32%,46.67%,6.65,2.89,299,384.6
all,117,Shintaro Mochizuki,44,40.88%,41.86%,7.66%,3.82%,33.19%,54.31%,41.64%,6.6,2.7,161.5,178.5
all,194,Sho Shimabukuro,60,37.23%,37.67%,7.41%,3.77%,30.63%,47.93%,39.13%,6.47,2.41,205.5,265.4
all,537,Shunsuke Mitsui,5,38.66%,38.03%,5.11%,4.15%,32.80%,47.58%,44.00%,6.52,2.52,256,300.6
all,540,Sidharth Rawat,9,36.29%,35.54%,5.62%,4.26%,30.67%,46.23%,40.82%,6.38,2.32,442,515.4
all,158,Soonwoo Kwon,25,40.98%,41.93%,8.99%,4.86%,34.53%,51.55%,42.62%,7.02,2.88,227,293.2
all,524,Spencer Johnson,5,33.79%,34.36%,8.19%,3.41%,26.11%,46.02%,45.45%,5.75,1.94,179,259.2
all,118,Stan Wawrinka,40,33.32%,33.98%,8.26%,3.25%,25.77%,46.26%,33.80%,6.26,2.09,83,179.4
all,261,Stefan Dostanic,30,40.45%,39.23%,3.95%,4.56%,33.56%,51.92%,41.30%,6.5,2.63,270.5,312.5
all,296,Stefan Kozlov,38,42.31%,41.52%,4.63%,4.63%,35.00%,53.53%,40.24%,6.96,2.94,333,382.7
all,411,Stefan Palosi,19,40.65%,39.97%,4.29%,3.99%,35.45%,50.43%,39.13%,6.67,2.71,243,263.9
all,229,Stefano Napolitano,40,37.11%,38.40%,9.91%,4.10%,29.27%,49.16%,40.45%,6.49,2.41,263.5,311.9
all,142,Stefano Travaglia,58,42.62%,41.97%,4.06%,4.06%,35.37%,54.77%,43.49%,6.77,2.89,272.5,276.9
all,153,Stefanos Sakellaridis,47,38.22%,37.04%,3.28%,3.80%,32.18%,48.36%,44.85%,6.41,2.45,257,295.1
all,11,Stefanos Tsitsipas,43,34.89%,34.85%,6.03%,3.28%,26.21%,50.67%,35.45%,6.42,2.24,42,88.9
all,660,Strong Kirchheimer,6,36.18%,33.58%,4.27%,6.07%,29.20%,47.37%,39.47%,6.1,2.21,291.5,276.7
all,384,Stuart Parker,9,42.97%,41.02%,2.91%,5.33%,36.19%,53.25%,54.10%,6.45,2.77,288,363.2
all,246,Sumit Nagal,47,41.89%,41.79%,5.42%,4.06%,34.90%,54.03%,42.60%,6.61,2.77,268,297.8
all,584,Svyatoslav Gulin,14,40.28%,38.84%,2.60%,4.00%,32.06%,55.95%,42.31%,6.72,2.71,287.5,323
all,587,Taha Baadi,6,32.43%,34.88%,8.71%,0.90%,29.63%,37.61%,22.22%,6.28,2.04,180.5,397
all,512,Tai Sach,12,38.17%,37.88%,4.76%,3.36%,31.82%,49.36%,34.52%,6.53,2.49,296.5,317.7
all,523,Takuya Kumasaka,9,35.93%,34.90%,4.45%,3.97%,28.61%,47.72%,40.00%,6.62,2.38,223,284.2
all,69,Tallon Griekspoor,41,31.82%,33.96%,12.25%,3.05%,23.43%,46.61%,31.51%,6.13,1.95,77,79.1
all,194,Taro Daniel,33,38.96%,40.38%,9.24%,3.88%,31.21%,51.10%,45.37%,6.34,2.47,201,225.5
all,8,Taylor Fritz,61,34.29%,35.41%,9.77%,3.62%,25.82%,49.95%,31.64%,6.53,2.24,39,53.1
all,31,Taym Al Azmeh,5,45.56%,47.25%,6.21%,2.37%,39.20%,54.68%,63.16%,6.15,2.8,268,280.2
all,46,Terence Atmane,43,31.92%,32.67%,7.90%,2.73%,22.96%,46.92%,35.38%,6.08,1.94,43,90
all,456,Thanasi Kokkinakis,9,34.92%,35.90%,8.18%,3.05%,26.80%,46.71%,35.94%,6.35,2.22,99,165.1
all,115,Thiago Agustin Tirante,59,37.20%,37.00%,5.45%,3.52%,31.00%,48.54%,43.05%,6.4,2.38,125,179.7
all,722,Thiago Cigarran,8,40.76%,39.56%,2.25%,3.45%,37.53%,46.60%,40.30%,6.58,2.68,380.5,393.5
all,303,Thiago Monteiro,37,37.37%,36.76%,5.55%,4.19%,30.01%,48.58%,42.99%,6.29,2.35,248,238.4
all,206,Thiago Seyboth Wild,37,40.67%,40.52%,6.06%,4.38%,32.47%,52.22%,48.55%,6.22,2.53,298,409.8
all,529,Thijs Boogaard,7,36.31%,36.48%,7.12%,3.83%,24.92%,51.95%,31.37%,6.52,2.37,169,312
all,321,Thomas Faurel,19,35.88%,36.29%,7.13%,3.42%,27.22%,50.69%,44.86%,6.11,2.19,253,312.9
all,371,Tiago Pereira,33,36.65%,35.47%,3.65%,3.83%,30.27%,46.57%,40.82%,6.23,2.28,262,298.1
all,427,Tiago Torres,10,41.38%,40.52%,3.67%,3.95%,32.55%,54.58%,43.37%,6.81,2.82,125.5,181.1
all,500,Tibo Colson,13,38.92%,38.05%,4.12%,3.94%,29.10%,51.91%,25.81%,7.09,2.76,280,306.8
all,961,Timo Legout,10,44.58%,42.81%,3.31%,5.57%,35.57%,57.25%,46.43%,6.78,3.02,318,319.6
all,150,Timofey Skatov,54,39.44%,40.42%,7.82%,3.65%,31.31%,52.40%,43.45%,6.6,2.6,260.5,276.5
all,185,Titouan Droguet,59,36.87%,36.19%,5.08%,3.95%,29.57%,49.02%,39.89%,6.43,2.37,153,179
all,112,Toby Samuel,55,42.59%,41.81%,3.25%,3.67%,36.30%,52.77%,45.41%,6.54,2.79,277,319.2
all,186,Tom Gentzsch,54,37.89%,37.51%,4.77%,3.48%,32.02%,48.01%,42.14%,6.54,2.48,303.5,371.4
all,372,Tom Paris,16,34.93%,34.48%,6.18%,3.93%,25.62%,49.06%,38.10%,6.14,2.14,256.5,278.4
all,139,Tomas Barrios Vera,50,40.70%,41.16%,6.18%,3.54%,34.34%,51.12%,43.31%,6.57,2.67,223,263.1
all,43,Tomas Machac,30,35.48%,36.62%,8.32%,3.02%,28.54%,46.97%,42.69%,6.16,2.19,42.5,64.7
all,30,Tomas Martin Etcheverry,55,35.16%,36.00%,8.18%,3.29%,27.71%,48.50%,38.89%,6.27,2.2,52,66.5
all,567,Tomasz Berkieta,10,36.50%,34.92%,4.60%,4.90%,26.29%,52.06%,35.29%,6.61,2.41,353,305.7
all,358,Tommaso Compagnucci,13,38.50%,36.44%,2.65%,4.76%,32.53%,49.23%,52.94%,6.46,2.49,351,369
all,21,Tommy Paul,48,37.68%,38.21%,6.39%,3.09%,30.51%,50.65%,39.95%,6.66,2.51,49.5,60.7
all,436,Trevor Svajda,13,38.72%,37.95%,6.96%,5.50%,29.84%,49.87%,41.11%,6.27,2.43,232,266.5
all,162,Tristan Boyer,31,39.24%,38.63%,4.78%,4.00%,31.56%,52.39%,45.89%,6.42,2.52,250,231
all,604,Tristan McCormick,10,35.30%,34.39%,7.83%,5.49%,27.17%,49.25%,40.00%,6.44,2.27,392.5,407.6
all,148,Tristan Schoolkate,38,35.26%,35.98%,9.44%,4.17%,26.56%,49.14%,31.66%,6.53,2.3,215.5,238.6
all,612,Tsung-Hao Huang,9,36.67%,36.80%,5.33%,2.91%,30.05%,47.64%,40.00%,6.52,2.39,244,355.9
all,644,Tuncay Duran,5,39.16%,37.53%,4.68%,5.42%,33.76%,46.51%,41.38%,6.66,2.61,441,448.4
all,329,Tung-Lin Wu,35,36.75%,38.23%,9.68%,3.60%,29.54%,48.70%,34.94%,6.65,2.45,259,346.3
all,343,Tyler Zink,42,35.80%,34.61%,6.99%,5.52%,26.18%,49.67%,33.07%,6.46,2.31,328,387.1
all,173,Ugo Blanchet,30,33.77%,34.13%,8.40%,3.81%,28.17%,43.19%,35.57%,6.39,2.16,166,186.5
all,28,Ugo Humbert,56,34.14%,34.66%,7.82%,3.36%,25.94%,48.87%,39.78%,6.24,2.13,55.5,73.7
all,416,Vadym Ursu,16,42.93%,41.48%,3.91%,5.24%,35.52%,53.93%,44.44%,6.68,2.87,372,431.3
all,203,Valentin Royer,55,36.08%,36.98%,8.91%,3.80%,28.92%,49.76%,40.06%,6.38,2.3,82,129.9
all,18,Valentin Vacherot,47,35.67%,36.26%,8.11%,3.69%,28.56%,48.57%,37.42%,6.34,2.26,49,119.9
all,442,Valerio Aboian,25,40.53%,40.09%,2.77%,2.60%,35.83%,49.18%,44.13%,6.49,2.63,381,437.6
all,493,Viktor Durasovic,25,34.98%,34.93%,7.12%,3.90%,26.13%,47.43%,36.42%,6.54,2.29,204,275.8
all,128,Vilius Gaubas,54,40.24%,39.82%,4.22%,3.48%,33.24%,51.60%,41.51%,6.79,2.73,235.5,269.7
all,125,Vit Kopriva,60,38.99%,39.92%,7.10%,3.18%,32.15%,50.47%,41.98%,6.35,2.48,103,145.3
all,215,Vitaliy Sachko,37,37.99%,38.17%,5.75%,3.27%,30.92%,49.86%,39.06%,6.4,2.43,227,253.6
all,530,Vladyslav Orlov,8,37.32%,36.31%,7.43%,5.82%,26.57%,50.00%,34.43%,6.38,2.38,359,416.6
all,801,Wilson Leite,6,35.98%,34.94%,6.52%,5.10%,27.65%,49.26%,34.21%,6.19,2.23,818,636.6
all,287,Yanki Erel,14,35.63%,35.58%,7.37%,4.14%,26.47%,49.79%,32.08%,6.82,2.43,428,448.1
all,98,Yannick Hanfmann,53,35.41%,36.59%,9.00%,3.33%,28.71%,47.71%,35.96%,6.49,2.3,72,129.9
all,312,Yasutaka Uchiyama,32,36.22%,36.09%,5.98%,3.59%,28.59%,47.68%,39.90%,6.4,2.32,326,363.7
all,662,Ye Cong Mo,5,40.07%,39.29%,7.53%,6.16%,27.67%,54.89%,53.85%,5.84,2.34,342,387.4
all,239,Yi Zhou,37,37.23%,37.86%,7.35%,3.47%,31.29%,46.69%,39.66%,6.37,2.37,296,363.8
all,106,Yibing Wu,30,36.94%,38.37%,9.45%,3.57%,29.10%,49.82%,38.19%,6.41,2.37,87.5,170.5
all,131,Yoshihito Nishioka,23,39.23%,41.22%,9.79%,3.48%,29.20%,54.55%,43.60%,6.35,2.49,195,290.4
all,316,Yosuke Watanuki,21,39.20%,38.43%,5.19%,4.49%,30.92%,52.67%,52.54%,6.42,2.52,233,263.8
all,222,Yu Hsiou Hsu,37,39.73%,40.01%,6.69%,4.00%,30.60%,54.54%,43.03%,6.47,2.57,259,311
all,578,Yuki Mochizuki,5,31.92%,33.90%,8.08%,1.15%,25.88%,43.33%,37.50%,6.05,1.93,179,224.8
all,109,Yunchaokete Bu,44,35.82%,37.31%,10.75%,4.03%,26.32%,51.24%,39.46%,6.41,2.3,158,225.8
all,670,Yusuke Takahashi,12,35.73%,35.13%,4.60%,3.42%,27.88%,47.76%,38.46%,6.33,2.26,312,336
all,383,Yuta Shimizu,37,38.67%,38.97%,6.46%,3.64%,30.76%,50.42%,36.01%,6.68,2.58,272,319
all,165,Zachary Svajda,28,34.75%,36.75%,10.18%,2.75%,27.17%,47.52%,40.64%,6.13,2.13,59.5,110.6
all,154,Zdenek Kolar,77,42.41%,42.73%,5.29%,3.39%,35.94%,52.33%,41.18%,6.72,2.85,293,344.9
all,156,Zhizhen Zhang,36,33.44%,34.89%,11.07%,3.72%,24.74%,48.03%,34.76%,6.4,2.14,112.5,151
all,34,Zizou Bergs,57,37.01%,37.02%,6.19%,3.62%,29.62%,49.94%,40.58%,6.4,2.37,44,73.1
all,119,Zsombor Piros,43,39.81%,40.09%,4.97%,2.86%,32.57%,53.21%,42.73%,6.43,2.56,242,275.7
clay,261,Abdullah Shelbayh,8,37.57%,36.17%,4.39%,4.68%,31.10%,49.79%,27.03%,6.91,2.6,175.5,192.6
clay,91,Adam Walton,5,34.76%,36.10%,9.07%,3.02%,27.52%,48.20%,35.29%,6.11,2.12,77,57
clay,65,Adolfo Daniel Vallejo,70,44.50%,43.99%,3.48%,3.64%,38.28%,54.35%,45.53%,6.61,2.94,226.5,266
clay,874,Adrian Andreev,5,38.30%,37.01%,4.96%,4.96%,28.93%,50.83%,26.32%,7.42,2.84,263,342
clay,73,Adrian Mannarino,8,32.91%,34.19%,11.69%,4.14%,25.70%,45.96%,23.40%,6.32,2.08,61,73.1
clay,650,Alan Magadan,9,39.69%,39.10%,5.85%,4.74%,34.07%,46.96%,37.84%,6.71,2.66,397,421.4
clay,20,Alejandro Davidovich Fokina,10,35.86%,35.99%,4.32%,2.23%,30.10%,45.88%,40.26%,5.92,2.12,73.5,61.5
clay,222,Alejandro Moro Canas,36,40.91%,40.13%,4.47%,4.30%,33.75%,52.49%,42.09%,6.81,2.78,245.5,378.1
clay,26,Alejandro Tabilo,42,38.77%,40.13%,7.92%,3.04%,32.07%,50.24%,40.58%,6.65,2.58,91,140.1
clay,450,Alejo Sanchez Quilez,11,43.34%,40.97%,2.56%,5.79%,37.34%,53.43%,60.87%,6.14,2.66,284,264.2
clay,108,Aleksandar Kovacevic,11,35.15%,34.38%,6.45%,4.55%,27.45%,48.29%,45.83%,6.13,2.16,68,100.5
clay,67,Aleksandar Vukic,7,36.79%,36.70%,7.11%,4.27%,26.28%,52.26%,52.78%,6,2.21,76,140.9
clay,84,Aleksandr Shevchenko,12,41.24%,41.45%,4.16%,2.58%,34.93%,51.16%,40.82%,6.59,2.72,225.5,195.8
clay,264,Alex Barrena,47,40.34%,39.61%,3.45%,3.48%,34.50%,49.84%,43.58%,6.41,2.59,240,271.7
clay,498,Alex Hernandez,14,36.97%,37.19%,8.66%,4.78%,28.40%,50.35%,38.32%,6.27,2.32,291.5,415.6
clay,517,Alex Marti Pujolras,5,42.25%,40.79%,3.04%,4.56%,33.85%,54.48%,47.06%,6.71,2.84,314,365.8
clay,355,Alex Martinez,11,40.86%,39.83%,3.92%,4.31%,35.39%,49.49%,50.00%,6.49,2.65,268,287.5
clay,41,Alex Michelsen,13,38.60%,38.92%,6.99%,3.93%,30.64%,52.06%,42.55%,6.4,2.47,81,88.5
clay,81,Alex Molcan,33,43.13%,43.51%,6.13%,4.04%,36.80%,53.88%,44.49%,6.57,2.83,121,199.5
clay,332,Alex Rybakov,6,38.43%,36.49%,4.83%,5.84%,28.04%,53.73%,45.45%,6.54,2.51,244,245
clay,7,Alex de Minaur,13,40.43%,40.32%,3.45%,2.52%,32.77%,52.39%,44.12%,6.57,2.66,27,56.8
clay,205,Alexander Blockx,26,37.43%,36.92%,3.83%,3.05%,30.65%,48.57%,45.96%,6.44,2.41,55.5,89.3
clay,11,Alexander Bublik,16,33.99%,35.10%,9.43%,3.38%,25.65%,47.44%,41.46%,6.04,2.05,80,82.4
clay,549,Alexander Donski,8,30.98%,30.77%,6.90%,3.37%,23.68%,43.93%,40.00%,6.19,1.92,280.5,301
clay,496,Alexander Ritschard,11,43.64%,43.32%,4.06%,3.67%,35.54%,57.71%,51.28%,6.69,2.92,272,401.8
clay,100,Alexander Shevchenko,15,39.43%,38.84%,5.40%,4.39%,31.01%,50.98%,34.78%,6.62,2.61,85,140.6
clay,592,Alexander Vasilev,16,40.50%,37.02%,2.51%,6.99%,33.10%,52.00%,44.00%,6.43,2.6,300,325.9
clay,3,Alexander Zverev,24,41.37%,41.21%,3.94%,3.03%,34.55%,53.17%,46.60%,6.48,2.68,38.5,43.9
clay,132,Alexandre Muller,17,35.11%,35.89%,8.51%,3.55%,25.15%,50.68%,37.50%,6.3,2.21,100,165.1
clay,25,Alexei Popyrin,12,33.33%,33.25%,6.60%,3.41%,28.01%,42.03%,37.10%,6.18,2.06,31.5,57.6
clay,413,Alexey Vatutin,6,40.24%,41.94%,6.35%,1.65%,34.43%,50.66%,42.50%,6.54,2.63,275.5,253.3
clay,272,Alvaro Guillen Meza,61,42.24%,41.28%,2.82%,3.62%,36.72%,52.06%,42.70%,6.74,2.85,276.5,288.7
clay,304,Andrea Collarini,35,41.93%,41.36%,3.87%,3.71%,35.91%,52.69%,43.64%,6.58,2.76,309,412.6
clay,227,Andrea Guerrieri,23,44.39%,44.36%,4.22%,3.42%,37.05%,54.83%,44.93%,6.86,3.04,272,261
clay,137,Andrea Pellegrino,39,39.63%,39.71%,5.46%,3.46%,30.76%,53.60%,42.18%,6.51,2.58,196.5,234.9
clay,393,Andrea Picchione,8,43.37%,42.08%,1.89%,3.60%,38.24%,52.66%,45.16%,6.44,2.79,292.5,306
clay,404,Andrej Martin,19,37.85%,37.76%,3.66%,2.36%,32.40%,48.13%,35.25%,6.57,2.48,267,294.9
clay,244,Andrej Nedic,38,44.25%,43.91%,3.28%,3.16%,39.90%,51.39%,50.51%,6.46,2.86,322,406.7
clay,223,Andres Andrade,10,38.06%,37.76%,4.03%,2.92%,31.95%,50.42%,31.88%,6.92,2.63,252.5,309.4
clay,381,Andres Martin,5,37.97%,35.29%,3.54%,6.08%,30.23%,47.22%,38.89%,6.17,2.34,302,297.2
clay,726,Andres Santamarta Roig,13,43.09%,41.25%,2.81%,5.12%,35.48%,53.47%,52.27%,6.16,2.65,284,313.8
clay,642,Andrew Paulson,8,38.14%,38.01%,7.22%,4.64%,29.91%,49.79%,36.21%,6.77,2.58,285,293.6
clay,16,Andrey Rublev,22,39.17%,39.15%,5.36%,3.48%,32.82%,50.86%,38.27%,6.56,2.57,50.5,59.1
clay,262,Andy Andrade,11,40.05%,39.12%,3.56%,3.82%,35.55%,47.26%,49.30%,6.12,2.45,284,305.5
clay,352,Antoine Ghibaudo,8,41.87%,40.08%,2.10%,4.40%,34.18%,53.62%,40.62%,6.54,2.74,445.5,426.1
clay,373,Anton Matusevich,6,35.77%,34.23%,8.56%,6.80%,28.74%,47.33%,40.62%,6.4,2.29,297.5,432.8
clay,769,Arklon Huertas Del Pino Cordova,9,38.03%,37.76%,2.56%,1.99%,31.17%,50.00%,37.14%,6.62,2.52,467,506.2
clay,114,Arthur Fery,12,41.50%,41.71%,4.14%,2.61%,37.44%,48.65%,38.68%,6.6,2.74,263.5,510.9
clay,24,Arthur Fils,11,37.24%,38.48%,6.28%,1.91%,30.98%,49.21%,36.62%,6.43,2.39,33,47.8
clay,127,Arthur Gea,21,38.92%,38.81%,4.13%,2.79%,34.47%,47.26%,38.56%,6.67,2.6,312,336.6
clay,29,Arthur Rinderknech,16,35.98%,35.56%,5.25%,3.55%,28.25%,49.89%,30.51%,6.61,2.38,63,87
clay,227,August Holmgren,7,37.86%,36.20%,3.69%,4.69%,32.53%,46.85%,33.96%,6.78,2.57,201,379.6
clay,525,Aziz Ouakaa,5,33.67%,34.94%,7.41%,2.02%,28.96%,41.23%,25.00%,6.32,2.13,352,370.4
clay,300,Beibit Zhukayev,6,36.84%,37.23%,9.92%,5.26%,29.29%,46.73%,36.59%,6.59,2.43,439,477.3
clay,10,Ben Shelton,13,31.37%,31.02%,4.81%,2.67%,22.44%,44.77%,34.55%,6.23,1.96,84,95.2
clay,70,Benjamin Bonzi,5,32.54%,33.33%,8.13%,2.87%,28.29%,39.38%,37.50%,6.24,2.03,31,92.2
clay,506,Benjamin Hassan,10,39.15%,37.11%,3.21%,5.13%,33.11%,47.68%,38.96%,6.55,2.56,213,214.9
clay,732,Benjamin Torrealba,5,37.98%,37.18%,2.46%,2.73%,31.34%,47.65%,40.62%,6.54,2.48,281,315.4
clay,834,Bernabe Zapata Miralles,6,36.44%,35.03%,4.11%,4.38%,28.77%,47.95%,39.39%,6.19,2.25,175.5,238.3
clay,171,Bernard Tomic,5,43.03%,43.87%,5.72%,2.99%,33.20%,59.21%,36.73%,7.18,3.09,556,468.8
clay,155,Billy Harris,7,33.41%,32.18%,7.16%,5.21%,23.34%,50.00%,43.33%,5.99,2,164,208
clay,70,Botic van de Zandschulp,11,41.24%,41.33%,3.04%,1.99%,36.92%,49.33%,41.38%,6.64,2.74,76,105.6
clay,31,Brandon Nakashima,10,37.36%,38.43%,8.59%,3.63%,28.52%,51.75%,50.75%,6.08,2.27,87.5,80.9
clay,628,Bruno Fernandez,15,38.58%,38.25%,3.13%,2.47%,32.29%,52.37%,39.02%,6.66,2.57,317,351.1
clay,616,Bruno Kuzuhara,6,36.67%,35.63%,5.00%,4.38%,25.74%,55.37%,32.56%,6.32,2.32,269.5,275.8
clay,251,Buvaysar Gadamauri,27,38.49%,38.15%,3.92%,2.96%,33.75%,46.87%,41.58%,6.46,2.49,345,385.4
clay,291,Calvin Hemery,17,36.17%,36.25%,5.93%,3.26%,27.41%,49.68%,33.68%,6.76,2.45,372,359.4
clay,48,Cameron Norrie,11,36.05%,36.03%,6.03%,3.43%,28.46%,46.97%,40.62%,6.31,2.28,55,52.3
clay,95,Camilo Ugo Carabelli,30,39.67%,39.84%,5.30%,3.23%,34.78%,48.39%,38.40%,6.78,2.69,85,108.6
clay,435,Cannon Kingsley,10,33.88%,32.61%,6.86%,5.21%,28.54%,42.60%,38.33%,5.98,2.02,343.5,419
clay,389,Carlo Alberto Caniato,21,34.63%,34.67%,7.32%,3.82%,28.59%,44.17%,36.75%,6.28,2.18,291,304.3
clay,2,Carlos Alcaraz,6,45.96%,44.95%,1.77%,3.28%,40.42%,54.49%,52.08%,6.71,3.08,26.5,43.5
clay,551,Carlos Lopez Montagud,7,41.36%,40.88%,3.29%,3.09%,35.69%,51.43%,44.90%,6.75,2.79,264,253.3
clay,412,Carlos Maria Zarate,19,38.43%,37.93%,3.59%,3.00%,33.52%,47.86%,43.64%,6.6,2.54,341,505.4
clay,366,Carlos Sanchez Jover,26,42.03%,41.80%,4.09%,3.34%,37.14%,50.29%,47.45%,6.38,2.68,279,319.1
clay,405,Carlos Taberner,19,43.71%,43.05%,3.24%,3.61%,39.48%,51.58%,36.98%,6.76,2.96,224,255.4
clay,14,Casper Ruud,23,40.70%,40.56%,4.04%,2.99%,31.40%,56.50%,43.58%,6.52,2.65,42,45.9
clay,320,Cedrik-Marcel Stebe,9,44.75%,44.33%,2.87%,3.03%,38.27%,55.51%,47.30%,6.83,3.05,290,473
clay,262,Cezar Cretu,27,43.29%,41.48%,3.29%,5.43%,36.15%,54.74%,48.98%,6.36,2.75,271,351.4
clay,191,Chris Rodesch,11,37.70%,37.92%,5.11%,2.77%,31.18%,50.31%,39.19%,6.57,2.48,165,191.7
clay,424,Christoph Negritu,14,37.16%,36.38%,5.24%,4.22%,28.63%,51.96%,33.04%,6.61,2.46,246.5,261.8
clay,234,Chun-Hsin Tseng,27,42.53%,42.54%,3.97%,2.92%,36.92%,53.00%,49.73%,6.46,2.75,230,248.1
clay,159,Clement Tabur,22,40.16%,40.22%,5.57%,3.66%,34.54%,49.93%,43.48%,6.65,2.67,277,319.6
clay,174,Colton Smith,8,36.19%,35.67%,2.30%,2.09%,32.17%,42.19%,36.36%,6.37,2.31,219.5,242.2
clay,639,Conner Huertas del Pino,13,38.44%,37.50%,1.79%,2.57%,34.24%,48.31%,41.33%,6.44,2.47,343,398.2
clay,496,Corentin Denolly,15,37.72%,36.51%,5.40%,5.01%,31.09%,49.59%,38.04%,6.57,2.48,393,365.2
clay,69,Corentin Moutet,12,41.02%,40.45%,2.34%,2.54%,36.56%,50.78%,34.86%,6.92,2.84,77,115.2
clay,778,Cosme Rolland De Ravel,6,38.62%,37.73%,5.98%,5.06%,32.09%,49.10%,46.15%,6.59,2.55,384,348.7
clay,114,Cristian Garin,30,42.31%,42.68%,4.43%,2.66%,37.38%,51.38%,41.78%,6.61,2.8,174,227.3
clay,305,Dali Blanch,35,42.28%,39.82%,1.44%,5.03%,37.49%,51.61%,40.86%,6.75,2.85,289,347.3
clay,116,Dalibor Svrcina,20,47.00%,45.92%,2.69%,4.28%,40.56%,57.40%,53.89%,6.44,3.03,276.5,323.1
clay,87,Damir Dzumhur,28,41.69%,41.14%,2.35%,2.59%,36.49%,50.57%,43.84%,6.79,2.83,112.5,169.2
clay,224,Dan Added,7,36.21%,36.32%,6.79%,3.70%,28.25%,50.88%,30.95%,6.39,2.32,269,283
clay,378,Dan Martin,6,31.40%,30.00%,10.74%,6.61%,22.07%,45.36%,28.57%,6.45,2.03,333.5,366.2
clay,93,Daniel Altmaier,26,38.46%,38.20%,3.41%,2.53%,32.40%,49.63%,44.58%,6.41,2.47,101.5,135.9
clay,689,Daniel Antonio Nunez,5,37.05%,36.52%,9.04%,6.02%,28.12%,49.29%,45.83%,6.51,2.41,904,881.8
clay,413,Daniel Dutra da Silva,32,40.20%,39.94%,5.18%,3.88%,32.03%,52.94%,40.87%,6.6,2.65,239,263
clay,290,Daniel Elahi Galan,29,38.04%,36.97%,4.90%,4.56%,31.96%,47.37%,37.33%,6.63,2.52,268,317.6
clay,296,Daniel Merida,40,41.03%,40.35%,2.92%,3.12%,35.11%,51.50%,41.62%,6.54,2.68,124,187.3
clay,302,Daniel Michalski,20,43.61%,41.75%,4.08%,6.12%,35.51%,55.26%,50.00%,6.28,2.74,308,368.3
clay,207,Daniel Rincon,35,41.15%,40.02%,2.74%,3.71%,35.85%,50.66%,47.48%,6.53,2.69,274,286.3
clay,167,Daniil Glinka,16,40.92%,40.16%,3.84%,3.84%,32.99%,54.59%,38.53%,6.63,2.71,269.5,486.6
clay,6,Daniil Medvedev,9,40.99%,40.73%,2.61%,2.24%,36.42%,49.30%,38.10%,6.94,2.84,90,77
clay,226,Darwin Blanch,12,40.17%,38.58%,4.34%,5.31%,33.53%,50.46%,43.90%,6.38,2.56,167.5,201.6
clay,188,David Jorda Sanchis,35,40.31%,39.18%,2.49%,3.46%,34.77%,49.84%,43.03%,6.54,2.63,284,367.5
clay,58,Denis Shapovalov,7,33.47%,31.98%,3.35%,3.77%,29.81%,41.03%,35.29%,5.9,1.98,91,90
clay,441,Denis Yevseyev,11,38.96%,37.60%,3.95%,4.56%,33.47%,47.35%,38.36%,6.87,2.68,360,383.1
clay,252,Diego Dedura,37,41.52%,40.51%,2.92%,3.68%,35.04%,51.90%,44.32%,6.66,2.77,198,258.3
clay,375,Dimitar Kuzmanov,23,40.15%,40.93%,6.36%,3.09%,34.36%,50.61%,43.64%,6.5,2.61,284,358
clay,84,Dino Prizmic,22,38.38%,38.30%,4.37%,2.83%,29.36%,54.04%,42.28%,6.3,2.42,70.5,94.8
clay,652,Dmitry Popko,7,38.75%,38.42%,5.10%,3.71%,32.27%,47.78%,40.00%,6.16,2.39,397,364.3
clay,357,Dominic Stricker,13,35.03%,35.06%,8.25%,4.41%,26.39%,49.70%,38.67%,6.51,2.28,285,240.6
clay,307,Duje Ajdukovic,26,39.17%,38.06%,3.19%,3.75%,32.97%,48.85%,35.39%,6.67,2.61,279,336.3
clay,152,Dusan Lajovic,36,39.13%,39.23%,5.10%,3.13%,32.80%,50.40%,38.57%,6.68,2.62,190,177.8
clay,556,Dylan Dietrich,6,40.58%,41.08%,6.21%,3.50%,31.31%,56.99%,31.15%,7.15,2.9,198.5,201.2
clay,225,Edas Butvilas,21,37.17%,34.85%,2.62%,4.97%,32.02%,45.98%,33.58%,6.44,2.4,231,308.4
clay,375,Eduardo Ribeiro,26,40.74%,39.20%,3.00%,4.47%,34.82%,50.58%,43.37%,6.42,2.62,348,399.9
clay,486,Eero Vasa,10,38.91%,37.00%,2.86%,4.72%,32.94%,48.18%,52.46%,6.19,2.41,301.5,362
clay,314,Eliakim Coulibaly,12,40.30%,39.74%,8.68%,6.65%,32.68%,52.88%,39.24%,6.58,2.65,553,588.2
clay,182,Elias Ymer,7,40.09%,37.76%,4.20%,6.29%,32.97%,53.33%,48.57%,6.7,2.69,226,287.3
clay,190,Elmer Moller,35,44.45%,43.75%,3.54%,4.00%,37.49%,55.74%,45.55%,6.72,2.99,235,280.1
clay,588,Emilien Demanet,6,44.66%,43.18%,1.90%,4.04%,35.93%,60.26%,43.14%,6.68,2.98,388,393.3
clay,86,Emilio Nava,39,38.13%,37.30%,3.80%,3.58%,33.88%,45.61%,37.93%,6.57,2.51,220,197.7
clay,323,Enrico Dalla Valle,34,37.48%,36.42%,4.49%,4.24%,30.55%,49.83%,37.85%,6.58,2.47,230.5,300.5
clay,47,Ethan Quinn,11,31.28%,31.36%,6.58%,2.88%,24.44%,43.64%,26.09%,6.57,2.05,50,67.5
clay,61,Fabian Marozsan,12,33.92%,34.11%,5.34%,2.47%,28.42%,44.68%,23.46%,6.8,2.31,61,75.2
clay,431,Facundo Bagnis,6,40.48%,39.67%,3.94%,3.94%,33.66%,54.30%,42.86%,6.44,2.61,325,326.8
clay,107,Facundo Diaz Acosta,71,43.45%,43.17%,3.75%,3.33%,36.95%,54.59%,43.53%,6.74,2.93,261,319.6
clay,332,Facundo Mena,26,39.58%,38.65%,4.98%,4.66%,31.53%,51.70%,39.50%,6.5,2.57,262,310.8
clay,191,Federico Agustin Gomez,34,38.01%,36.63%,4.18%,4.59%,31.60%,48.43%,37.73%,6.47,2.46,303.5,376.4
clay,481,Federico Arnaboldi,8,35.86%,35.10%,4.50%,3.60%,28.74%,46.61%,24.00%,6.94,2.49,225,301.4
clay,346,Federico Bondioli,29,39.36%,38.60%,4.35%,3.97%,31.52%,51.76%,41.20%,6.68,2.63,277,306.4
clay,184,Federico Cina,26,36.67%,35.82%,7.85%,5.69%,28.34%,48.74%,46.75%,6.19,2.27,200.5,238.2
clay,779,Federico Coria,10,39.29%,38.42%,2.37%,2.89%,35.31%,46.49%,38.46%,6.98,2.74,352,389.5
clay,807,Felipe Meligeni Alves,14,37.26%,36.77%,7.47%,5.12%,32.37%,45.89%,45.33%,6.43,2.39,405.5,452.6
clay,29,Felix Auger-Aliassime,13,37.46%,37.02%,3.98%,3.03%,31.91%,47.77%,47.67%,6.39,2.39,51,51.5
clay,248,Felix Balshaw,16,41.85%,40.54%,2.53%,3.92%,37.14%,50.24%,44.80%,6.67,2.79,282.5,333.3
clay,220,Felix Gill,11,39.13%,38.67%,4.98%,3.89%,34.45%,47.90%,33.80%,6.69,2.62,226,306.5
clay,279,Filip Cristian Jianu,33,38.91%,38.91%,5.98%,3.82%,30.26%,53.60%,43.90%,6.45,2.51,336,310.2
clay,300,Filippo Romano,13,36.58%,36.01%,2.89%,2.53%,30.04%,47.87%,44.12%,6.3,2.3,272,335.9
clay,9,Flavio Cobolli,21,38.41%,37.61%,4.72%,4.12%,31.37%,50.91%,41.89%,6.41,2.46,57,62.5
clay,247,Florent Bax,9,32.44%,31.57%,8.23%,5.06%,24.58%,47.89%,36.36%,6.14,1.99,613,714.7
clay,292,Florian Broska,10,38.87%,38.99%,6.17%,3.75%,31.31%,50.00%,57.69%,6.17,2.4,242.5,305.5
clay,20,Frances Tiafoe,11,37.46%,40.69%,12.00%,2.79%,29.60%,50.41%,44.23%,6.73,2.52,99,103.9
clay,371,Francesco Forti,20,37.19%,37.08%,5.12%,3.19%,30.46%,48.51%,31.54%,6.62,2.46,246,361.8
clay,149,Francesco Maestrelli,20,37.43%,36.44%,3.81%,3.75%,30.06%,50.08%,37.31%,6.78,2.54,276.5,360.1
clay,220,Francesco Passaro,20,35.05%,34.91%,5.51%,3.18%,27.62%,46.50%,39.50%,6.18,2.17,231,321.1
clay,23,Francisco Cerundolo,23,43.35%,43.05%,3.65%,3.29%,36.07%,55.06%,40.62%,6.83,2.96,60,73.9
clay,91,Francisco Comesana,20,36.31%,36.17%,3.87%,2.42%,31.34%,44.72%,34.38%,6.57,2.39,87,135.9
clay,265,Franco Agamenone,45,42.55%,41.11%,1.65%,3.59%,37.47%,51.15%,45.38%,6.71,2.86,264,294.9
clay,725,Franco Ribero,7,34.30%,32.79%,6.17%,5.26%,27.67%,43.35%,41.38%,6.26,2.15,699,827.7
clay,225,Franco Roncadelli,52,43.44%,42.72%,3.03%,3.51%,37.35%,53.73%,46.97%,6.49,2.82,306.5,381.2
clay,235,Frederico Ferreira Silva,36,39.17%,39.09%,5.61%,3.74%,32.18%,49.72%,42.52%,6.45,2.53,245,253.3
clay,331,Gabi Adrian Boitan,9,42.09%,42.11%,5.53%,3.99%,32.93%,57.98%,47.27%,6.64,2.8,268,290.1
clay,87,Gabriel Diallo,6,36.64%,36.53%,4.45%,2.74%,28.57%,47.58%,30.00%,6.35,2.33,125.5,115.2
clay,613,Gabriele Pennaforti,5,34.56%,34.65%,4.89%,2.45%,28.12%,43.70%,47.06%,6.06,2.09,280,293.4
clay,373,Gabriele Piraino,11,39.14%,38.50%,3.80%,3.40%,32.80%,51.14%,36.25%,6.59,2.58,310,496.1
clay,375,Garrett Johns,11,37.03%,37.30%,6.58%,3.48%,27.62%,51.30%,40.98%,6.62,2.45,396,522.3
clay,178,Gauthier Onclin,11,40.50%,40.07%,5.75%,4.56%,32.66%,51.86%,44.32%,6.67,2.7,353,379.5
clay,200,Genaro Alberto Olivieri,46,40.49%,39.09%,2.18%,3.70%,34.59%,50.32%,41.93%,6.5,2.63,217.5,246
clay,390,Geoffrey Blancaneaux,14,39.33%,38.70%,2.80%,2.80%,34.64%,47.37%,37.78%,6.54,2.57,499,481.3
clay,247,George Loffhagen,6,35.50%,35.95%,9.74%,4.76%,27.85%,49.39%,27.27%,6.9,2.45,260.5,373.3
clay,632,Gerard Campana Lee,12,37.51%,35.89%,4.72%,5.18%,31.12%,48.88%,41.56%,6.34,2.38,326.5,363.3
clay,196,Gianluca Cadenasso,33,43.29%,42.84%,2.48%,2.66%,36.15%,54.32%,43.40%,6.62,2.86,232,278.1
clay,435,Gianmarco Ferrari,5,35.57%,35.35%,4.48%,2.80%,29.32%,50.00%,42.86%,6.38,2.27,452,418
clay,230,Gilles Arnaud Bailly,23,40.63%,40.60%,4.73%,3.29%,34.75%,51.04%,38.46%,6.65,2.7,280,393.7
clay,454,Giovanni Fonio,5,35.68%,34.05%,4.61%,4.85%,27.86%,49.33%,38.71%,6.44,2.3,276,333.2
clay,91,Giovanni Mpetshi Perricard,7,33.16%,32.09%,5.64%,4.23%,25.00%,52.05%,29.63%,6.3,2.09,93,76.9
clay,160,Gonzalo Bueno,62,42.59%,41.85%,3.78%,3.99%,36.19%,52.86%,46.38%,6.42,2.73,301.5,352.9
clay,320,Gonzalo Villanueva,41,41.99%,41.70%,4.21%,3.51%,35.61%,52.40%,42.60%,6.52,2.74,278,334.7
clay,146,Grigor Dimitrov,6,33.18%,33.93%,6.73%,2.32%,25.53%,47.65%,35.29%,6.34,2.1,105,119.8
clay,223,Guido Ivan Justo,67,43.84%,42.65%,2.85%,4.19%,37.46%,54.64%,46.60%,6.54,2.87,355,392
clay,141,Gustavo Heide,43,43.50%,43.21%,4.20%,3.70%,36.36%,54.06%,40.86%,6.73,2.93,232.5,259
clay,1036,Guto Miguel,5,43.38%,41.32%,1.41%,4.51%,35.48%,55.80%,37.78%,6.96,3.02,251,394.8
clay,195,Guy Den Ouden,25,42.55%,42.12%,3.98%,3.64%,34.83%,56.68%,42.08%,6.68,2.84,227,296.8
clay,334,Hady Habib,14,37.23%,37.49%,7.10%,3.84%,28.99%,51.12%,39.42%,6.66,2.48,270,344.9
clay,73,Hamad Medjedovic,16,38.69%,39.30%,6.54%,3.23%,32.93%,48.45%,40.62%,6.47,2.5,62.5,87.3
clay,255,Harold Mayot,7,36.99%,36.40%,4.07%,3.25%,31.95%,45.81%,26.42%,6.65,2.46,250,337
clay,214,Henri Squire,46,39.63%,40.33%,5.95%,2.86%,33.47%,50.86%,38.19%,6.66,2.64,235,263
clay,123,Henrique Rocha,37,42.12%,41.31%,2.55%,3.18%,35.56%,55.20%,46.98%,6.5,2.74,226,241.9
clay,408,Henry Bernet,11,35.52%,34.07%,2.42%,3.46%,30.72%,44.90%,38.33%,6.52,2.32,220,247.5
clay,409,Hernan Casanova,30,43.79%,42.72%,2.97%,4.10%,37.30%,55.24%,46.46%,6.68,2.92,381,516.5
clay,18,Hubert Hurkacz,13,38.14%,38.24%,4.19%,2.43%,33.70%,45.22%,37.14%,6.66,2.54,59,62.5
clay,143,Hugo Dellien,44,41.47%,40.69%,3.49%,3.72%,35.90%,51.23%,41.06%,6.61,2.74,271.5,292.9
clay,109,Hugo Gaston,20,41.98%,41.68%,4.58%,3.78%,33.22%,55.37%,45.81%,6.67,2.8,117,225.9
clay,221,Hugo Grenier,6,42.60%,41.48%,3.06%,4.08%,38.05%,48.80%,48.84%,6.32,2.69,186.5,192.2
clay,268,Hynek Barton,38,37.54%,36.18%,1.97%,3.25%,29.99%,50.78%,38.64%,6.47,2.43,266,288.8
clay,33,Ignacio Buse,48,40.73%,40.06%,2.95%,3.08%,35.60%,50.11%,44.44%,6.54,2.66,102,156.4
clay,693,Ignacio Monzon,8,40.13%,37.44%,2.76%,5.94%,35.69%,47.70%,44.90%,6.12,2.45,378.5,462
clay,318,Igor Marcondes,18,39.42%,38.61%,4.82%,4.34%,30.96%,53.75%,34.21%,6.86,2.7,269.5,329.1
clay,304,Ilia Simakin,11,36.64%,35.35%,4.91%,4.68%,32.38%,44.27%,33.33%,6.59,2.41,345,315.5
clay,272,Inaki Montes-De La Torre,22,43.77%,42.28%,2.48%,4.39%,36.33%,55.04%,43.01%,6.66,2.92,323.5,370.5
clay,351,Ioannis Xilas,7,38.27%,38.26%,3.38%,2.11%,35.02%,44.87%,33.33%,6.76,2.59,283,290.1
clay,263,Ivan Gakhov,20,40.87%,39.23%,4.77%,5.78%,34.19%,51.70%,44.78%,6.53,2.67,281.5,467.4
clay,584,Ivan Ivanov,7,29.38%,30.20%,7.47%,2.06%,21.54%,42.96%,30.00%,5.71,1.68,362,364.6
clay,369,Ivan Marrero Curbelo,9,44.32%,43.41%,6.06%,6.25%,34.49%,58.96%,44.78%,6.44,2.85,413,531.6
clay,389,Jack Kennedy,9,48.02%,46.96%,2.68%,4.38%,44.17%,56.14%,58.62%,6.5,3.12,222,299.6
clay,426,Jack Loge,5,44.03%,42.72%,4.65%,5.75%,33.59%,57.65%,47.83%,6.85,3.02,378,363
clay,307,Jacopo Berrettini,7,37.25%,37.48%,5.42%,2.89%,29.76%,48.85%,32.00%,6.91,2.58,437,501.6
clay,362,Jacopo Vasami,21,37.68%,37.31%,2.85%,2.28%,31.20%,49.50%,36.00%,6.62,2.5,260,323.3
clay,79,Jaime Faria,42,39.59%,39.23%,5.38%,4.08%,32.27%,51.41%,39.09%,6.76,2.68,186.5,224.5
clay,17,Jakub Mensik,12,36.34%,36.71%,6.68%,3.30%,29.45%,49.87%,30.36%,6.55,2.38,34,44.9
clay,94,James Duckworth,14,36.85%,36.35%,9.88%,6.43%,27.84%,49.43%,43.02%,6.43,2.37,272.5,293.7
clay,931,Jamie Mackenzie,7,37.35%,39.32%,9.88%,3.16%,32.15%,45.64%,42.86%,6.25,2.33,251,425.3
clay,88,Jan Choinski,51,40.52%,40.85%,5.44%,3.21%,33.32%,51.31%,39.60%,6.55,2.65,241,260.9
clay,508,Jan Kumstat,12,39.74%,39.37%,7.20%,5.28%,31.76%,51.01%,43.75%,6.41,2.55,224.5,279.9
clay,42,Jan-Lennard Struff,12,34.97%,35.22%,9.95%,5.03%,25.47%,50.27%,41.25%,6.12,2.14,84,101.3
clay,1,Jannik Sinner,19,44.24%,44.06%,4.74%,4.06%,39.00%,52.17%,45.34%,6.58,2.91,34,54.5
clay,43,Jaume Munar,12,39.50%,39.35%,4.74%,3.32%,32.34%,52.13%,40.00%,6.53,2.58,93,109.4
clay,373,Javier Barranco Cosano,6,47.85%,45.85%,1.72%,5.16%,43.06%,55.64%,58.54%,6.35,3.04,213.5,231.3
clay,239,Jay Clarke,31,43.26%,43.14%,5.03%,4.03%,36.18%,55.20%,45.32%,6.75,2.92,400,412.5
clay,501,Jelle Sels,17,40.21%,38.75%,3.90%,4.85%,34.01%,49.88%,40.52%,6.38,2.56,399,497.1
clay,1091,Jenson Brooksby,6,33.42%,34.73%,4.70%,0.50%,29.53%,44.34%,35.71%,6.22,2.08,89,79
clay,198,Jerome Kym,13,35.33%,35.71%,6.45%,3.00%,29.79%,44.21%,30.68%,6.71,2.37,284,335.8
clay,98,Jesper de Jong,25,41.85%,42.35%,4.78%,2.65%,35.19%,53.05%,42.50%,6.56,2.75,191,202.7
clay,12,Jiri Lehecka,10,32.93%,33.09%,6.16%,2.81%,25.86%,46.83%,37.21%,6.28,2.07,38,46.4
clay,448,Joao Eduardo Schiessl,18,37.51%,36.95%,4.06%,3.27%,32.06%,45.70%,34.19%,6.33,2.37,328.5,389.7
clay,27,Joao Fonseca,17,36.95%,37.58%,6.73%,3.05%,27.96%,52.51%,44.00%,6.25,2.31,42,63.1
clay,259,Joao Lucas Reis Da Silva,46,38.66%,39.13%,6.61%,3.47%,32.71%,47.63%,43.96%,6.42,2.48,265,285.5
clay,582,Joaquin Aguilar Cardozo,15,42.20%,41.85%,2.88%,2.68%,36.66%,51.17%,45.95%,6.5,2.74,284,333.1
clay,183,Joel Schwaerzler,38,36.18%,36.38%,6.25%,3.25%,28.36%,49.18%,41.78%,6.39,2.31,264.5,273.8
clay,560,Johan Alexander Rodriguez,12,38.42%,38.58%,4.85%,2.79%,32.01%,51.47%,36.26%,6.4,2.46,373.5,374.2
clay,412,Johan Nikles,8,45.03%,44.36%,2.44%,3.14%,41.24%,51.14%,41.10%,6.9,3.11,375.5,406.1
clay,314,Jonas Forejtek,21,37.92%,37.71%,4.59%,3.12%,32.95%,47.81%,40.40%,6.4,2.43,202,262.2
clay,801,Jozef Kovalik,5,38.62%,39.13%,6.89%,3.59%,33.18%,47.97%,53.57%,6.07,2.35,444,394.4
clay,276,Juan Bautista Torres,52,44.83%,44.24%,3.24%,3.64%,38.77%,54.33%,48.89%,6.63,2.97,331.5,334.3
clay,157,Juan Carlos Prado Angelo,52,40.17%,39.57%,4.23%,3.76%,34.00%,50.20%,41.18%,6.57,2.64,260.5,296.1
clay,457,Juan Cruz Martin Manzano,11,37.03%,35.63%,1.87%,3.21%,32.00%,45.79%,44.29%,6.13,2.27,283,325.8
clay,343,Juan Estevez,19,42.57%,41.41%,2.97%,4.08%,36.15%,52.77%,40.24%,6.73,2.87,389,422.4
clay,52,Juan Manuel Cerundolo,36,39.38%,38.40%,4.21%,4.21%,31.33%,52.84%,45.28%,6.35,2.5,93,133.3
clay,287,Juan Manuel La Serna,41,44.54%,43.34%,2.24%,3.82%,38.66%,54.70%,47.48%,6.69,2.98,386.5,505.1
clay,273,Juan Pablo Ficovich,22,39.86%,38.86%,5.01%,4.81%,31.72%,53.79%,44.74%,6.44,2.56,389.5,518.8
clay,274,Juan Pablo Varillas,53,39.96%,39.26%,5.29%,4.57%,32.51%,50.89%,45.36%,6.5,2.6,269,367.3
clay,562,Juan Sebastian Gomez,13,41.53%,41.60%,5.08%,3.50%,34.97%,51.47%,39.39%,6.7,2.78,412,466.4
clay,840,Juan Sebastian Osorio,5,35.62%,35.57%,5.85%,3.31%,28.88%,45.34%,27.78%,6.78,2.41,409,554.8
clay,136,Jurij Rodionov,17,36.20%,36.66%,5.72%,2.59%,29.66%,48.37%,37.14%,6.53,2.36,190,265
clay,190,Justin Engel,17,34.55%,35.13%,6.99%,2.89%,28.88%,44.02%,40.48%,6.27,2.17,256,355.9
clay,39,Karen Khachanov,13,37.55%,37.85%,7.51%,4.10%,29.04%,50.90%,39.56%,6.47,2.43,79,73.4
clay,611,Karl Poling,5,40.50%,40.14%,5.61%,4.36%,32.45%,51.88%,60.00%,6.06,2.45,224,392.2
clay,209,Keegan Smith,6,34.59%,33.14%,2.70%,3.51%,33.88%,35.94%,52.00%,5.87,2.03,244,364
clay,242,Kilian Feldbausch,37,46.02%,45.48%,2.54%,3.11%,41.17%,53.53%,46.63%,6.61,3.04,296,321.6
clay,199,Kimmer Coppejans,34,45.20%,44.68%,3.04%,3.40%,39.43%,54.12%,44.04%,6.75,3.05,251.5,288.9
clay,270,Kyrian Jacquet,9,42.65%,41.65%,3.61%,4.28%,34.84%,55.48%,37.93%,7.06,3.01,144,221.7
clay,221,Laslo Djere,25,40.11%,39.22%,4.85%,4.59%,31.09%,53.28%,35.47%,6.89,2.76,182,208.2
clay,473,Laurent Lokoli,6,37.72%,37.19%,4.56%,3.54%,31.58%,47.97%,40.54%,6.27,2.37,229.5,233.7
clay,213,Lautaro Midon,50,42.36%,41.64%,2.39%,2.93%,37.32%,50.54%,45.43%,6.54,2.77,273,327.3
clay,19,Learner Tien,13,41.81%,41.38%,4.30%,3.76%,36.65%,51.70%,46.36%,6.53,2.73,77,73.2
clay,646,Leo Raquillet,5,37.19%,37.68%,7.50%,3.75%,32.64%,44.09%,57.69%,5.61,2.09,290,299
clay,202,Liam Broady,7,41.93%,41.48%,3.35%,3.14%,37.78%,50.00%,39.29%,6.53,2.74,256,270.9
clay,246,Liam Draxl,7,38.03%,37.62%,4.75%,3.52%,29.25%,50.64%,37.50%,7.01,2.67,211,283
clay,298,Lilian Marmousez,8,39.84%,40.03%,4.72%,2.83%,31.82%,53.14%,51.79%,6.35,2.53,307,368.2
clay,477,Lorenzo Carboni,11,38.07%,39.03%,6.13%,2.35%,32.82%,49.38%,36.59%,6.29,2.39,256,320.6
clay,201,Lorenzo Giustino,34,39.85%,39.12%,4.06%,3.81%,34.30%,49.48%,39.30%,6.44,2.57,347,358.4
clay,454,Lorenzo Joaquin Rodriguez,21,38.75%,38.45%,3.73%,2.81%,32.04%,52.46%,35.46%,6.74,2.61,419,496.4
clay,13,Lorenzo Musetti,10,35.77%,34.39%,3.41%,3.90%,29.44%,45.80%,43.14%,6.09,2.18,30.5,40.5
clay,88,Lorenzo Sonego,10,33.85%,32.26%,3.73%,4.12%,26.68%,46.15%,30.77%,6.22,2.1,101.5,112.5
clay,173,Luca Nardi,7,42.52%,40.56%,1.56%,4.36%,38.60%,48.97%,40.30%,7.21,3.07,209,209.9
clay,589,Luca Staeheli,5,39.30%,37.13%,2.44%,4.88%,31.90%,49.06%,44.44%,6.59,2.59,390,362.2
clay,129,Luca Van Assche,30,44.07%,44.41%,5.01%,3.38%,35.63%,56.44%,49.83%,6.44,2.84,142.5,153.9
clay,813,Lucas Andrade Da Silva,6,35.11%,34.73%,5.32%,3.40%,28.01%,45.74%,25.00%,6.53,2.29,546.5,549.2
clay,22,Luciano Darderi,38,40.39%,40.53%,5.42%,3.45%,33.69%,51.37%,42.07%,6.61,2.67,73.5,95
clay,311,Luciano Emanuel Ambrogi,38,40.08%,38.60%,1.67%,3.46%,36.41%,46.79%,48.15%,6.38,2.56,282,387
clay,380,Lucio Ratti,11,39.47%,38.31%,3.88%,4.29%,32.56%,49.66%,42.03%,6.75,2.66,275,446.5
clay,195,Luka Mikrut,33,41.82%,40.89%,3.73%,4.14%,36.11%,52.29%,45.70%,6.57,2.75,287,292.5
clay,208,Luka Pavlovic,29,33.60%,32.52%,3.20%,3.15%,27.37%,43.62%,38.19%,6.07,2.04,270,275.7
clay,173,Lukas Neumayer,38,41.97%,42.51%,6.01%,3.51%,35.33%,53.66%,41.74%,6.52,2.73,240,275.4
clay,145,Mackenzie McDonald,6,34.87%,35.38%,8.96%,4.12%,27.50%,50.38%,41.67%,6.56,2.29,155,148.8
clay,233,Maks Kasnikowski,20,38.83%,38.81%,5.26%,3.38%,32.84%,48.40%,37.93%,6.58,2.56,230,294.8
clay,372,Manas Dhamne,16,42.25%,40.52%,3.58%,5.33%,35.71%,53.31%,41.06%,7.05,2.98,347,429.1
clay,381,Marat Sharipov,10,42.50%,40.86%,2.47%,4.48%,35.05%,52.33%,45.33%,6.41,2.72,328,412.6
clay,297,Marc-Andrea Huesler,8,36.84%,36.01%,4.92%,4.07%,29.41%,48.28%,30.19%,6.85,2.52,320,304.2
clay,174,Marco Cecchinato,68,38.97%,38.11%,3.50%,3.54%,33.10%,49.24%,38.60%,6.55,2.55,225,254.3
clay,95,Marco Trungelliti,51,41.65%,41.49%,4.66%,3.59%,35.21%,52.45%,39.61%,6.76,2.82,230,224.1
clay,45,Marcos Giron,7,33.61%,33.64%,6.95%,3.48%,27.87%,41.41%,35.56%,6.1,2.05,60,64.3
clay,624,Mariano Kestelboim,9,35.93%,35.87%,5.19%,2.99%,27.10%,50.26%,60.71%,5.96,2.14,304,348
clay,46,Mariano Navone,40,45.12%,44.48%,2.53%,3.17%,39.09%,54.47%,43.85%,6.75,3.05,82,114.6
clay,182,Marin Cilic,9,36.16%,36.73%,7.17%,3.26%,32.38%,42.54%,33.33%,6.33,2.29,57,85.4
clay,189,Mark Lajal,6,38.46%,38.68%,7.01%,4.07%,30.88%,50.59%,48.72%,6.05,2.33,113,219.3
clay,348,Marko Topo,21,36.49%,35.09%,6.15%,5.49%,29.49%,47.33%,40.46%,6.24,2.28,226,275.5
clay,326,Martin Damm,8,28.67%,29.57%,13.98%,4.60%,18.05%,44.49%,28.12%,6.28,1.8,64,112.6
clay,261,Martin Krumich,30,42.58%,42.18%,3.46%,3.22%,38.06%,50.81%,40.78%,6.76,2.88,286,342.7
clay,143,Martin Landaluce,21,39.52%,39.77%,5.39%,3.14%,32.32%,52.04%,41.83%,6.63,2.62,117,205.6
clay,372,Marvin Moeller,13,41.99%,41.38%,4.93%,4.53%,35.68%,51.52%,39.82%,6.8,2.86,302,424.5
clay,254,Matej Dodig,28,38.65%,38.43%,4.73%,3.31%,30.30%,53.10%,42.21%,6.41,2.48,279.5,333.7
clay,548,Mateus Alves,12,36.45%,36.73%,6.90%,3.57%,29.49%,49.47%,34.78%,6.44,2.35,217.5,243.8
clay,297,Matheus Pucinelli De Almeida,38,46.51%,45.62%,2.74%,3.92%,40.65%,56.06%,51.68%,6.68,3.11,353,388.6
clay,377,Mathys Erhard,31,39.03%,38.10%,3.53%,3.67%,33.13%,48.85%,42.33%,6.49,2.53,320,455.5
clay,296,Matias Soto,42,39.62%,39.81%,7.41%,4.58%,31.32%,52.88%,44.94%,6.61,2.62,385,463.3
clay,35,Matteo Arnaldi,17,40.35%,40.00%,4.52%,3.61%,33.43%,50.94%,40.11%,6.77,2.73,67,108.7
clay,35,Matteo Berrettini,22,35.95%,35.67%,5.54%,3.50%,31.54%,43.45%,41.09%,6.43,2.31,82,95.9
clay,280,Matteo Martineau,14,37.06%,36.27%,3.40%,3.18%,31.86%,46.46%,42.86%,6.33,2.35,392.5,507.1
clay,101,Mattia Bellucci,18,37.45%,36.90%,4.22%,3.35%,33.09%,45.99%,42.72%,6.37,2.39,114,154.4
clay,700,Matyas Cerny,7,39.67%,38.18%,4.89%,5.43%,28.62%,55.51%,35.09%,6.99,2.77,443,516.3
clay,704,Matyas Fuele,5,39.52%,40.29%,5.11%,2.15%,32.76%,50.71%,42.11%,6.2,2.45,284,251.2
clay,181,Max Alcala Gurri,30,47.36%,46.44%,3.44%,4.71%,40.63%,58.50%,46.55%,6.87,3.26,293,408.8
clay,1378,Max Dahlin,5,33.26%,32.47%,4.75%,3.46%,26.26%,45.78%,25.00%,6.34,2.11,280,348.6
clay,339,Max Hans Rehberg,17,37.30%,36.76%,4.89%,3.71%,30.19%,48.86%,42.20%,6.22,2.32,261,285.4
clay,241,Max Houkes,26,40.34%,38.95%,4.80%,5.33%,32.66%,51.99%,44.89%,6.72,2.71,200,234.7
clay,310,Max Schoenhaus,14,37.39%,36.73%,4.50%,3.66%,30.78%,48.97%,36.00%,6.59,2.46,215.5,293.2
clay,554,Max Wiskandt,6,40.05%,38.81%,1.29%,2.84%,39.83%,40.41%,29.41%,6.67,2.67,381,356.7
clay,304,Maxim Mrva,29,41.16%,40.21%,3.79%,4.13%,35.65%,50.11%,45.73%,6.69,2.75,274,281.9
clay,488,Maxime Chazal,5,34.53%,35.69%,10.22%,3.87%,26.61%,46.53%,35.29%,6.24,2.16,401,408
clay,832,Maximilian Neuchrist,6,29.56%,30.21%,7.49%,2.30%,25.00%,40.13%,22.22%,6.43,1.9,265.5,275.7
clay,625,Maximo Zeitune,11,35.59%,34.99%,3.13%,2.61%,32.45%,44.33%,39.29%,6.34,2.26,479,583.5
clay,298,Mert Alkaya,7,41.13%,41.11%,5.84%,4.11%,33.57%,52.43%,38.89%,6.79,2.79,379,615.6
clay,342,Michael Geerts,5,33.43%,34.09%,8.57%,3.43%,25.73%,44.44%,38.10%,6.25,2.09,696,732
clay,187,Michael Mmoh,5,35.71%,34.49%,5.90%,4.97%,29.73%,43.80%,41.67%,6.08,2.17,196,239.6
clay,267,Michele Ribecai,24,41.46%,41.54%,4.28%,2.91%,36.55%,50.96%,47.49%,6.34,2.63,261,306.5
clay,286,Miguel Damas,39,41.99%,41.21%,3.49%,3.78%,37.11%,50.40%,43.59%,6.65,2.79,258,288.1
clay,473,Miguel Tobon,21,37.60%,36.07%,4.27%,4.80%,28.83%,52.93%,40.31%,6.52,2.45,325,381.1
clay,415,Mika Brunold,15,40.11%,39.58%,3.33%,3.06%,33.98%,49.43%,44.76%,6.5,2.61,318,335.1
clay,434,Mika Petkovic,7,33.48%,34.00%,7.59%,3.12%,25.36%,47.02%,43.75%,5.89,1.97,218,215.1
clay,352,Mili Poljicak,31,39.91%,38.07%,1.88%,4.13%,35.05%,47.77%,36.80%,6.62,2.64,285,332.5
clay,461,Milos Karol,10,36.42%,35.25%,4.75%,4.38%,26.51%,51.70%,40.28%,6.41,2.34,316.5,315.4
clay,55,Miomir Kecmanovic,15,40.05%,40.56%,6.60%,3.65%,33.24%,50.78%,45.28%,6.43,2.58,54,73.6
clay,364,Mitchell Krueger,7,40.73%,41.10%,6.13%,3.64%,34.58%,49.03%,41.54%,6.71,2.73,377,413.3
clay,151,Moez Echargui,9,34.79%,34.63%,5.34%,3.07%,30.18%,42.73%,29.17%,6.37,2.22,203,185.6
clay,213,Moise Kouame,8,36.39%,37.21%,6.41%,2.49%,28.18%,49.66%,30.77%,6.82,2.48,61.5,165.2
clay,317,Murkel Dellien,41,42.78%,41.84%,3.49%,4.12%,37.25%,52.08%,41.99%,6.84,2.93,407,456.4
clay,235,Nerman Fatic,23,38.91%,38.45%,3.94%,3.21%,33.15%,49.40%,39.43%,6.45,2.51,238,266.8
clay,267,Nick Hardt,17,43.80%,43.50%,3.37%,3.12%,39.53%,52.35%,54.26%,6.47,2.84,373.5,479.6
clay,131,Nicolai Budkov Kjaer,14,40.00%,38.74%,3.15%,4.04%,32.08%,51.82%,43.21%,6.64,2.66,273,252.4
clay,475,Nicolas Alvarez Varona,9,38.70%,37.39%,5.20%,5.20%,30.98%,54.15%,41.07%,6.34,2.45,327,272.9
clay,155,Nicolas Jarry,6,39.96%,39.86%,6.20%,4.27%,29.04%,55.10%,38.64%,6.99,2.79,212.5,206.5
clay,369,Nicolas Kicker,42,40.61%,40.15%,4.78%,3.96%,34.48%,51.66%,50.74%,6.16,2.5,345,441.8
clay,223,Nicolas Mejia,26,40.67%,40.57%,7.14%,5.05%,32.76%,51.06%,36.79%,6.93,2.82,412,444.3
clay,664,Nicolas Villalon,9,41.93%,42.12%,4.75%,3.12%,35.55%,51.16%,44.05%,6.46,2.71,397,413.1
clay,802,Nicolas Zanellato,5,38.79%,37.02%,3.78%,5.04%,32.13%,54.17%,42.42%,6.51,2.52,348,403.8
clay,509,Niels McDonald,12,39.49%,38.44%,5.19%,4.95%,30.20%,52.96%,39.13%,6.52,2.57,253,283.7
clay,439,Niels Visker,5,30.77%,28.88%,2.43%,3.64%,28.48%,34.38%,58.33%,5.49,1.69,263,335.6
clay,214,Nikolas Sanchez Izquierdo,60,42.04%,41.50%,3.54%,3.43%,35.05%,53.40%,39.25%,6.77,2.85,249.5,303.5
clay,133,Nikoloz Basilashvili,17,37.23%,39.74%,11.00%,3.09%,28.86%,49.81%,39.50%,6.44,2.4,112,183.2
clay,148,Nishesh Basavareddy,18,39.75%,39.80%,6.44%,4.17%,32.40%,53.59%,42.96%,6.47,2.57,210.5,236.9
clay,423,Norbert Gombos,21,36.08%,35.13%,6.40%,4.92%,28.32%,47.87%,34.43%,6.41,2.31,238,274
clay,36,Nuno Borges,20,38.59%,38.34%,4.79%,3.39%,33.06%,47.36%,39.72%,6.55,2.53,67,126.9
clay,357,Ognjen Milic,8,35.43%,34.63%,5.93%,4.36%,26.14%,50.23%,37.74%,6.16,2.18,274,364.5
clay,400,Oleg Prihodko,13,36.49%,34.99%,3.96%,4.44%,29.87%,48.03%,37.50%,6.17,2.25,296,349.2
clay,386,Olle Wallin,10,38.92%,40.19%,8.78%,3.78%,31.45%,51.25%,44.78%,6.49,2.53,234.5,283.6
clay,319,Oriol Roca Batalla,12,34.89%,34.91%,4.08%,2.16%,30.92%,42.70%,33.85%,6.47,2.26,212,287.6
clay,115,Otto Virtanen,14,39.18%,37.77%,2.99%,4.09%,33.28%,49.59%,42.27%,6.31,2.47,184,239.8
clay,184,Pablo Carreno Busta,41,41.40%,41.69%,4.76%,2.90%,34.58%,53.13%,43.63%,6.61,2.74,128,213.7
clay,129,Pablo Llamas Ruiz,36,41.87%,41.57%,4.11%,3.43%,35.56%,51.28%,42.38%,6.7,2.8,224.5,233.1
clay,503,Paulo Andre Saraiva Dos Santos,16,37.24%,35.94%,2.11%,3.20%,33.26%,45.81%,38.52%,6.5,2.42,402,471.9
clay,243,Pavel Kotov,7,39.84%,37.17%,3.02%,6.04%,34.81%,48.62%,38.00%,6.54,2.61,290,365.3
clay,256,Pedro Boscardin Dias,46,39.11%,37.85%,3.10%,3.91%,31.89%,50.57%,45.87%,6.39,2.5,228.5,307
clay,148,Pedro Martinez,30,40.30%,40.17%,5.40%,3.85%,32.70%,52.37%,40.66%,6.49,2.62,176.5,201.7
clay,496,Pedro Sakamoto,19,37.59%,37.62%,5.13%,3.05%,31.21%,49.68%,42.62%,6.29,2.36,324,407.2
clay,530,Pedro Vives Marcos,5,38.46%,38.69%,6.33%,3.62%,33.59%,45.56%,41.67%,5.82,2.24,282,291.6
clay,787,Peter Bertran,7,37.32%,37.18%,6.60%,4.12%,28.28%,50.77%,41.30%,6.38,2.38,785,694.4
clay,567,Peter Fajta,5,39.75%,40.60%,4.42%,1.58%,37.38%,44.66%,37.84%,6.74,2.68,436,381.2
clay,285,Petr Bar Biryukov,7,35.55%,34.00%,5.21%,5.03%,28.83%,45.02%,32.73%,6.4,2.28,469,538.3
clay,340,Petr Brunclik,16,38.90%,38.62%,6.01%,4.24%,31.81%,49.56%,33.61%,6.65,2.59,276.5,317.2
clay,396,Petr Nesterov,8,41.59%,39.96%,2.71%,4.52%,37.65%,47.89%,53.19%,6.66,2.77,335.5,328.4
clay,295,Philip Henning,9,38.99%,40.33%,9.59%,4.25%,29.24%,53.75%,32.47%,6.62,2.58,298,386.4
clay,839,Pierluigi Basile,9,36.46%,36.20%,5.73%,3.66%,29.07%,49.34%,45.61%,6.1,2.22,195,217.7
clay,232,Pierre-Hugues Herbert,6,34.85%,33.71%,4.33%,3.92%,27.15%,46.39%,39.39%,6.14,2.14,165.5,219.2
clay,446,Pietro Fellin,5,36.27%,35.69%,7.19%,4.90%,28.79%,50.00%,29.03%,6.51,2.36,222,250.6
clay,222,Pol Martin Tiffon,32,38.08%,37.78%,5.11%,3.60%,31.16%,51.06%,34.82%,6.59,2.51,263.5,311.8
clay,83,Quentin Halys,16,34.37%,33.06%,6.87%,5.36%,25.73%,47.31%,36.14%,6.52,2.24,56,110.9
clay,519,Radu Albot,13,43.73%,42.64%,2.97%,4.11%,37.74%,54.57%,40.16%,7.11,3.11,334,381.8
clay,15,Rafael Jodar,23,43.15%,42.47%,3.93%,4.09%,37.17%,52.95%,45.41%,6.64,2.87,55,57.3
clay,38,Raphael Collignon,27,38.43%,38.34%,4.92%,3.21%,31.83%,48.99%,45.66%,6.58,2.53,104,162.5
clay,410,Raphael Perot,5,40.34%,38.24%,3.69%,5.68%,34.09%,50.76%,28.21%,7.82,3.16,284,540.6
clay,231,Raul Brancaccio,31,39.98%,39.69%,4.99%,3.77%,33.55%,49.84%,39.57%,6.68,2.67,208,253.7
clay,538,Reda Bennani,5,32.25%,30.36%,5.25%,5.00%,24.55%,42.05%,34.78%,6.15,1.98,316,278.6
clay,150,Rei Sakamoto,7,35.52%,35.07%,3.81%,2.75%,30.69%,43.17%,43.33%,6.57,2.33,126,240.4
clay,182,Remy Bertola,22,40.16%,39.83%,3.60%,2.94%,35.40%,49.70%,40.65%,6.52,2.62,228.5,260
clay,93,Rinky Hijikata,9,35.73%,35.79%,8.38%,4.58%,27.06%,47.26%,36.36%,6.59,2.35,83,88.3
clay,183,Roberto Bautista Agut,11,33.61%,34.98%,8.86%,2.67%,26.03%,47.60%,39.62%,6.03,2.03,90,111
clay,176,Roberto Carballes Baena,34,40.88%,40.32%,4.69%,4.12%,33.68%,53.51%,42.58%,6.55,2.68,264.5,314.1
clay,320,Rodrigo Pacheco Mendez,21,37.85%,38.35%,9.96%,5.38%,28.04%,50.79%,30.99%,6.63,2.51,304,379.8
clay,152,Roman Andres Burruchaga,59,44.27%,43.41%,2.95%,3.78%,37.75%,54.51%,44.16%,6.82,3.02,145.5,201.1
clay,132,Roman Safiullin,23,42.45%,41.37%,3.88%,4.58%,35.44%,53.19%,46.49%,6.45,2.74,191,186.1
clay,484,Rudolf Molleker,10,37.80%,38.20%,8.54%,4.63%,29.42%,52.33%,29.63%,6.83,2.58,280.5,371.1
clay,594,Ryan Dickerson,9,37.36%,37.15%,6.14%,3.97%,29.91%,50.25%,40.43%,6.22,2.33,419,520.4
clay,488,Ryan Nijboer,9,35.54%,34.90%,5.18%,3.75%,25.44%,51.38%,39.13%,6.22,2.21,252,298.9
clay,750,Ryan Seggerman,7,37.70%,37.02%,3.89%,3.36%,30.69%,51.87%,28.33%,6.81,2.57,207,402.7
clay,665,Saba Purtseladze,6,35.77%,33.89%,4.28%,5.04%,27.95%,46.43%,39.29%,6.3,2.25,324,338
clay,656,Samuel Alejandro Linde Palacios,10,35.71%,35.89%,6.01%,3.08%,27.30%,49.36%,40.91%,6.42,2.29,354.5,503.5
clay,727,Samuel Heredia,11,36.88%,37.62%,7.45%,3.31%,31.05%,47.95%,33.80%,6.56,2.42,401.5,511.4
clay,400,Samuele Pieri,14,38.01%,35.67%,3.70%,5.69%,30.74%,48.28%,42.05%,6.32,2.4,274,293.6
clay,293,Sandro Kopp,31,39.69%,38.72%,5.05%,4.77%,31.78%,51.60%,41.25%,6.58,2.61,311,331.7
clay,625,Santiago De La Fuente,10,40.33%,38.99%,1.92%,3.43%,34.54%,50.77%,54.10%,6.51,2.62,320.5,374
clay,384,Santiago Rodriguez Taverna,35,36.50%,35.57%,4.25%,3.78%,30.84%,46.86%,35.83%,6.49,2.37,357,422.9
clay,313,Sascha Gueymard Wayenburg,21,37.52%,36.85%,3.70%,3.22%,32.30%,46.77%,38.02%,6.48,2.43,238,322.1
clay,341,Sean Cuenin,5,36.88%,34.60%,5.98%,6.64%,32.64%,44.44%,40.00%,6.54,2.41,357,393.8
clay,28,Sebastian Baez,31,40.59%,41.04%,5.59%,3.11%,33.21%,52.66%,43.81%,6.56,2.66,82,100
clay,516,Sebastian Gima,12,37.14%,36.30%,2.76%,2.89%,29.29%,53.91%,41.54%,6.25,2.32,279,385.8
clay,124,Sebastian Ofner,29,39.11%,38.14%,4.56%,4.38%,31.46%,50.94%,40.20%,6.58,2.57,172,171.1
clay,302,Sergey Fomin,11,41.45%,40.26%,4.22%,4.82%,35.84%,50.80%,44.05%,6.64,2.75,317,389.4
clay,452,Sergio Callejon Hernando,6,45.43%,44.77%,5.05%,5.29%,36.58%,59.75%,48.21%,6.3,2.86,271,336.8
clay,117,Shintaro Mochizuki,6,44.26%,45.82%,7.45%,3.40%,37.79%,55.56%,48.21%,6.62,2.93,172.5,247.3
clay,118,Stan Wawrinka,11,34.38%,33.99%,6.18%,3.77%,25.95%,49.00%,30.00%,6.53,2.25,83,123
clay,261,Stefan Dostanic,13,38.46%,37.23%,3.67%,4.14%,32.19%,48.75%,43.90%,6.17,2.37,264,281.2
clay,296,Stefan Kozlov,9,43.52%,41.63%,3.20%,5.53%,36.32%,54.38%,41.03%,7.16,3.11,401,458.6
clay,411,Stefan Palosi,19,40.65%,39.97%,4.29%,3.99%,35.45%,50.43%,39.13%,6.67,2.71,243,263.9
clay,229,Stefano Napolitano,28,37.82%,38.15%,7.79%,4.28%,30.19%,49.61%,43.18%,6.53,2.47,255.5,269.9
clay,142,Stefano Travaglia,39,43.87%,42.74%,2.74%,4.03%,37.79%,54.55%,43.21%,6.91,3.03,261,281.4
clay,153,Stefanos Sakellaridis,17,38.72%,37.55%,2.95%,3.65%,32.93%,48.83%,45.13%,6.4,2.48,209,234.9
clay,11,Stefanos Tsitsipas,16,34.12%,34.03%,5.59%,3.01%,24.19%,51.20%,38.54%,6.42,2.19,42,65
clay,246,Sumit Nagal,34,42.88%,42.62%,5.08%,4.24%,36.02%,55.11%,42.90%,6.52,2.8,270,291.4
clay,584,Svyatoslav Gulin,10,39.32%,37.74%,2.99%,4.35%,31.49%,54.88%,38.57%,6.62,2.6,213.5,295.1
clay,69,Tallon Griekspoor,10,35.49%,35.13%,6.10%,3.86%,27.62%,48.21%,35.71%,6.32,2.24,92.5,86.6
clay,194,Taro Daniel,16,43.39%,44.98%,7.01%,2.84%,36.28%,53.70%,47.93%,6.51,2.83,179,192.6
clay,46,Terence Atmane,11,30.13%,30.40%,7.53%,2.90%,20.66%,44.35%,35.85%,6.16,1.86,34,114.2
clay,115,Thiago Agustin Tirante,40,36.92%,36.43%,5.19%,3.74%,30.63%,48.69%,45.56%,6.26,2.31,128.5,152.4
clay,722,Thiago Cigarran,8,40.76%,39.56%,2.25%,3.45%,37.53%,46.60%,40.30%,6.58,2.68,380.5,393.5
clay,303,Thiago Monteiro,37,37.37%,36.76%,5.55%,4.19%,30.01%,48.58%,42.99%,6.29,2.35,248,238.4
clay,206,Thiago Seyboth Wild,34,41.82%,41.63%,5.88%,4.52%,33.69%,53.09%,49.57%,6.3,2.63,339.5,430.6
clay,321,Thomas Faurel,14,36.19%,36.59%,6.90%,3.36%,28.12%,49.75%,42.05%,6.23,2.26,246,341.7
clay,371,Tiago Pereira,21,36.75%,35.13%,3.22%,4.25%,31.86%,44.51%,41.74%,6.15,2.26,224,268.2
clay,427,Tiago Torres,5,41.73%,41.18%,4.32%,3.96%,31.52%,56.64%,56.00%,6.18,2.58,113,100.2
clay,500,Tibo Colson,5,35.29%,31.32%,3.58%,7.42%,27.49%,44.44%,25.71%,6.74,2.38,280,295.4
clay,150,Timofey Skatov,35,40.93%,41.47%,6.86%,3.94%,33.25%,52.99%,42.05%,6.66,2.72,220,259.5
clay,185,Titouan Droguet,25,39.41%,37.95%,3.19%,4.29%,31.70%,51.73%,44.17%,6.38,2.51,109,124.9
clay,112,Toby Samuel,14,38.90%,38.91%,3.89%,2.47%,32.70%,48.22%,41.90%,6.43,2.5,237.5,315.7
clay,186,Tom Gentzsch,31,39.76%,38.97%,4.43%,4.12%,34.01%,48.75%,42.01%,6.64,2.64,293,373.8
clay,139,Tomas Barrios Vera,44,41.56%,41.82%,5.50%,3.50%,35.42%,51.56%,43.30%,6.62,2.75,240.5,274.2
clay,43,Tomas Machac,11,37.42%,38.45%,7.77%,3.17%,31.14%,47.44%,38.96%,6.39,2.39,40,43.4
clay,30,Tomas Martin Etcheverry,28,36.58%,36.90%,6.09%,3.07%,29.00%,49.50%,40.35%,6.31,2.31,69.5,74.8
clay,567,Tomasz Berkieta,6,38.06%,36.02%,1.89%,4.26%,30.68%,50.31%,31.71%,6.71,2.56,381,355.8
clay,358,Tommaso Compagnucci,13,38.50%,36.44%,2.65%,4.76%,32.53%,49.23%,52.94%,6.46,2.49,351,369
clay,21,Tommy Paul,16,39.45%,39.89%,4.42%,2.21%,33.50%,50.68%,42.07%,6.73,2.65,61,61.6
clay,162,Tristan Boyer,20,41.02%,39.74%,2.29%,3.63%,34.27%,53.32%,47.97%,6.41,2.63,260,275.9
clay,604,Tristan McCormick,5,36.14%,33.90%,5.12%,6.02%,25.24%,54.92%,50.00%,6.15,2.22,460,478
clay,148,Tristan Schoolkate,9,37.21%,38.00%,10.00%,4.85%,26.45%,52.30%,37.68%,6.3,2.34,305,295
clay,343,Tyler Zink,6,42.77%,39.77%,3.72%,7.44%,31.27%,57.89%,33.33%,7.22,3.09,245,270
clay,173,Ugo Blanchet,5,34.62%,34.26%,4.49%,2.88%,33.81%,36.27%,40.00%,5.89,2.04,393,373.4
clay,28,Ugo Humbert,10,35.48%,36.39%,7.46%,2.83%,27.76%,48.61%,41.67%,6.33,2.24,56,90.8
clay,203,Valentin Royer,24,38.72%,38.62%,5.63%,3.70%,33.39%,49.16%,40.24%,6.42,2.49,169.5,216.5
clay,18,Valentin Vacherot,14,38.33%,39.01%,7.63%,3.77%,32.48%,47.72%,35.71%,6.48,2.48,78.5,180.3
clay,442,Valerio Aboian,25,40.53%,40.09%,2.77%,2.60%,35.83%,49.18%,44.13%,6.49,2.63,381,437.6
clay,128,Vilius Gaubas,45,40.25%,39.92%,4.10%,3.28%,33.80%,50.96%,39.45%,6.88,2.77,218,241.5
clay,125,Vit Kopriva,40,40.45%,40.80%,4.78%,2.70%,34.26%,50.65%,44.48%,6.4,2.59,106,166.8
clay,215,Vitaliy Sachko,29,40.46%,40.15%,3.96%,3.19%,34.56%,49.94%,40.53%,6.54,2.65,232,270.8
clay,530,Vladyslav Orlov,6,40.68%,39.46%,6.99%,6.57%,29.39%,52.86%,32.08%,6.74,2.74,336,415.8
clay,801,Wilson Leite,5,38.16%,36.55%,6.01%,6.01%,28.99%,51.75%,35.29%,6.29,2.4,544,589.5
clay,98,Yannick Hanfmann,23,35.14%,35.86%,7.49%,3.06%,29.33%,46.39%,36.73%,6.51,2.29,76,121.2
clay,106,Yibing Wu,11,40.86%,41.05%,4.63%,2.89%,33.90%,51.62%,45.88%,6.6,2.69,165,228.8
clay,222,Yu Hsiou Hsu,5,38.23%,37.54%,4.16%,3.60%,30.90%,51.56%,41.18%,6.22,2.38,387,396
clay,165,Zachary Svajda,8,33.81%,36.54%,10.18%,1.57%,26.61%,45.00%,45.45%,6.18,2.09,62,58.1
clay,154,Zdenek Kolar,67,42.21%,42.16%,4.61%,3.45%,36.69%,51.04%,40.76%,6.67,2.81,287,344.2
clay,156,Zhizhen Zhang,7,32.92%,34.15%,11.25%,3.96%,26.75%,44.58%,48.15%,6.08,2,66,87.7
clay,34,Zizou Bergs,15,38.11%,37.69%,4.72%,3.54%,32.18%,48.03%,43.16%,6.13,2.34,51,99.9
clay,119,Zsombor Piros,31,40.32%,40.04%,3.87%,3.06%,33.53%,53.34%,47.09%,6.38,2.57,233,282.4
grass,91,Adam Walton,8,39.16%,38.39%,7.02%,5.62%,32.32%,50.00%,41.79%,6.41,2.51,140.5,213
grass,73,Adrian Mannarino,11,37.17%,38.59%,9.59%,3.72%,27.70%,54.39%,44.44%,6.18,2.3,54,90.5
grass,265,Alastair Gray,5,43.38%,43.15%,5.54%,4.62%,35.85%,57.52%,42.42%,7.07,3.07,240,431
grass,20,Alejandro Davidovich Fokina,12,38.69%,39.91%,9.46%,4.26%,31.53%,50.00%,38.46%,6.65,2.57,57.5,62.7
grass,41,Alex Michelsen,5,41.99%,41.51%,3.64%,3.40%,35.89%,51.22%,56.67%,6.98,2.93,209,381.2
grass,7,Alex de Minaur,11,43.95%,43.79%,5.33%,4.44%,35.17%,58.58%,45.37%,6.72,2.96,65,61.2
grass,11,Alexander Bublik,8,31.47%,34.46%,15.26%,3.46%,22.24%,46.27%,30.95%,6.55,2.06,75.5,113.6
grass,3,Alexander Zverev,11,33.36%,35.20%,10.89%,3.07%,25.92%,50.00%,35.14%,6.51,2.17,51,47.5
grass,200,Alexis Galarneau,8,37.08%,36.88%,7.16%,4.49%,27.46%,51.40%,35.71%,6.53,2.42,178,194.5
grass,114,Arthur Fery,15,37.85%,37.81%,7.14%,4.41%,30.91%,49.91%,41.41%,6.54,2.48,98,87.1
grass,127,Arthur Gea,7,35.73%,36.01%,7.00%,3.50%,28.21%,49.48%,40.82%,6.17,2.2,149,195.9
grass,29,Arthur Rinderknech,5,30.71%,30.84%,8.80%,3.75%,25.00%,41.76%,29.63%,6.28,1.93,67,115
grass,227,August Holmgren,5,34.19%,33.55%,7.12%,4.56%,26.61%,46.62%,30.77%,6.5,2.22,149,164.4
grass,10,Ben Shelton,8,29.98%,31.93%,11.99%,2.76%,21.86%,45.61%,25.00%,6.32,1.89,65.5,61.6
grass,70,Benjamin Bonzi,7,37.21%,37.69%,8.21%,4.20%,30.68%,50.58%,40.91%,6.09,2.27,130,144.6
grass,155,Billy Harris,8,33.75%,34.24%,11.13%,5.06%,24.70%,49.82%,28.57%,6.82,2.3,133.5,130
grass,31,Brandon Nakashima,6,37.88%,39.43%,11.95%,5.22%,27.15%,55.86%,48.84%,6.53,2.47,54.5,59.3
grass,64,Christopher O'Connell,7,35.40%,36.80%,10.80%,4.07%,26.96%,48.64%,31.25%,6.65,2.35,191,175.4
grass,204,Clement Chidekh,8,40.92%,41.49%,7.44%,4.29%,34.83%,51.57%,34.52%,7.06,2.89,322.5,385.4
grass,69,Corentin Moutet,5,32.53%,32.89%,6.02%,2.41%,25.09%,48.48%,38.10%,6.1,1.99,92,318.4
grass,121,Dane Sweeny,6,36.24%,37.53%,9.11%,3.42%,30.33%,46.39%,28.89%,6.67,2.42,145,300.2
grass,93,Daniel Altmaier,8,32.08%,32.24%,9.43%,4.25%,25.24%,45.00%,24.53%,6.17,1.98,59,62.4
grass,6,Daniil Medvedev,9,40.49%,41.40%,5.52%,2.35%,32.93%,56.12%,42.86%,6.98,2.83,74,142.9
grass,226,Darwin Blanch,7,34.82%,34.29%,6.35%,4.12%,27.86%,48.24%,43.24%,6.2,2.16,159,205.9
grass,47,Ethan Quinn,9,35.83%,36.87%,8.56%,3.34%,27.42%,52.38%,36.76%,6.23,2.23,54,78.1
grass,61,Fabian Marozsan,9,31.79%,33.06%,9.14%,2.61%,25.22%,44.30%,29.09%,6.26,1.99,50,59.3
grass,29,Felix Auger-Aliassime,10,33.33%,32.87%,5.00%,3.14%,29.05%,42.38%,40.00%,6.3,2.1,64.5,61.3
grass,220,Felix Gill,10,32.76%,33.78%,9.80%,3.46%,24.73%,46.96%,29.03%,6.47,2.12,160,349.3
grass,300,Filippo Romano,8,35.63%,35.64%,5.99%,3.29%,29.42%,48.61%,42.86%,6.24,2.22,161,198.6
grass,9,Flavio Cobolli,6,35.43%,36.51%,6.88%,2.24%,27.84%,50.91%,38.78%,6.56,2.32,32,47.5
grass,20,Frances Tiafoe,11,33.94%,37.62%,15.66%,3.54%,22.87%,53.65%,38.27%,6.35,2.15,52,51.5
grass,23,Francisco Cerundolo,6,39.31%,40.16%,6.22%,2.74%,29.29%,55.50%,38.10%,6.67,2.62,56,64.2
grass,87,Gabriel Diallo,7,31.62%,32.81%,7.44%,1.86%,28.04%,39.72%,44.44%,5.97,1.89,50,65.1
grass,91,Giovanni Mpetshi Perricard,5,26.89%,26.56%,8.61%,3.57%,20.30%,41.78%,31.58%,6.1,1.64,56,84.8
grass,146,Grigor Dimitrov,10,35.96%,37.34%,9.40%,3.39%,29.64%,48.84%,37.50%,6.54,2.35,136,241.3
grass,205,Harry Wendelken,5,33.26%,34.66%,12.88%,4.68%,24.64%,49.01%,30.77%,6.47,2.15,133,227.6
grass,273,Henry Searle,10,38.03%,36.40%,3.42%,4.51%,31.08%,50.78%,40.32%,6.47,2.46,209,285.3
grass,18,Hubert Hurkacz,7,33.16%,33.33%,9.02%,4.24%,23.48%,48.30%,34.62%,6.5,2.16,74,55.7
grass,33,Ignacio Buse,6,34.45%,35.13%,7.72%,3.13%,26.73%,47.73%,39.39%,6.3,2.17,83.5,73.5
grass,172,Jack Pinnington Jones,7,36.32%,36.59%,5.47%,2.74%,26.43%,53.78%,35.09%,6.51,2.37,96,143
grass,86,Jacob Fearnley,15,41.69%,41.41%,5.45%,4.33%,34.11%,54.51%,41.18%,6.99,2.91,159,165.9
grass,88,Jan Choinski,5,35.96%,38.13%,11.91%,3.82%,25.28%,51.67%,38.24%,6.45,2.32,64,90.2
grass,42,Jan-Lennard Struff,9,31.76%,35.20%,15.69%,3.21%,23.08%,50.91%,39.62%,6.34,2.01,54,56
grass,1,Jannik Sinner,7,36.60%,37.33%,6.33%,2.61%,28.49%,52.79%,35.82%,6.66,2.44,50,59.3
grass,43,Jaume Munar,5,37.41%,37.77%,8.71%,4.71%,29.59%,54.96%,35.48%,6.54,2.45,48,71.2
grass,1091,Jenson Brooksby,8,38.00%,39.66%,9.00%,3.17%,30.69%,50.45%,40.62%,6.25,2.38,68.5,77.6
grass,12,Jiri Lehecka,9,33.87%,34.79%,8.09%,2.91%,27.67%,45.26%,33.33%,6.62,2.24,47,56.9
grass,136,Jurij Rodionov,5,40.84%,41.39%,6.01%,3.30%,35.61%,49.22%,37.50%,7.09,2.89,253,272.4
grass,117,Kamil Majchrzak,12,37.44%,39.16%,10.28%,3.78%,30.98%,49.18%,41.46%,6.61,2.47,84.5,102.6
grass,270,Kyrian Jacquet,7,37.76%,38.95%,7.93%,3.10%,27.61%,53.78%,40.38%,6.67,2.52,169,212.6
grass,88,Lorenzo Sonego,6,29.81%,29.95%,7.34%,2.94%,24.74%,41.35%,41.94%,6.08,1.81,35,36.8
grass,145,Mackenzie McDonald,6,34.43%,35.81%,10.53%,3.73%,26.60%,47.13%,38.24%,6.25,2.15,117,112.7
grass,45,Marcos Giron,7,33.63%,35.01%,8.37%,2.39%,31.40%,38.73%,37.78%,6.25,2.1,39,64.7
grass,182,Marin Cilic,5,34.19%,36.57%,15.42%,5.14%,26.48%,48.53%,50.00%,5.89,2.02,33,28.4
grass,189,Mark Lajal,8,35.75%,35.07%,6.33%,4.47%,27.76%,49.01%,37.25%,5.97,2.13,153,162.5
grass,326,Martin Damm,6,29.65%,30.64%,11.58%,3.68%,21.37%,44.39%,33.33%,6.13,1.82,58.5,65.8
grass,143,Martin Landaluce,5,31.46%,31.95%,13.96%,5.83%,19.39%,50.54%,30.00%,6.23,1.96,77,114.2
grass,100,Marton Fucsovics,6,35.24%,35.51%,8.27%,4.13%,29.23%,48.43%,35.48%,6.43,2.27,27.5,42
grass,101,Mattia Bellucci,7,32.29%,34.72%,10.59%,1.91%,26.16%,43.06%,43.75%,6,1.94,30,47.7
grass,257,Max Basing,5,35.81%,36.55%,6.05%,2.33%,27.69%,48.24%,25.00%,6.94,2.48,273,273.2
grass,754,Michael Zheng,5,33.72%,33.15%,5.70%,3.69%,27.94%,44.13%,42.42%,6.41,2.16,138,103
grass,55,Miomir Kecmanovic,5,29.52%,31.55%,14.55%,3.74%,19.35%,47.95%,20.00%,6.17,1.82,62,98.4
grass,8,Novak Djokovic,6,31.83%,35.92%,14.86%,1.95%,23.75%,49.76%,39.53%,6,1.91,58,63.2
grass,36,Nuno Borges,9,34.94%,36.44%,12.02%,4.53%,25.62%,50.38%,34.48%,6.37,2.23,47,55.1
grass,348,Oliver Tarvet,6,31.86%,33.33%,12.02%,3.81%,22.65%,46.84%,33.33%,6.32,2.01,127,153.2
grass,115,Otto Virtanen,12,33.55%,34.49%,8.22%,2.91%,25.19%,49.76%,30.38%,6.8,2.28,160,162.2
grass,83,Quentin Halys,5,36.36%,38.01%,8.57%,2.60%,29.15%,53.51%,41.38%,6.21,2.26,92,110.8
grass,38,Raphael Collignon,5,27.49%,28.10%,10.21%,3.14%,21.90%,37.14%,31.82%,5.88,1.62,45,47.2
grass,182,Remy Bertola,5,33.12%,33.33%,8.20%,3.79%,20.90%,48.57%,36.36%,6.1,2.02,138,120.8
grass,93,Rinky Hijikata,9,36.02%,38.39%,11.56%,3.36%,24.63%,56.13%,40.38%,6.41,2.31,73,89.9
grass,132,Roman Safiullin,8,36.01%,38.30%,11.12%,3.19%,31.33%,50.22%,34.25%,6.83,2.46,73.5,108.9
grass,117,Shintaro Mochizuki,8,41.19%,43.58%,9.84%,3.37%,34.08%,53.76%,39.74%,7.02,2.89,115.5,122.1
grass,194,Sho Shimabukuro,9,33.74%,35.40%,12.82%,4.45%,24.26%,50.18%,38.46%,6.23,2.1,92,194.7
grass,8,Taylor Fritz,14,33.64%,34.42%,10.65%,4.40%,25.58%,50.00%,37.08%,6.23,2.1,37,46
grass,46,Terence Atmane,5,26.24%,26.68%,9.46%,2.84%,18.28%,41.67%,18.52%,5.79,1.52,50,44.4
grass,185,Titouan Droguet,5,32.20%,30.41%,5.08%,4.80%,25.32%,45.45%,47.62%,5.9,1.9,153,163.8
grass,112,Toby Samuel,8,37.15%,36.30%,6.17%,4.85%,28.48%,53.62%,38.89%,6.61,2.46,93,91.4
grass,21,Tommy Paul,8,39.57%,40.06%,5.29%,2.71%,31.65%,52.65%,43.10%,6.86,2.72,62.5,78.6
grass,148,Tristan Schoolkate,5,35.01%,33.67%,6.78%,5.47%,26.12%,47.62%,25.58%,6.82,2.39,154,220
grass,28,Ugo Humbert,12,35.18%,36.27%,7.38%,2.50%,27.29%,50.81%,44.83%,6.31,2.22,67,83.8
grass,125,Vit Kopriva,5,30.97%,34.15%,15.91%,3.41%,21.10%,51.30%,52.38%,5.42,1.68,63,60.8
grass,98,Yannick Hanfmann,8,32.64%,35.56%,13.53%,2.93%,26.53%,47.17%,20.37%,6.7,2.19,47,46.1
grass,239,Yi Zhou,6,41.65%,42.55%,7.53%,4.00%,37.30%,47.98%,42.31%,6.44,2.68,428,508.7
grass,106,Yibing Wu,5,36.73%,38.63%,10.19%,3.32%,29.04%,50.67%,33.33%,6.3,2.31,197,289.8
grass,109,Yunchaokete Bu,11,34.60%,37.56%,12.80%,2.95%,26.82%,50.87%,53.49%,5.88,2.03,154,171
grass,156,Zhizhen Zhang,8,32.88%,35.52%,13.15%,3.15%,23.11%,49.81%,30.43%,6.82,2.24,112,111.1
grass,34,Zizou Bergs,10,39.79%,39.72%,5.74%,3.89%,32.93%,52.50%,45.16%,6.63,2.64,78.5,86.5
hard,261,Abdullah Shelbayh,28,39.97%,40.04%,6.13%,3.98%,31.53%,52.47%,48.95%,6.28,2.51,247,334.1
hard,91,Adam Walton,47,36.35%,37.89%,10.43%,3.88%,27.68%,49.55%,41.94%,6.42,2.34,147,213
hard,777,Adhithya Ganesan,6,33.91%,33.33%,6.96%,4.35%,26.30%,46.78%,41.94%,6.13,2.08,299.5,262.5
hard,975,Aditya Vishal Balsekar,5,26.88%,26.34%,7.91%,3.56%,22.03%,38.16%,33.33%,5.62,1.51,391,460.6
hard,373,Adria Soriano Barrera,7,29.00%,27.96%,5.39%,3.53%,22.65%,39.90%,20.00%,6.33,1.84,227,236.7
hard,73,Adrian Mannarino,29,35.33%,37.70%,11.95%,3.43%,27.04%,51.34%,43.50%,6.19,2.19,66,93.3
hard,659,Aidan Kim,5,35.64%,32.81%,5.54%,6.92%,25.27%,53.27%,31.03%,6.15,2.19,277,350.2
hard,689,Aidan Mayo,10,35.52%,33.80%,4.44%,4.86%,29.72%,43.07%,25.00%,7.17,2.55,227.5,247.8
hard,293,Akira Santillan,21,38.88%,38.94%,5.94%,3.69%,30.08%,52.59%,44.44%,6.22,2.42,252,400.6
hard,444,Alafia Ayeni,11,37.71%,36.75%,4.22%,3.98%,32.50%,46.45%,30.23%,6.8,2.57,259,379.1
hard,650,Alan Magadan,5,36.77%,37.01%,9.19%,5.01%,27.86%,48.10%,27.78%,6.65,2.44,219,186.6
hard,265,Alastair Gray,25,36.66%,36.72%,7.82%,4.44%,29.30%,48.68%,37.27%,6.55,2.4,336,368.9
hard,618,Alberto Barroso Campos,8,40.44%,40.24%,5.46%,4.01%,33.01%,49.79%,44.64%,6.38,2.58,450.5,456.5
hard,20,Alejandro Davidovich Fokina,29,34.80%,36.84%,11.44%,3.43%,25.64%,51.84%,40.82%,6.28,2.19,46,54.9
hard,222,Alejandro Moro Canas,21,38.76%,39.24%,4.60%,2.17%,32.39%,49.83%,36.30%,6.6,2.56,259,357
hard,26,Alejandro Tabilo,32,33.68%,35.91%,12.56%,3.56%,24.27%,49.64%,39.61%,6.1,2.05,47.5,73.2
hard,450,Alejo Sanchez Quilez,7,39.53%,40.23%,5.56%,2.56%,31.89%,53.29%,48.89%,6.32,2.5,341,354.3
hard,108,Aleksandar Kovacevic,30,29.85%,32.81%,15.12%,2.98%,22.15%,43.30%,30.30%,6.16,1.84,79.5,125.8
hard,67,Aleksandar Vukic,29,33.52%,33.91%,10.61%,4.87%,24.22%,47.97%,30.54%,6.39,2.14,76,127.2
hard,157,Alex Bolt,31,37.84%,39.23%,7.65%,2.66%,31.83%,49.06%,39.90%,6.45,2.44,336,351.6
hard,498,Alex Hernandez,11,37.98%,39.93%,13.05%,5.43%,27.32%,55.17%,43.10%,6.14,2.33,259,443
hard,355,Alex Martinez,9,39.05%,39.96%,7.19%,3.27%,32.32%,48.80%,50.94%,6.12,2.39,395,508.3
hard,41,Alex Michelsen,39,37.24%,38.02%,9.16%,4.36%,26.84%,53.65%,39.09%,6.46,2.4,47,92.2
hard,81,Alex Molcan,13,39.49%,40.89%,7.83%,3.04%,29.59%,54.57%,40.45%,6.9,2.73,200,250.8
hard,332,Alex Rybakov,20,37.45%,35.90%,4.00%,4.66%,33.22%,44.62%,38.60%,6.62,2.48,363,459.8
hard,7,Alex de Minaur,45,38.10%,39.17%,7.93%,3.35%,28.78%,53.05%,41.05%,6.6,2.51,42,65.4
hard,479,Alexander Binda,7,36.95%,39.00%,9.11%,2.46%,34.41%,40.88%,51.52%,5.97,2.21,321,297.9
hard,205,Alexander Blockx,30,35.71%,35.21%,5.69%,3.87%,29.86%,45.66%,34.05%,6.58,2.35,138,182.2
hard,11,Alexander Bublik,34,34.04%,35.70%,10.81%,3.42%,26.20%,47.03%,37.16%,6.3,2.14,62,74.4
hard,549,Alexander Donski,7,35.20%,34.25%,5.76%,4.44%,28.24%,47.30%,36.73%,6.4,2.25,573,639.4
hard,496,Alexander Ritschard,5,41.25%,40.41%,5.22%,4.96%,30.91%,55.21%,35.71%,7.09,2.93,433,479.4
hard,100,Alexander Shevchenko,24,32.54%,33.27%,8.60%,3.18%,25.14%,46.28%,32.28%,6.43,2.09,60.5,95.7
hard,3,Alexander Zverev,38,33.88%,35.10%,9.35%,3.18%,26.20%,48.48%,35.82%,6.35,2.15,31,39.5
hard,464,Alexandr Binda,5,37.22%,37.11%,6.58%,4.05%,28.38%,48.55%,53.33%,6.17,2.3,327,631.4
hard,132,Alexandre Muller,18,32.99%,35.78%,11.63%,2.14%,26.25%,45.40%,35.96%,6.32,2.08,56,77.2
hard,25,Alexei Popyrin,20,31.56%,32.57%,11.69%,4.16%,23.68%,43.99%,32.95%,5.88,1.86,56,103.6
hard,200,Alexis Galarneau,47,38.20%,38.93%,7.92%,3.86%,29.40%,52.10%,42.35%,6.44,2.46,237,298.1
hard,409,Alfredo Perez,14,36.83%,36.77%,6.03%,3.60%,28.07%,51.71%,37.93%,6.22,2.29,353,356.3
hard,248,Andre Ilagan,51,38.82%,40.42%,9.97%,4.07%,28.45%,54.41%,41.82%,6.59,2.56,312,427.3
hard,227,Andrea Guerrieri,5,34.87%,37.50%,11.28%,2.56%,25.77%,53.08%,36.00%,6.5,2.27,330,395.2
hard,614,Andrea Vavassori,8,37.05%,37.34%,4.80%,2.40%,33.33%,44.56%,41.67%,6.27,2.32,143.5,153.6
hard,223,Andres Andrade,17,38.99%,38.14%,6.13%,5.15%,30.68%,51.56%,46.36%,6.26,2.44,311,415.8
hard,381,Andres Martin,37,38.01%,37.27%,5.50%,4.45%,30.44%,49.43%,36.99%,6.62,2.52,366,382.5
hard,399,Andrew Fenty,16,34.08%,35.14%,10.33%,3.96%,26.33%,47.32%,38.46%,6.49,2.21,416,493.1
hard,16,Andrey Rublev,25,36.21%,37.62%,9.82%,3.66%,29.48%,47.88%,36.72%,6.51,2.36,41,70.4
hard,348,Antoine Escoffier,7,42.66%,40.92%,5.63%,6.84%,36.04%,51.40%,48.15%,6.37,2.72,321,422.7
hard,352,Antoine Ghibaudo,25,34.48%,34.62%,8.39%,4.23%,24.73%,50.16%,38.05%,6.21,2.14,281,407.1
hard,911,Aoran Wang,5,27.43%,29.72%,13.27%,2.36%,20.00%,37.50%,50.00%,5.56,1.52,234,419.8
hard,808,Arda Azkara,10,36.56%,36.66%,8.37%,4.70%,26.88%,50.18%,40.00%,5.92,2.17,395.5,510.6
hard,492,Aristotelis Thanos,5,38.80%,37.46%,3.28%,4.10%,32.67%,46.34%,45.45%,6.31,2.45,340,297
hard,439,Arthur Bouquier,14,35.82%,36.32%,7.03%,3.22%,28.42%,48.51%,31.96%,6.45,2.31,162.5,184.2
hard,73,Arthur Cazaux,21,36.17%,36.10%,5.93%,3.46%,28.81%,48.83%,38.58%,6.51,2.35,87,96.6
hard,114,Arthur Fery,18,38.54%,38.50%,5.92%,3.77%,31.98%,49.39%,40.00%,6.57,2.53,252,262.9
hard,24,Arthur Fils,22,35.24%,36.18%,9.04%,3.66%,26.75%,49.04%,39.84%,6.51,2.29,35.5,58
hard,127,Arthur Gea,23,41.27%,40.43%,4.20%,4.26%,32.15%,54.01%,49.69%,6.55,2.7,158,219.5
hard,29,Arthur Rinderknech,32,32.74%,33.13%,7.27%,3.03%,26.11%,45.01%,38.69%,6.37,2.09,36,56.2
hard,417,Arthur Weber,8,36.33%,35.31%,8.43%,6.18%,25.56%,51.58%,34.69%,6.43,2.34,434.5,652.1
hard,414,Aryan Shah,9,33.99%,36.19%,12.42%,3.59%,25.37%,50.48%,36.96%,6,2.04,430,463.9
hard,227,August Holmgren,34,34.50%,34.26%,6.30%,3.66%,28.08%,44.50%,33.68%,6.52,2.25,283,305.4
hard,664,Aziz Dougaz,5,35.09%,32.11%,5.28%,6.88%,24.30%,49.73%,32.26%,6.51,2.28,280,301.6
hard,525,Aziz Ouakaa,7,32.63%,30.95%,6.10%,5.16%,27.80%,41.61%,54.17%,5.92,1.93,554,553.1
hard,300,Beibit Zhukayev,19,31.99%,32.47%,10.88%,4.53%,24.78%,41.99%,31.96%,6.28,2.01,275,274.4
hard,746,Ben Jones,5,30.52%,31.46%,10.06%,3.25%,23.78%,40.65%,42.86%,6.04,1.84,402,468.2
hard,10,Ben Shelton,27,31.72%,32.62%,8.64%,2.85%,23.70%,46.76%,37.04%,6.2,1.97,39,84.1
hard,70,Benjamin Bonzi,29,34.36%,35.84%,10.09%,3.32%,25.90%,50.36%,35.11%,6.27,2.16,104,166.8
hard,506,Benjamin Hassan,18,35.08%,34.60%,6.68%,4.26%,28.33%,45.66%,40.20%,6.09,2.14,391.5,375.4
hard,917,Benoit Paire,5,35.24%,35.76%,6.59%,2.87%,30.40%,44.26%,47.62%,6.23,2.2,217,274
hard,171,Bernard Tomic,35,37.20%,37.85%,9.55%,4.78%,29.50%,48.74%,36.97%,6.63,2.47,316,374.4
hard,155,Billy Harris,25,36.01%,35.89%,7.94%,4.64%,25.91%,50.58%,33.33%,6.68,2.41,220,260.1
hard,344,Blaise Bicknell,29,34.76%,33.97%,5.03%,3.77%,27.74%,46.93%,30.99%,6.49,2.26,325,391.7
hard,502,Blake Ellis,27,33.39%,34.37%,9.27%,3.37%,27.24%,43.80%,29.01%,6.47,2.16,322,376.4
hard,443,Bor Artnak,5,37.05%,37.24%,3.28%,1.64%,32.32%,45.79%,29.73%,6.78,2.51,437,386.8
hard,169,Borna Gojo,29,37.67%,37.30%,5.76%,4.01%,29.88%,50.30%,42.63%,6.57,2.48,245,359.6
hard,70,Botic van de Zandschulp,28,36.03%,37.10%,9.89%,4.14%,27.53%,50.12%,40.38%,6.59,2.38,42.5,57.2
hard,234,Braden Shick,17,39.39%,38.91%,5.53%,4.30%,31.51%,50.86%,49.04%,6.26,2.47,330,404.5
hard,109,Brandon Holt,15,37.78%,38.00%,9.13%,5.24%,28.44%,51.79%,38.61%,6.74,2.55,201,256.5
hard,31,Brandon Nakashima,38,33.90%,36.18%,11.99%,3.23%,25.89%,48.56%,36.71%,6.4,2.17,55,64.2
hard,251,Buvaysar Gadamauri,14,38.79%,38.09%,4.43%,3.85%,30.67%,52.45%,41.58%,6.49,2.52,300,350.1
hard,291,Calvin Hemery,26,35.60%,35.23%,6.97%,4.36%,28.28%,48.18%,38.46%,6.45,2.3,302,483.7
hard,48,Cameron Norrie,39,36.99%,39.37%,11.25%,3.38%,28.04%,51.63%,39.02%,6.6,2.44,59,82.6
hard,95,Camilo Ugo Carabelli,16,32.51%,34.86%,11.73%,2.67%,25.76%,45.30%,37.14%,6.24,2.03,58.5,56.4
hard,435,Cannon Kingsley,18,35.76%,35.93%,8.84%,4.69%,26.79%,49.80%,40.82%,6.23,2.23,283,320.9
hard,436,Carl Emil Overbeck,12,36.55%,37.79%,8.31%,3.06%,31.48%,46.40%,35.62%,6.65,2.43,422,374.6
hard,2,Carlos Alcaraz,38,39.75%,40.51%,6.60%,3.21%,32.36%,52.81%,39.12%,6.8,2.7,21,28.3
hard,14,Casper Ruud,28,35.31%,36.81%,11.89%,4.56%,25.63%,50.25%,40.41%,6.31,2.23,54,60.7
hard,320,Cedrik-Marcel Stebe,16,39.17%,39.17%,5.48%,3.52%,32.36%,50.21%,36.07%,6.76,2.65,256.5,284.4
hard,283,Charles Broom,31,38.24%,38.66%,8.69%,4.78%,29.45%,51.97%,42.86%,6.47,2.47,299,350.6
hard,191,Chris Rodesch,25,36.85%,35.93%,5.16%,4.33%,28.86%,49.22%,37.84%,6.67,2.46,196,253.3
hard,467,Christian Langmo,23,33.33%,31.97%,4.97%,4.33%,27.52%,43.83%,38.32%,6.23,2.08,352,369.8
hard,424,Christoph Negritu,12,31.59%,33.00%,10.24%,2.94%,22.62%,45.43%,30.43%,6.2,1.96,278.5,287.1
hard,64,Christopher O'Connell,21,34.08%,35.31%,10.17%,3.64%,26.76%,45.68%,40.00%,6.15,2.1,89,119.2
hard,234,Chun-Hsin Tseng,10,37.28%,36.68%,7.76%,5.44%,26.79%,53.66%,37.84%,6.34,2.36,181,180.9
hard,204,Clement Chidekh,44,41.36%,43.05%,8.29%,3.29%,34.00%,53.85%,36.90%,6.84,2.83,264,291
hard,159,Clement Tabur,20,38.01%,39.73%,8.84%,2.97%,28.94%,53.61%,44.09%,6.49,2.47,184.5,207.8
hard,108,Coleman Wong,51,36.37%,36.61%,7.07%,3.71%,29.15%,47.75%,42.57%,6.24,2.27,179,210.5
hard,511,Colin Sinclair,6,31.61%,32.32%,8.30%,2.91%,23.81%,43.93%,35.00%,6.11,1.93,313.5,450.2
hard,174,Colton Smith,23,39.69%,39.12%,3.92%,3.46%,34.52%,47.41%,41.67%,6.63,2.63,335,340.3
hard,507,Constantin Bittoun Kouzmine,11,37.10%,36.32%,6.25%,4.79%,30.38%,50.20%,40.00%,6.37,2.36,509,471.9
hard,69,Corentin Moutet,30,37.55%,37.99%,6.34%,3.17%,31.08%,49.29%,45.98%,6.18,2.32,60.5,59
hard,612,Cruz Hewitt,11,37.70%,38.66%,8.85%,4.00%,30.83%,49.35%,29.33%,6.71,2.53,313,331.9
hard,116,Dalibor Svrcina,21,45.86%,45.38%,5.62%,5.54%,35.76%,59.43%,47.50%,6.97,3.2,90,122.1
hard,87,Damir Dzumhur,17,34.56%,36.01%,10.97%,3.91%,26.63%,46.92%,37.36%,6.34,2.19,63,77
hard,224,Dan Added,45,38.77%,39.17%,7.23%,4.00%,30.75%,51.66%,43.06%,6.59,2.56,349,356.5
hard,378,Dan Martin,12,32.67%,34.50%,13.02%,4.07%,24.95%,43.05%,40.00%,6.01,1.97,385,400.6
hard,121,Dane Sweeny,33,39.92%,41.26%,8.20%,3.47%,32.60%,51.41%,41.45%,6.66,2.66,332,403.6
hard,93,Daniel Altmaier,24,32.52%,33.55%,9.75%,3.38%,22.04%,49.85%,31.54%,6.38,2.07,47.5,58.7
hard,184,Daniel Evans,5,40.58%,40.17%,7.25%,5.56%,31.05%,54.82%,38.78%,6.47,2.62,184,448.8
hard,371,Daniel Masur,15,36.40%,37.30%,9.12%,3.98%,28.36%,49.90%,38.53%,6.8,2.47,286,419
hard,296,Daniel Merida,20,43.44%,43.31%,3.96%,3.26%,35.39%,57.11%,49.67%,6.38,2.77,219.5,214.7
hard,302,Daniel Michalski,12,39.18%,38.94%,5.51%,3.91%,32.43%,49.01%,47.06%,6.32,2.47,297,296
hard,325,Daniel Milavsky,23,36.37%,35.88%,6.54%,4.43%,27.45%,49.14%,41.30%,6.19,2.25,370,470.1
hard,207,Daniel Rincon,13,40.99%,40.13%,3.42%,3.73%,33.98%,52.38%,43.81%,6.58,2.7,244,313.4
hard,167,Daniil Glinka,38,36.82%,37.32%,6.90%,3.31%,28.71%,49.95%,39.41%,6.46,2.38,248.5,373.1
hard,6,Daniil Medvedev,42,41.13%,41.57%,4.19%,2.22%,35.12%,52.42%,42.39%,6.58,2.71,44.5,60.3
hard,226,Darwin Blanch,32,35.38%,35.63%,7.08%,3.52%,28.75%,46.77%,35.82%,6.42,2.27,247.5,291.9
hard,236,David Goffin,13,37.97%,38.83%,9.25%,4.48%,29.72%,49.53%,34.82%,6.67,2.53,68,78.5
hard,188,David Jorda Sanchis,7,37.62%,36.16%,1.19%,2.97%,33.71%,46.45%,32.00%,6.47,2.44,316,426.7
hard,58,Denis Shapovalov,29,39.12%,37.80%,3.17%,4.05%,30.69%,53.04%,39.06%,6.45,2.52,65,98
hard,441,Denis Yevseyev,18,41.34%,40.14%,4.99%,5.35%,33.37%,52.58%,37.04%,6.71,2.78,336,454.8
hard,436,Dhakshineswar Suresh,20,31.79%,32.30%,7.84%,2.99%,23.79%,45.45%,37.50%,6.23,1.98,168,240.4
hard,551,Digvijaypratap Singh,6,27.11%,28.29%,10.45%,2.49%,18.33%,41.72%,20.83%,6,1.63,326,359.2
hard,375,Dimitar Kuzmanov,26,41.10%,41.27%,5.20%,3.37%,36.48%,48.67%,46.45%,6.24,2.56,313.5,333.3
hard,84,Dino Prizmic,10,34.28%,34.64%,7.15%,3.24%,27.04%,46.55%,32.31%,6.56,2.25,117,103.3
hard,652,Dmitry Popko,10,38.21%,37.54%,4.46%,3.77%,30.95%,51.37%,37.50%,6.46,2.47,423.5,409.6
hard,357,Dominic Stricker,8,36.12%,38.60%,11.67%,3.30%,27.76%,52.26%,43.24%,6.14,2.22,219.5,251.1
hard,498,Dominik Palan,14,34.12%,31.42%,5.26%,6.35%,25.62%,48.42%,30.77%,6.6,2.25,559.5,812.4
hard,307,Duje Ajdukovic,22,38.14%,39.02%,6.70%,2.85%,31.27%,49.92%,50.00%,6.24,2.38,266,315.1
hard,1789,Duncan Chan,11,36.79%,34.73%,4.05%,5.31%,29.72%,47.19%,50.00%,6.38,2.35,247,272.9
hard,152,Dusan Lajovic,5,33.33%,33.60%,9.72%,4.51%,22.62%,48.33%,33.33%,6.26,2.09,145,168
hard,225,Edas Butvilas,29,40.42%,39.80%,4.48%,3.99%,33.60%,51.18%,41.55%,6.66,2.69,300,359.5
hard,391,Edward Winter,26,40.31%,39.09%,5.15%,5.31%,30.47%,54.70%,36.61%,6.64,2.68,403,474.8
hard,486,Eero Vasa,5,38.12%,36.00%,4.42%,5.80%,29.51%,46.93%,50.00%,6.03,2.3,230,457.4
hard,314,Eliakim Coulibaly,29,39.71%,39.22%,5.27%,4.20%,29.56%,52.86%,50.27%,6.27,2.49,423,486.3
hard,182,Elias Ymer,19,38.51%,38.32%,6.62%,4.41%,29.16%,52.99%,41.79%,6.33,2.44,309,347
hard,91,Eliot Spizzirri,18,36.17%,38.39%,10.67%,3.06%,28.46%,50.75%,43.64%,6.57,2.38,84.5,121.3
hard,190,Elmer Moller,5,28.87%,29.32%,9.15%,3.17%,22.29%,39.45%,80.00%,6.17,1.78,151,146
hard,547,Emil Ruusuvuori,11,31.48%,34.95%,16.92%,3.75%,23.34%,46.36%,41.67%,6.27,1.97,157,149.7
hard,86,Emilio Nava,5,31.93%,30.93%,5.59%,3.96%,26.78%,43.28%,22.73%,6.7,2.14,48,99.8
hard,323,Enrico Dalla Valle,5,38.92%,36.50%,5.14%,6.76%,31.22%,50.34%,32.43%,6.85,2.67,439,477.8
hard,623,Erik Arutiunian,5,34.87%,35.64%,6.91%,2.63%,22.75%,49.64%,37.50%,6.33,2.21,423,398.4
hard,47,Ethan Quinn,19,32.24%,33.25%,9.80%,3.37%,26.44%,42.89%,37.84%,5.67,1.83,68,99.9
hard,607,Evan Zhu,6,28.25%,26.06%,7.63%,5.65%,21.89%,36.60%,50.00%,5.71,1.61,180,257
hard,61,Fabian Marozsan,23,34.67%,36.05%,9.71%,3.31%,24.95%,49.78%,38.58%,6.21,2.15,38,65.1
hard,351,Fabrizio Andaloro,5,40.82%,40.71%,6.65%,4.75%,34.86%,48.23%,42.50%,6.45,2.63,334,347.2
hard,107,Facundo Diaz Acosta,5,41.14%,39.68%,4.57%,5.43%,31.84%,53.69%,40.00%,7,2.88,485,575.8
hard,332,Facundo Mena,6,33.11%,33.50%,7.24%,3.07%,25.44%,46.15%,30.30%,6.33,2.1,365.5,351.2
hard,324,Fajing Sun,41,38.06%,39.65%,10.39%,4.18%,29.12%,51.66%,37.63%,6.57,2.5,335,397.9
hard,191,Federico Agustin Gomez,13,37.76%,37.17%,4.11%,3.36%,31.71%,48.21%,37.00%,6.73,2.54,362,415.2
hard,481,Federico Arnaboldi,5,37.04%,39.84%,10.88%,2.55%,29.28%,49.11%,36.59%,6.17,2.29,207,186
hard,184,Federico Cina,17,38.55%,37.99%,4.95%,3.94%,30.07%,52.83%,43.14%,6.35,2.45,346,340.3
hard,607,Federico Iannaccone,5,43.09%,40.67%,4.61%,7.24%,38.46%,48.89%,65.52%,5.96,2.57,439,624.8
hard,29,Felix Auger-Aliassime,46,35.66%,36.32%,7.24%,3.09%,28.93%,47.83%,36.30%,6.62,2.36,43,62
hard,220,Felix Gill,10,34.46%,34.82%,7.57%,3.49%,27.11%,47.28%,21.43%,6.66,2.29,289.5,277.3
hard,81,Filip Misolic,9,34.17%,35.82%,11.65%,3.94%,25.81%,48.31%,20.75%,6.83,2.33,71,126.2
hard,488,Filip Peliwo,7,35.41%,34.63%,8.13%,5.50%,25.29%,51.55%,38.46%,6.33,2.24,322,334.7
hard,487,Filippo Moroni,5,46.90%,46.53%,5.31%,5.31%,41.67%,54.81%,53.19%,5.84,2.74,376,415.6
hard,300,Filippo Romano,9,35.96%,35.39%,3.18%,2.63%,27.71%,50.57%,37.50%,6.57,2.36,401,423.2
hard,9,Flavio Cobolli,33,34.05%,34.69%,7.51%,3.01%,25.90%,46.79%,35.18%,6.36,2.17,58,74.8
hard,247,Florent Bax,18,34.94%,33.50%,6.48%,5.42%,26.77%,48.04%,30.36%,6.51,2.27,361,380.6
hard,20,Frances Tiafoe,29,34.40%,38.01%,14.42%,3.01%,25.96%,50.07%,45.58%,6.15,2.11,53,75.2
hard,149,Francesco Maestrelli,18,35.86%,36.31%,5.49%,2.41%,28.84%,49.16%,41.24%,6.33,2.27,258,282.3
hard,220,Francesco Passaro,19,33.06%,33.39%,9.41%,4.23%,23.81%,47.87%,37.04%,6.3,2.08,217,257.7
hard,23,Francisco Cerundolo,24,38.22%,38.26%,5.89%,3.59%,30.75%,50.14%,41.82%,6.38,2.44,43,64.3
hard,91,Francisco Comesana,14,34.84%,34.93%,7.58%,3.94%,26.93%,50.29%,44.62%,6.12,2.13,49,80.1
hard,235,Frederico Ferreira Silva,31,42.47%,42.85%,6.53%,4.24%,35.02%,54.20%,43.53%,6.68,2.84,265,336.2
hard,,Gabriel Debru,5,42.30%,40.10%,2.07%,5.06%,35.36%,52.91%,41.07%,6.49,2.75,507,475.2
hard,87,Gabriel Diallo,28,33.13%,33.05%,7.25%,3.70%,26.13%,46.20%,42.86%,6.26,2.07,68,170.7
hard,373,Gabriele Piraino,6,35.25%,35.55%,8.87%,4.43%,26.13%,51.22%,50.00%,6.26,2.21,251.5,276.3
hard,52,Gael Monfils,9,37.85%,38.05%,6.37%,3.59%,31.33%,48.43%,37.50%,6.49,2.46,60,77
hard,375,Garrett Johns,18,36.67%,36.32%,6.07%,4.02%,30.73%,45.70%,32.58%,6.69,2.45,313,345.2
hard,178,Gauthier Onclin,21,41.55%,43.67%,11.00%,4.75%,30.40%,57.40%,38.51%,6.92,2.87,266,319.9
hard,390,Geoffrey Blancaneaux,13,34.74%,36.47%,8.53%,2.16%,27.31%,49.46%,41.51%,6.26,2.17,229,243.8
hard,247,George Loffhagen,13,40.93%,40.91%,5.62%,3.92%,34.68%,51.58%,44.21%,6.46,2.64,300,331
hard,258,Giles Hussey,27,39.68%,38.26%,4.58%,5.14%,32.65%,50.50%,44.32%,6.25,2.48,395,516.1
hard,230,Gilles Arnaud Bailly,12,38.06%,38.84%,8.64%,4.20%,30.21%,51.29%,48.00%,5.99,2.28,292,318.2
hard,91,Giovanni Mpetshi Perricard,32,26.55%,27.22%,10.24%,2.91%,21.99%,35.29%,32.04%,5.92,1.57,57.5,78.5
hard,153,Giulio Zeppieri,16,34.09%,34.56%,8.69%,3.87%,27.09%,46.81%,38.46%,6.16,2.1,187,251.5
hard,146,Grigor Dimitrov,8,32.66%,33.33%,11.73%,4.86%,22.45%,52.20%,36.84%,6.22,2.03,59.5,57.6
hard,568,Guillaume Dalmasso,6,31.82%,27.10%,6.17%,8.77%,22.47%,44.62%,32.00%,5.92,1.88,509,496.3
hard,195,Guy Den Ouden,11,39.80%,40.43%,5.60%,2.74%,30.82%,52.91%,47.83%,6.87,2.74,281,329
hard,73,Hamad Medjedovic,16,31.45%,35.25%,15.89%,2.78%,21.80%,46.44%,32.84%,6.39,2.01,45.5,67.9
hard,332,Hamish Stewart,24,38.32%,37.05%,3.79%,4.24%,31.82%,48.70%,37.06%,6.77,2.59,386,516.5
hard,255,Harold Mayot,28,41.80%,41.49%,4.85%,3.97%,34.77%,52.78%,39.92%,6.98,2.92,300,336.1
hard,205,Harry Wendelken,40,43.87%,44.68%,6.63%,3.90%,36.00%,57.03%,42.90%,6.67,2.93,329,366.1
hard,309,Hayato Matsuoka,37,37.56%,37.69%,5.98%,3.40%,29.17%,50.79%,37.92%,6.62,2.49,343,365.8
hard,214,Henri Squire,9,33.57%,36.30%,10.53%,1.71%,27.02%,45.90%,35.56%,6.57,2.21,304,288.1
hard,123,Henrique Rocha,14,36.99%,35.78%,4.04%,4.15%,30.99%,46.19%,42.86%,6.03,2.23,247.5,300.3
hard,408,Henry Bernet,6,33.11%,32.23%,7.95%,5.08%,24.91%,45.11%,38.46%,6.12,2.03,154.5,163.2
hard,273,Henry Searle,9,35.98%,36.80%,6.17%,2.29%,28.53%,49.75%,38.30%,6.3,2.27,334,358.7
hard,442,Hikaru Shiraishi,7,35.56%,36.36%,9.40%,4.10%,26.90%,50.23%,44.44%,6.36,2.26,398,327.9
hard,507,Hiroki Moriya,18,39.42%,41.83%,9.35%,2.59%,31.87%,51.80%,39.85%,6.65,2.62,330.5,395.5
hard,11,Holger Rune,13,39.19%,40.69%,8.05%,2.99%,32.29%,51.38%,40.59%,6.74,2.64,63,70.3
hard,18,Hubert Hurkacz,14,31.81%,32.86%,9.65%,3.15%,25.35%,42.25%,36.54%,6.12,1.95,35.5,53.2
hard,109,Hugo Gaston,32,39.48%,39.89%,7.73%,4.45%,29.66%,55.28%,39.33%,6.39,2.52,179,194.9
hard,221,Hugo Grenier,27,37.50%,38.27%,7.21%,3.22%,31.69%,47.05%,44.00%,6.28,2.36,261,277
hard,644,Hyeon Chung,17,41.96%,42.20%,6.01%,3.98%,32.96%,54.21%,43.48%,6.92,2.9,288,338.7
hard,268,Hynek Barton,16,39.94%,38.32%,2.63%,4.26%,33.12%,50.29%,36.09%,6.87,2.74,241.5,337.9
hard,33,Ignacio Buse,7,34.18%,32.90%,5.30%,4.52%,27.27%,46.93%,31.43%,6.36,2.17,76,93.6
hard,318,Igor Marcondes,5,36.67%,36.88%,8.00%,4.33%,33.33%,43.43%,43.48%,6.38,2.34,227,240
hard,304,Ilia Simakin,30,37.84%,37.22%,5.06%,3.99%,30.62%,49.42%,42.77%,6.44,2.44,319,369.9
hard,406,Ilya Ivashka,24,42.13%,41.87%,6.07%,4.83%,34.32%,54.69%,39.66%,6.98,2.94,350,397
hard,272,Inaki Montes-De La Torre,15,40.95%,40.10%,4.57%,4.48%,34.64%,51.23%,41.96%,6.62,2.71,294,329.5
hard,351,Ioannis Xilas,20,44.55%,42.93%,3.86%,5.75%,35.06%,58.79%,46.39%,6.64,2.96,325.5,377.4
hard,263,Ivan Gakhov,9,35.09%,36.36%,10.23%,3.84%,22.54%,53.31%,45.10%,6.18,2.17,347,351.2
hard,369,Ivan Marrero Curbelo,6,41.81%,42.03%,6.47%,4.31%,32.29%,57.39%,32.76%,7.03,2.94,1026,1084.8
hard,585,Izan Almazan Valiente,5,37.37%,37.22%,5.67%,3.61%,30.68%,49.64%,36.59%,6.69,2.5,271,288.6
hard,563,J.J. Wolf,11,40.28%,41.53%,11.00%,5.67%,30.66%,52.65%,46.48%,6.7,2.7,328,298.8
hard,143,Jack Draper,10,34.94%,37.45%,11.85%,3.09%,28.12%,48.87%,40.98%,6.43,2.25,56.5,85.5
hard,389,Jack Kennedy,7,40.75%,42.13%,11.85%,6.24%,27.84%,57.69%,45.83%,6.41,2.61,276,305
hard,172,Jack Pinnington Jones,22,38.58%,40.26%,9.50%,3.59%,29.87%,52.03%,51.40%,6.11,2.36,281.5,273.7
hard,86,Jacob Fearnley,28,37.16%,37.98%,8.06%,3.62%,28.66%,50.62%,43.20%,6.5,2.41,102.5,149.1
hard,307,Jacopo Berrettini,7,39.74%,38.82%,4.70%,4.49%,32.87%,50.55%,36.17%,6.59,2.62,304,308.3
hard,79,Jaime Faria,8,38.77%,37.85%,6.15%,5.23%,32.21%,50.43%,36.92%,6.77,2.62,175,185.9
hard,503,Jake Delaney,10,29.50%,30.49%,9.29%,2.65%,23.57%,40.25%,24.32%,6.11,1.8,402.5,432.6
hard,17,Jakub Mensik,35,37.02%,37.65%,7.00%,3.21%,29.91%,49.09%,36.67%,6.62,2.45,47,84.2
hard,522,Jakub Paul,7,41.76%,38.53%,3.56%,7.49%,30.96%,53.75%,43.28%,6.28,2.62,445,397.6
hard,94,James Duckworth,38,35.11%,36.42%,9.78%,3.54%,26.68%,49.01%,34.47%,6.4,2.25,171,220
hard,240,James McCabe,38,36.00%,34.96%,4.30%,3.90%,30.77%,45.48%,36.89%,6.45,2.32,342,404
hard,442,James Trotter,22,33.25%,32.91%,6.49%,3.70%,27.88%,42.43%,31.62%,6.41,2.13,337.5,380.5
hard,717,James Watt,5,36.74%,35.58%,5.25%,4.70%,32.75%,43.61%,28.57%,6.83,2.51,198,287.8
hard,88,Jan Choinski,7,33.09%,36.84%,13.38%,1.86%,25.59%,45.96%,38.24%,6.11,2.02,150,193.9
hard,42,Jan-Lennard Struff,28,35.61%,36.85%,10.13%,3.93%,26.62%,50.22%,34.52%,6.51,2.32,94,122.4
hard,1,Jannik Sinner,46,41.20%,42.16%,7.72%,3.97%,32.89%,56.21%,42.98%,6.62,2.73,23,30.3
hard,1107,Jason Jung,9,37.23%,37.68%,8.31%,4.31%,30.45%,48.37%,46.30%,6.31,2.35,347,343.2
hard,179,Jason Kubler,9,35.70%,36.38%,11.03%,5.23%,25.60%,52.22%,42.11%,6.08,2.17,313,373
hard,43,Jaume Munar,30,37.21%,37.66%,6.95%,3.48%,29.14%,50.55%,44.27%,6.24,2.32,35,56.5
hard,373,Javier Barranco Cosano,7,38.16%,38.54%,4.83%,2.42%,32.31%,48.05%,38.46%,6.27,2.39,264,439.3
hard,239,Jay Clarke,18,38.10%,38.55%,6.11%,3.09%,31.55%,48.78%,39.34%,6.6,2.52,457,516.2
hard,376,Jay Friend,28,38.72%,37.52%,4.91%,4.86%,29.60%,51.70%,38.14%,6.81,2.64,329.5,325.5
hard,1091,Jenson Brooksby,25,37.18%,37.77%,6.62%,3.07%,28.86%,51.67%,37.13%,6.58,2.45,31,82.6
hard,198,Jerome Kym,11,34.32%,36.98%,12.25%,2.97%,26.12%,50.67%,32.86%,5.84,2.01,120,178.3
hard,98,Jesper de Jong,16,34.39%,36.08%,9.85%,2.92%,25.86%,49.09%,45.00%,6.34,2.18,62.5,147.7
hard,470,Jie Cui,20,35.41%,36.15%,10.38%,4.73%,26.63%,49.40%,39.84%,6.29,2.23,310,371.9
hard,12,Jiri Lehecka,37,37.10%,37.98%,8.86%,4.01%,29.40%,50.55%,33.73%,6.66,2.47,53,86.9
hard,27,Joao Fonseca,21,35.70%,36.42%,9.16%,4.11%,27.21%,50.00%,42.50%,6.32,2.26,24,40.1
hard,183,Joel Schwaerzler,15,35.49%,36.81%,8.28%,2.73%,26.51%,50.86%,36.26%,6.28,2.23,289,323.6
hard,315,Johannus Monday,33,34.67%,36.50%,11.02%,3.45%,26.75%,47.23%,42.68%,6.31,2.19,316,347
hard,314,Jonas Forejtek,7,33.67%,35.51%,8.82%,2.00%,27.57%,46.84%,41.94%,6.24,2.1,235,285.9
hard,113,Jordan Thompson,15,35.97%,36.14%,7.37%,3.91%,28.88%,49.61%,29.00%,6.62,2.38,195,251.8
hard,157,Juan Carlos Prado Angelo,6,38.30%,38.23%,4.02%,2.60%,30.40%,49.71%,54.84%,6.13,2.35,327,419.4
hard,52,Juan Manuel Cerundolo,15,38.49%,37.62%,4.74%,4.26%,29.46%,53.47%,36.36%,6.46,2.49,145,193.3
hard,273,Juan Pablo Ficovich,14,36.76%,34.60%,6.14%,6.55%,25.95%,51.81%,47.50%,6.13,2.25,357.5,414.4
hard,270,Juncheng Shang,16,33.85%,36.12%,12.35%,3.43%,26.02%,47.84%,40.74%,6.21,2.1,42.5,82.1
hard,136,Jurij Rodionov,41,40.10%,40.67%,6.83%,3.72%,31.16%,53.57%,42.86%,6.81,2.73,287,320.8
hard,393,Justin Boulais,24,38.27%,37.93%,5.65%,3.99%,29.75%,52.64%,39.86%,6.49,2.48,325,350.6
hard,190,Justin Engel,28,35.09%,36.42%,10.08%,3.68%,27.20%,48.68%,35.86%,6.59,2.31,175,259.8
hard,259,Kaichi Uchida,36,34.57%,36.99%,12.11%,3.26%,24.83%,49.14%,44.25%,6.16,2.13,260.5,319.3
hard,117,Kamil Majchrzak,27,35.80%,37.59%,12.55%,4.70%,25.73%,52.93%,36.52%,6.48,2.32,52,66.7
hard,554,Karan Singh,17,31.13%,31.29%,8.91%,3.82%,23.37%,44.02%,26.03%,6.24,1.94,359,396.8
hard,39,Karen Khachanov,22,34.15%,34.81%,7.84%,3.17%,25.89%,47.25%,40.48%,6.49,2.22,73.5,86.7
hard,518,Karim Bennani,5,35.49%,34.53%,8.33%,5.86%,22.03%,51.70%,30.00%,6.23,2.21,420,449
hard,611,Karl Poling,9,37.02%,37.76%,9.25%,4.42%,30.70%,46.98%,32.31%,6.7,2.48,335,481.3
hard,421,Kasidit Samrej,15,34.47%,35.71%,10.59%,3.95%,28.19%,45.34%,33.78%,6.67,2.3,195,308.1
hard,664,Kaylan Bigun,6,33.43%,35.35%,10.26%,2.64%,25.75%,50.00%,17.86%,6.56,2.19,327,309.3
hard,831,Keegan Rice,10,40.05%,39.83%,5.40%,3.95%,34.17%,50.00%,51.43%,6.07,2.43,242.5,368.3
hard,209,Keegan Smith,37,34.77%,34.58%,6.60%,3.78%,27.13%,47.26%,36.00%,6.53,2.27,346.5,375.5
hard,721,Kei Nishikori,9,35.88%,36.70%,8.12%,3.41%,30.81%,42.86%,45.65%,6.22,2.23,190,208.2
hard,602,Kenta Miyoshi,12,45.21%,44.88%,3.92%,3.81%,37.94%,55.81%,45.22%,6.47,2.93,336.5,361.5
hard,1340,Khololwam Montsi,5,44.42%,43.50%,5.96%,6.20%,36.40%,56.10%,44.00%,7.07,3.14,584,486.4
hard,199,Kimmer Coppejans,18,42.10%,42.49%,5.89%,3.68%,34.82%,53.85%,38.46%,6.76,2.85,272.5,303.7
hard,478,Koki Matsuda,8,36.68%,36.48%,5.76%,3.62%,29.89%,47.83%,42.00%,6.54,2.4,322,387.6
hard,534,Kokoro Isomura,16,33.99%,36.03%,13.03%,4.15%,25.15%,47.93%,37.33%,6.3,2.14,228.5,313.8
hard,962,Kriish Tyagi,6,37.02%,38.52%,10.38%,4.06%,31.41%,46.39%,42.50%,6.24,2.31,481.5,517
hard,270,Kyrian Jacquet,24,40.15%,40.09%,7.11%,4.87%,31.11%,54.53%,42.31%,6.51,2.61,160,203.3
hard,221,Laslo Djere,8,33.49%,34.11%,10.09%,4.28%,23.84%,49.79%,34.29%,6.88,2.31,147.5,145.6
hard,473,Laurent Lokoli,12,39.06%,39.85%,7.11%,3.39%,32.86%,49.28%,38.64%,6.72,2.62,378.5,373.2
hard,213,Lautaro Midon,5,44.83%,44.25%,3.71%,3.98%,37.91%,53.61%,51.22%,6.73,3.02,272,383.4
hard,117,Leandro Riedi,21,39.90%,40.09%,6.71%,4.17%,30.97%,54.25%,33.92%,6.97,2.78,175,245.2
hard,19,Learner Tien,40,37.64%,39.31%,8.52%,2.75%,29.38%,51.97%,40.57%,6.36,2.39,46.5,65.7
hard,549,Leo Borg,8,38.09%,38.48%,7.32%,3.94%,28.48%,52.86%,42.00%,6.42,2.45,447,439.5
hard,651,Leo Vithoontien,7,32.91%,34.64%,10.62%,2.97%,26.21%,45.68%,39.39%,6.2,2.04,551,543.6
hard,350,Li Tu,19,35.42%,35.91%,8.29%,3.87%,28.01%,48.76%,35.19%,6.54,2.32,366,461.9
hard,202,Liam Broady,31,42.83%,43.21%,5.62%,3.60%,34.36%,57.06%,41.64%,6.68,2.86,263,318.3
hard,246,Liam Draxl,32,40.01%,41.11%,8.33%,3.94%,31.39%,52.16%,36.73%,6.94,2.78,291.5,395.4
hard,186,Lloyd Harris,19,38.86%,38.83%,4.44%,2.87%,32.42%,49.40%,45.45%,6.6,2.56,276,257
hard,477,Lorenzo Carboni,6,39.23%,37.80%,4.42%,4.97%,30.74%,54.20%,37.84%,6.7,2.63,296.5,375.2
hard,201,Lorenzo Giustino,18,39.20%,38.27%,4.21%,4.13%,33.29%,49.47%,43.44%,6.51,2.55,287.5,310.3
hard,13,Lorenzo Musetti,40,37.17%,38.62%,8.12%,2.74%,28.21%,53.20%,40.44%,6.32,2.35,43.5,55.9
hard,88,Lorenzo Sonego,21,34.90%,34.20%,5.41%,3.88%,27.54%,47.39%,34.78%,6.45,2.25,54,102
hard,435,Luca Castelnuovo,12,35.14%,35.35%,9.36%,4.78%,26.79%,49.03%,28.38%,6.82,2.4,377,372.5
hard,173,Luca Nardi,20,36.69%,38.54%,8.39%,2.24%,29.13%,49.61%,38.35%,6.34,2.33,139.5,154.4
hard,425,Luca Potenza,11,39.01%,41.47%,10.86%,3.49%,32.24%,49.83%,36.36%,6.72,2.62,348,460.3
hard,129,Luca Van Assche,21,39.74%,40.57%,7.84%,3.95%,30.59%,54.23%,49.60%,6.52,2.59,189,196.2
hard,439,Lucas Poullain,13,38.69%,38.47%,5.63%,3.87%,29.22%,52.77%,36.78%,6.37,2.46,273,279.5
hard,22,Luciano Darderi,22,34.64%,37.56%,12.92%,3.10%,25.57%,50.88%,46.02%,6.05,2.1,88,90.9
hard,195,Luka Mikrut,5,38.52%,38.50%,6.46%,4.07%,29.29%,57.25%,35.14%,6.74,2.6,519,605.4
hard,208,Luka Pavlovic,13,35.07%,34.53%,5.67%,3.82%,27.87%,47.62%,38.89%,6.04,2.12,232,297.3
hard,150,Lukas Klein,10,32.01%,33.28%,9.96%,3.05%,25.48%,42.91%,32.61%,6.33,2.03,208,223.7
hard,173,Lukas Neumayer,12,36.40%,38.45%,12.13%,4.24%,29.05%,49.04%,43.84%,6.53,2.38,271.5,295.2
hard,145,Mackenzie McDonald,22,35.35%,37.06%,12.24%,4.50%,23.60%,53.05%,40.32%,6.25,2.21,104.5,120.9
hard,518,Mae Malige,13,39.08%,39.38%,6.19%,3.52%,30.91%,50.58%,45.07%,6.54,2.56,274,331.2
hard,233,Maks Kasnikowski,21,38.03%,38.72%,8.75%,4.41%,29.50%,51.58%,47.97%,6.41,2.44,354,431.9
hard,372,Manas Dhamne,12,38.37%,39.28%,7.30%,3.22%,30.61%,50.31%,46.27%,6.26,2.4,298,406.8
hard,737,Manish Sureshkumar,7,34.83%,34.17%,9.48%,5.92%,26.67%,49.34%,33.33%,6.3,2.19,293,474.9
hard,381,Marat Sharipov,19,36.39%,37.61%,8.57%,3.22%,27.77%,49.32%,30.89%,6.75,2.46,227,250.1
hard,366,Marc Polmans,10,32.98%,33.28%,10.32%,4.69%,24.68%,46.48%,38.18%,6.07,2,349.5,387.2
hard,297,Marc-Andrea Huesler,24,33.71%,34.10%,8.51%,3.81%,23.81%,50.22%,29.84%,6.4,2.16,261.5,368.2
hard,45,Marcos Giron,36,36.34%,37.90%,9.85%,3.51%,28.07%,52.87%,41.15%,6.3,2.29,51.5,92.2
hard,336,Marek Gengel,27,38.98%,39.76%,7.90%,3.92%,29.95%,52.70%,42.56%,6.35,2.48,301,355.7
hard,46,Mariano Navone,19,39.32%,39.08%,4.75%,3.45%,32.15%,50.25%,43.45%,6.43,2.53,69,128.7
hard,182,Marin Cilic,25,31.14%,33.97%,13.73%,2.78%,19.84%,49.85%,39.13%,6.14,1.91,47,88.4
hard,189,Mark Lajal,46,38.11%,38.05%,6.05%,3.82%,30.03%,50.24%,39.52%,6.49,2.47,223.5,273.3
hard,348,Marko Topo,7,33.62%,34.39%,8.03%,3.04%,24.15%,50.30%,36.11%,5.99,2.01,157,173.9
hard,326,Martin Damm,35,33.26%,34.23%,9.28%,3.35%,26.18%,45.28%,34.85%,6.24,2.08,263,287.8
hard,261,Martin Krumich,8,35.86%,36.97%,8.69%,3.33%,28.29%,49.74%,42.86%,6.08,2.18,276,292.4
hard,143,Martin Landaluce,30,37.27%,37.13%,7.38%,4.58%,27.56%,52.96%,40.00%,6.44,2.4,161.5,184.5
hard,100,Marton Fucsovics,30,39.26%,39.62%,5.64%,3.11%,32.01%,50.87%,36.71%,6.55,2.57,80,112.1
hard,418,Masamichi Imamura,19,40.34%,41.40%,5.79%,2.28%,34.84%,49.67%,44.72%,6.46,2.61,254,327.6
hard,425,Massimo Giunta,7,32.93%,32.69%,6.45%,3.48%,27.95%,40.53%,40.00%,6.24,2.05,349,380.6
hard,254,Matej Dodig,21,33.93%,34.19%,7.34%,3.42%,26.72%,46.32%,33.04%,6.13,2.08,219,250.2
hard,377,Mathys Erhard,7,32.64%,31.34%,5.79%,4.55%,24.38%,49.38%,29.03%,6.45,2.11,300,341.7
hard,298,Mats Rosenkranz,33,38.81%,39.86%,8.87%,4.15%,31.49%,49.88%,48.66%,6.27,2.43,263,338.6
hard,748,Matt Kuhar,5,40.73%,40.74%,6.29%,4.30%,36.84%,47.32%,50.00%,6.43,2.62,490,449.6
hard,35,Matteo Arnaldi,12,33.72%,34.78%,7.23%,2.23%,27.46%,43.28%,29.33%,6.31,2.13,74.5,74.8
hard,35,Matteo Berrettini,21,32.96%,33.57%,7.25%,2.75%,28.48%,42.36%,38.24%,6.15,2.03,48,60.5
hard,280,Matteo Martineau,28,34.70%,35.23%,7.28%,3.14%,28.50%,46.20%,38.41%,6.37,2.21,285.5,284.9
hard,448,Matthew Dellavedova,8,35.38%,35.70%,7.16%,3.48%,26.96%,51.18%,42.86%,6.04,2.14,506.5,488
hard,101,Mattia Bellucci,24,36.90%,37.48%,7.68%,3.68%,28.34%,51.67%,40.62%,6.3,2.33,74,88.8
hard,257,Max Basing,11,41.43%,40.99%,5.52%,4.58%,33.67%,51.93%,36.63%,6.98,2.89,373,382.7
hard,339,Max Hans Rehberg,6,39.34%,39.40%,4.06%,2.54%,33.74%,48.65%,53.12%,6.16,2.42,454.5,599.8
hard,554,Max Wiskandt,14,37.44%,36.94%,6.01%,4.30%,27.52%,53.25%,37.11%,6.32,2.37,319.5,397.8
hard,304,Maxim Mrva,22,44.67%,43.43%,2.09%,3.79%,39.74%,53.58%,52.78%,6.56,2.93,325.5,340.4
hard,211,Maxim Zhukov,5,37.53%,37.75%,6.94%,3.86%,29.83%,49.67%,31.71%,6.82,2.56,241,277.8
hard,488,Maxime Chazal,6,34.16%,35.55%,10.22%,3.49%,27.49%,45.33%,39.13%,6.37,2.17,566.5,525
hard,572,Maxime Janvier,8,35.74%,35.42%,5.83%,3.68%,28.17%,47.29%,40.00%,6.52,2.33,189,267.6
hard,419,Maximus Jones,31,37.56%,37.88%,6.76%,3.61%,29.82%,50.28%,42.33%,6.45,2.42,360,397.7
hard,471,Mees Rottgering,8,36.40%,37.77%,9.19%,3.38%,28.49%,50.79%,42.86%,6.06,2.2,309,339.9
hard,298,Mert Alkaya,18,37.76%,36.68%,5.33%,4.79%,30.05%,49.51%,44.25%,6.47,2.44,348.5,478.8
hard,794,Micah Braswell,7,36.53%,35.16%,4.18%,4.38%,27.80%,53.01%,36.00%,6.39,2.33,291,291.4
hard,342,Michael Geerts,33,36.94%,38.03%,9.30%,3.95%,29.45%,49.16%,40.00%,6.49,2.4,300,345.6
hard,187,Michael Mmoh,39,40.04%,40.16%,5.77%,3.68%,32.00%,52.43%,44.89%,6.58,2.64,331,449.4
hard,754,Michael Zheng,24,42.58%,42.05%,5.60%,4.97%,33.58%,56.99%,43.48%,6.51,2.77,251,261
hard,267,Michele Ribecai,5,33.33%,35.02%,10.84%,3.25%,23.97%,51.18%,52.17%,6.05,2.02,305,337.6
hard,286,Miguel Damas,5,38.51%,40.68%,8.78%,2.36%,32.97%,47.75%,42.31%,6.17,2.38,268,282.8
hard,473,Miguel Tobon,9,33.65%,33.38%,6.59%,3.71%,25.94%,46.21%,43.48%,6.33,2.13,301,383.8
hard,415,Mika Brunold,12,38.95%,39.22%,3.79%,2.00%,32.85%,50.77%,37.37%,6.55,2.55,286,325.5
hard,281,Mikhail Kukushkin,36,39.37%,40.97%,9.82%,4.11%,28.77%,57.28%,41.39%,6.61,2.6,246,301.2
hard,714,Millen Hurrion,5,31.58%,29.32%,4.97%,5.26%,20.30%,47.86%,25.00%,6.45,2.04,476,398.8
hard,461,Milos Karol,8,33.18%,32.72%,6.61%,3.90%,26.23%,45.61%,40.91%,6.66,2.21,226.5,288
hard,55,Miomir Kecmanovic,34,37.29%,39.83%,13.02%,4.39%,26.67%,55.04%,40.00%,6.56,2.45,53.5,91.1
hard,364,Mitchell Krueger,24,40.27%,40.75%,7.12%,4.09%,33.24%,50.07%,39.89%,6.7,2.7,356.5,352.4
hard,545,Mitsuki Wei Kang Leong,11,36.90%,37.08%,5.47%,2.93%,30.56%,46.23%,37.50%,6.44,2.38,369,408.8
hard,425,Moerani Bouzige,18,31.80%,31.86%,10.60%,4.87%,22.99%,45.93%,33.33%,6.19,1.97,329,319.3
hard,151,Moez Echargui,26,38.52%,37.97%,8.22%,5.92%,29.85%,50.86%,40.22%,6.43,2.48,212.5,288.3
hard,213,Moise Kouame,13,37.07%,37.99%,6.91%,2.74%,29.79%,49.36%,35.44%,6.4,2.37,153,183.7
hard,517,Mukund Sasikumar,12,35.06%,36.07%,8.55%,3.25%,27.09%,49.69%,31.94%,6.55,2.3,378,467.5
hard,285,Murphy Cassone,40,36.63%,37.53%,7.73%,3.19%,28.08%,50.44%,46.41%,6.22,2.28,265,325.5
hard,961,Naoya Honda,8,40.60%,40.42%,4.75%,3.51%,36.16%,47.91%,35.59%,6.86,2.78,378.5,435.6
hard,425,Neil Oberleitner,9,34.12%,35.29%,7.66%,2.37%,29.24%,42.23%,34.15%,6.23,2.12,244,322.8
hard,131,Nicolai Budkov Kjaer,36,37.42%,39.04%,8.17%,2.57%,29.53%,52.36%,40.76%,6.44,2.41,153.5,219.6
hard,718,Nicolas Arseneault,5,34.39%,34.81%,7.14%,3.17%,26.86%,47.79%,50.00%,6,2.06,318,382.6
hard,155,Nicolas Jarry,5,32.21%,32.53%,9.61%,4.16%,23.48%,45.16%,14.81%,6.64,2.14,91,127.2
hard,223,Nicolas Mejia,31,36.65%,36.86%,7.44%,4.01%,29.95%,46.68%,40.34%,6.29,2.31,273,291
hard,439,Niels Visker,13,30.48%,29.19%,5.86%,4.23%,24.28%,41.64%,21.54%,6.45,1.97,302,419.5
hard,494,Nikolay Vylegzhanin,5,39.60%,39.25%,6.38%,4.70%,30.29%,52.85%,46.88%,6.21,2.46,372,514.4
hard,133,Nikoloz Basilashvili,14,34.52%,38.15%,12.66%,1.95%,26.75%,48.07%,32.86%,6.51,2.25,97.5,171.4
hard,148,Nishesh Basavareddy,14,37.37%,37.65%,11.03%,6.21%,25.91%,53.63%,41.46%,6.35,2.37,120.5,168.6
hard,423,Norbert Gombos,12,37.24%,38.05%,6.90%,2.93%,28.50%,52.44%,41.25%,6.5,2.42,278,308.5
hard,8,Novak Djokovic,22,36.79%,38.70%,9.71%,3.01%,29.54%,50.07%,42.07%,6.52,2.4,48.5,64.1
hard,36,Nuno Borges,32,33.24%,35.19%,11.31%,3.13%,24.46%,47.55%,32.79%,6.3,2.1,72.5,86.4
hard,357,Ognjen Milic,14,36.58%,37.68%,7.45%,2.75%,27.19%,51.64%,42.17%,6.06,2.22,360.5,455.8
hard,507,Olaf Pieczkowski,5,37.29%,34.78%,3.30%,5.61%,27.75%,50.00%,41.67%,6.73,2.51,515,558.8
hard,400,Oleg Prihodko,8,39.75%,38.37%,3.99%,4.72%,35.12%,46.98%,58.70%,6.19,2.46,420.5,445.5
hard,237,Oliver Crawford,38,37.17%,38.05%,9.50%,4.41%,28.26%,51.55%,44.13%,6.32,2.35,358.5,401.5
hard,348,Oliver Tarvet,12,37.93%,39.04%,8.98%,3.92%,28.71%,54.20%,41.10%,6.28,2.38,290,371.5
hard,386,Olle Wallin,13,34.27%,34.86%,10.56%,4.74%,26.59%,44.67%,34.33%,6.63,2.27,315,327.7
hard,520,Omar Jasika,19,35.98%,36.29%,6.91%,3.45%,27.32%,49.05%,34.48%,6.58,2.37,323,346.1
hard,1215,Orel Kimhi,7,39.69%,39.36%,5.38%,4.04%,31.64%,52.63%,43.14%,6.56,2.6,352,455.4
hard,115,Otto Virtanen,25,37.12%,37.23%,6.41%,3.62%,29.48%,49.43%,41.40%,6.38,2.37,211,237
hard,184,Pablo Carreno Busta,19,35.12%,38.02%,13.69%,3.72%,25.55%,50.00%,38.66%,6.17,2.17,84,149.2
hard,129,Pablo Llamas Ruiz,14,40.87%,40.58%,4.72%,3.72%,33.33%,52.82%,38.84%,6.92,2.83,255.5,395.4
hard,113,Patrick Kypson,31,37.67%,41.00%,13.89%,4.01%,27.33%,53.89%,48.04%,6.38,2.4,229,235.3
hard,401,Patrick Zahraj,18,37.42%,38.57%,8.04%,3.17%,30.36%,49.34%,39.45%,6.45,2.41,297,388.6
hard,679,Paul Inchauspe,9,34.90%,34.06%,5.77%,4.25%,28.30%,46.81%,38.89%,6.34,2.21,309.5,331.6
hard,325,Paul Jubb,15,42.95%,42.69%,5.56%,4.59%,35.21%,55.35%,38.78%,7.09,3.05,358,446.8
hard,243,Pavel Kotov,28,35.78%,36.11%,6.14%,2.94%,29.69%,45.73%,34.27%,6.49,2.32,229,273.2
hard,528,Pavle Marinkov,8,32.20%,37.70%,17.70%,1.88%,23.34%,48.91%,48.57%,5.84,1.88,302,311
hard,1025,Pavlos Tsitsipas,6,36.17%,34.88%,5.61%,4.99%,29.10%,45.07%,36.59%,6.68,2.42,338.5,401.3
hard,148,Pedro Martinez,14,36.26%,39.19%,14.05%,4.24%,25.26%,53.14%,35.16%,6.45,2.34,214,213.4
hard,285,Petr Bar Biryukov,29,30.71%,29.87%,7.46%,4.37%,22.56%,44.80%,39.50%,5.8,1.78,293,377.2
hard,340,Petr Brunclik,22,42.74%,42.93%,5.96%,4.13%,36.78%,52.11%,42.62%,7.21,3.08,371.5,433.6
hard,396,Petr Nesterov,5,39.22%,36.80%,2.70%,5.39%,31.23%,52.26%,30.43%,7.03,2.76,255,254.8
hard,295,Philip Henning,15,43.96%,44.03%,7.75%,5.99%,34.80%,57.92%,43.55%,6.66,2.93,423.5,549.1
hard,301,Philip Sekulic,38,37.01%,36.96%,8.77%,5.22%,28.06%,50.75%,45.28%,6.39,2.36,288,388.8
hard,232,Pierre-Hugues Herbert,15,36.40%,37.01%,6.99%,3.12%,27.89%,51.26%,36.19%,6.29,2.29,189,269.9
hard,446,Pietro Fellin,10,41.49%,39.31%,4.21%,6.32%,32.97%,54.00%,42.19%,6.71,2.78,368.5,348.6
hard,222,Pol Martin Tiffon,13,40.52%,42.00%,8.48%,3.59%,32.32%,54.28%,38.74%,6.46,2.62,249,272
hard,83,Quentin Halys,25,33.37%,35.22%,10.55%,2.88%,26.70%,44.96%,32.06%,6.42,2.14,63,104
hard,466,Quinn Vandecasteele,12,37.63%,36.35%,5.47%,5.13%,29.86%,48.37%,28.57%,7.02,2.64,263.5,348.8
hard,519,Radu Albot,10,40.03%,38.66%,5.61%,5.76%,32.56%,51.59%,32.86%,6.76,2.71,384,421
hard,15,Rafael Jodar,56,42.35%,42.25%,5.33%,4.08%,34.78%,54.12%,45.19%,6.45,2.73,178,234
hard,38,Raphael Collignon,37,37.16%,37.96%,7.28%,3.17%,29.13%,51.21%,38.52%,6.49,2.41,95,118.5
hard,410,Raphael Perot,7,37.37%,38.13%,9.86%,4.84%,28.74%,50.43%,46.34%,6.35,2.37,404,415.4
hard,231,Raul Brancaccio,9,38.15%,38.15%,5.93%,3.65%,30.19%,51.64%,35.48%,6.71,2.56,472,386
hard,150,Rei Sakamoto,27,36.91%,37.44%,7.15%,3.43%,29.36%,49.87%,39.75%,6.63,2.45,330,380.4
hard,76,Reilly Opelka,18,24.58%,23.99%,8.76%,3.53%,16.84%,39.07%,27.27%,5.86,1.44,45,48
hard,182,Remy Bertola,21,34.47%,35.50%,8.32%,2.98%,27.66%,46.78%,33.33%,6.41,2.21,194,237.9
hard,330,Renta Tokuda,19,36.46%,37.42%,8.86%,3.76%,27.88%,48.83%,40.19%,6.36,2.32,317,322.7
hard,836,Rigele Te,6,31.16%,31.62%,10.87%,4.35%,20.22%,51.02%,36.00%,6.37,1.98,353.5,458.3
hard,93,Rinky Hijikata,36,37.36%,38.60%,9.70%,4.08%,28.67%,51.26%,45.18%,6.14,2.29,155,204.1
hard,216,Rio Noguchi,51,41.11%,41.87%,6.39%,3.28%,32.82%,53.66%,47.03%,6.35,2.61,308,338.2
hard,476,Robert Strombachs,14,35.45%,36.26%,8.96%,3.82%,26.37%,50.88%,35.63%,6.66,2.36,323.5,414.9
hard,183,Roberto Bautista Agut,13,34.63%,37.02%,13.42%,4.10%,23.63%,49.88%,33.33%,6.55,2.27,63,73.8
hard,176,Roberto Carballes Baena,6,34.56%,35.78%,9.32%,3.30%,25.79%,53.01%,25.64%,6.69,2.31,130,177.8
hard,284,Robin Bertrand,25,42.21%,41.31%,4.99%,5.05%,33.30%,54.86%,42.38%,6.61,2.79,293,338.8
hard,320,Rodrigo Pacheco Mendez,24,37.55%,36.16%,9.89%,7.78%,26.63%,52.74%,39.10%,6.48,2.43,249,286
hard,132,Roman Safiullin,7,35.95%,37.04%,9.77%,4.01%,27.65%,48.07%,34.04%,6.3,2.26,104,110.3
hard,231,Ryan Peniston,18,44.26%,43.34%,3.90%,4.60%,35.60%,56.37%,46.63%,6.82,3.02,317.5,379.7
hard,995,Ryotaro Taguchi,5,29.75%,32.47%,12.34%,1.90%,24.15%,40.37%,21.74%,5.85,1.74,289,304.4
hard,565,Ryuki Matsuda,6,34.54%,34.79%,7.97%,3.86%,27.69%,46.10%,43.75%,6,2.07,524,664.5
hard,653,S D Prajwal Dev,5,28.57%,29.79%,12.50%,3.57%,23.24%,37.80%,23.81%,5.6,1.6,428,460
hard,665,Saba Purtseladze,9,29.40%,29.80%,9.09%,3.29%,24.70%,37.57%,25.00%,5.94,1.75,221,343.9
hard,349,Samir Banerjee,11,42.11%,42.05%,5.70%,4.25%,31.69%,58.86%,42.68%,6.92,2.92,333,335.2
hard,293,Sandro Kopp,8,36.73%,37.05%,5.71%,2.86%,31.63%,45.76%,38.30%,6.12,2.25,408.5,468.9
hard,369,Sanhui Shin,13,42.07%,42.76%,7.47%,4.37%,33.46%,54.67%,46.24%,6.54,2.75,383,446.2
hard,313,Sascha Gueymard Wayenburg,24,36.53%,36.61%,7.02%,3.93%,29.43%,48.12%,42.86%,6.42,2.34,211,225.3
hard,28,Sebastian Baez,22,38.75%,41.10%,10.76%,3.52%,29.72%,55.40%,45.99%,6.13,2.38,54,71.2
hard,36,Sebastian Korda,41,37.88%,38.84%,7.72%,3.34%,30.26%,51.64%,37.41%,6.61,2.5,48,94.8
hard,124,Sebastian Ofner,18,33.33%,32.66%,7.04%,4.41%,25.38%,45.65%,36.73%,6.31,2.1,179.5,202.6
hard,421,Semen Pankin,10,38.62%,37.69%,5.82%,5.03%,30.89%,50.00%,39.19%,6.52,2.52,357,604.4
hard,302,Sergey Fomin,18,34.87%,35.91%,10.70%,4.36%,27.76%,46.03%,41.84%,6.07,2.12,349,394.3
hard,452,Sergio Callejon Hernando,5,41.36%,40.63%,4.71%,4.45%,33.49%,51.18%,44.12%,7.07,2.93,460,442
hard,117,Shintaro Mochizuki,30,40.02%,40.39%,6.92%,4.07%,31.86%,54.23%,40.64%,6.46,2.59,174.5,179.8
hard,194,Sho Shimabukuro,48,38.17%,38.37%,6.45%,3.69%,32.21%,47.62%,38.91%,6.55,2.5,244,288.5
hard,537,Shunsuke Mitsui,5,38.66%,38.03%,5.11%,4.15%,32.80%,47.58%,44.00%,6.52,2.52,256,300.6
hard,540,Sidharth Rawat,9,36.29%,35.54%,5.62%,4.26%,30.67%,46.23%,40.82%,6.38,2.32,442,515.4
hard,158,Soonwoo Kwon,22,42.42%,43.01%,7.93%,4.96%,35.77%,53.21%,43.11%,7.18,3.05,240.5,322.1
hard,524,Spencer Johnson,5,33.79%,34.36%,8.19%,3.41%,26.11%,46.02%,45.45%,5.75,1.94,179,259.2
hard,118,Stan Wawrinka,28,33.70%,34.65%,8.49%,3.06%,26.84%,45.15%,35.46%,6.08,2.05,84.5,206.2
hard,261,Stefan Dostanic,17,41.73%,40.54%,4.13%,4.82%,34.43%,54.00%,39.86%,6.73,2.81,277,336.4
hard,296,Stefan Kozlov,27,41.83%,41.59%,5.22%,4.13%,35.02%,52.43%,39.82%,6.9,2.89,320,376.1
hard,229,Stefano Napolitano,12,35.62%,38.96%,14.38%,3.70%,27.31%,48.22%,35.16%,6.42,2.29,307.5,410
hard,142,Stefano Travaglia,19,39.97%,40.27%,6.82%,4.11%,29.99%,55.18%,44.20%,6.5,2.6,282,267.7
hard,153,Stefanos Sakellaridis,27,38.21%,36.95%,3.37%,3.97%,32.06%,48.28%,45.93%,6.35,2.43,322,330.3
hard,11,Stefanos Tsitsipas,24,35.97%,35.79%,5.93%,3.59%,27.95%,50.16%,35.81%,6.42,2.31,49,109.2
hard,384,Stuart Parker,9,42.97%,41.02%,2.91%,5.33%,36.19%,53.25%,54.10%,6.45,2.77,288,363.2
hard,246,Sumit Nagal,13,39.22%,39.54%,6.32%,3.59%,31.75%,51.28%,41.57%,6.85,2.69,246,314.5
hard,512,Tai Sach,12,38.17%,37.88%,4.76%,3.36%,31.82%,49.36%,34.52%,6.53,2.49,296.5,317.7
hard,523,Takuya Kumasaka,9,35.93%,34.90%,4.45%,3.97%,28.61%,47.72%,40.00%,6.62,2.38,223,284.2
hard,69,Tallon Griekspoor,27,30.37%,33.46%,14.73%,2.77%,21.46%,47.03%,28.23%,6.1,1.85,56,71.6
hard,194,Taro Daniel,17,35.18%,36.16%,11.14%,4.78%,27.12%,48.68%,42.45%,6.19,2.18,265,256.6
hard,8,Taylor Fritz,45,34.88%,36.22%,9.72%,3.42%,26.04%,50.84%,30.00%,6.65,2.32,36,53.1
hard,31,Taym Al Azmeh,5,45.56%,47.25%,6.21%,2.37%,39.20%,54.68%,63.16%,6.15,2.8,268,280.2
hard,46,Terence Atmane,27,34.13%,35.14%,7.71%,2.63%,25.18%,49.40%,38.64%,6.11,2.09,44,88.7
hard,115,Thiago Agustin Tirante,16,39.33%,39.51%,5.55%,3.33%,33.33%,49.21%,37.61%,6.89,2.71,109,250.2
hard,321,Thomas Faurel,5,34.77%,35.21%,7.95%,3.64%,24.10%,54.21%,57.89%,5.7,1.98,253,232.4
hard,371,Tiago Pereira,12,36.49%,36.00%,4.30%,3.20%,27.84%,49.58%,39.51%,6.34,2.31,306,350.4
hard,427,Tiago Torres,5,41.16%,40.10%,3.26%,3.95%,33.20%,53.22%,37.93%,7.29,3,292,262
hard,500,Tibo Colson,8,40.94%,41.62%,4.42%,2.00%,29.93%,56.55%,25.86%,7.3,2.99,314,314
hard,961,Timo Legout,10,44.58%,42.81%,3.31%,5.57%,35.57%,57.25%,46.43%,6.78,3.02,318,319.6
hard,150,Timofey Skatov,19,36.64%,38.42%,9.62%,3.11%,27.74%,51.27%,47.37%,6.5,2.38,298,307.8
hard,185,Titouan Droguet,29,35.68%,35.71%,6.51%,3.56%,28.67%,47.41%,35.03%,6.57,2.34,195,228.2
hard,112,Toby Samuel,33,46.29%,45.02%,1.95%,3.91%,40.87%,54.95%,48.12%,6.59,3.05,303,376
hard,186,Tom Gentzsch,22,36.03%,36.35%,5.27%,2.51%,30.20%,47.74%,43.36%,6.4,2.31,326.5,380.1
hard,372,Tom Paris,14,34.81%,34.55%,6.08%,3.60%,25.72%,48.70%,36.00%,6.22,2.17,240,256.9
hard,139,Tomas Barrios Vera,5,33.51%,34.85%,12.43%,4.59%,23.66%,48.63%,45.00%,6.38,2.14,144,200.2
hard,43,Tomas Machac,19,34.09%,35.29%,8.72%,2.91%,26.72%,46.61%,45.74%,6,2.05,45,77.1
hard,30,Tomas Martin Etcheverry,24,34.91%,36.04%,9.98%,3.86%,27.59%,47.93%,39.01%,6.25,2.18,45.5,58.1
hard,21,Tommy Paul,24,35.80%,36.31%,8.14%,3.84%,27.99%,49.93%,36.97%,6.56,2.35,44,54.1
hard,436,Trevor Svajda,13,38.72%,37.95%,6.96%,5.50%,29.84%,49.87%,41.11%,6.27,2.43,232,266.5
hard,162,Tristan Boyer,9,37.33%,37.63%,9.00%,4.95%,27.94%,52.12%,42.00%,6.54,2.44,121,149.6
hard,604,Tristan McCormick,5,34.60%,34.82%,10.10%,5.05%,28.80%,44.52%,32.14%,6.71,2.32,314,337.2
hard,148,Tristan Schoolkate,24,34.61%,35.83%,9.89%,3.62%,26.70%,48.26%,30.61%,6.55,2.27,210.5,221.4
hard,612,Tsung-Hao Huang,8,37.30%,37.71%,5.43%,2.63%,30.92%,48.11%,40.74%,6.56,2.45,262.5,369.9
hard,329,Tung-Lin Wu,35,36.75%,38.23%,9.68%,3.60%,29.54%,48.70%,34.94%,6.65,2.45,259,346.3
hard,343,Tyler Zink,35,34.59%,33.73%,7.43%,5.08%,25.62%,47.87%,33.16%,6.34,2.19,344.5,415.2
hard,173,Ugo Blanchet,23,33.98%,34.34%,9.00%,4.16%,27.74%,44.10%,36.07%,6.46,2.19,108,136.8
hard,28,Ugo Humbert,34,33.31%,33.44%,8.11%,3.86%,24.82%,48.26%,37.27%,6.18,2.06,45.5,65
hard,416,Vadym Ursu,14,42.22%,40.79%,4.06%,5.22%,35.07%,52.61%,45.28%,6.59,2.78,372,431.5
hard,203,Valentin Royer,28,34.34%,35.99%,11.49%,3.89%,25.80%,50.13%,38.36%,6.42,2.21,53.5,60.1
hard,18,Valentin Vacherot,33,34.41%,34.95%,8.33%,3.65%,26.83%,49.03%,38.42%,6.28,2.16,41,94.3
hard,493,Viktor Durasovic,21,35.38%,35.40%,7.31%,3.97%,25.91%,48.55%,37.21%,6.55,2.32,145,230.7
hard,128,Vilius Gaubas,8,41.21%,40.50%,4.24%,4.09%,30.60%,57.75%,51.52%,6.47,2.67,263.5,444.8
hard,125,Vit Kopriva,15,37.77%,39.18%,10.34%,4.34%,30.52%,49.75%,33.01%,6.6,2.49,117,116.2
hard,215,Vitaliy Sachko,8,28.72%,29.94%,12.48%,3.59%,18.25%,49.49%,27.59%,5.91,1.7,137.5,191
hard,287,Yanki Erel,13,36.78%,36.85%,7.97%,4.53%,27.20%,51.49%,31.73%,6.9,2.54,391,403.9
hard,98,Yannick Hanfmann,22,36.92%,37.85%,8.72%,3.81%,29.05%,49.15%,41.13%,6.38,2.36,73,169.5
hard,312,Yasutaka Uchiyama,32,36.22%,36.09%,5.98%,3.59%,28.59%,47.68%,39.90%,6.4,2.32,326,363.7
hard,662,Ye Cong Mo,5,40.07%,39.29%,7.53%,6.16%,27.67%,54.89%,53.85%,5.84,2.34,342,387.4
hard,239,Yi Zhou,30,36.23%,37.02%,7.57%,3.20%,29.82%,46.49%,38.42%,6.38,2.31,287,334.7
hard,106,Yibing Wu,14,33.51%,35.53%,13.47%,4.28%,24.92%,47.78%,32.00%,6.3,2.11,49,82.1
hard,131,Yoshihito Nishioka,22,39.69%,41.67%,9.54%,3.43%,29.70%,55.04%,43.53%,6.39,2.54,185,294.2
hard,316,Yosuke Watanuki,18,39.01%,38.49%,5.74%,4.44%,30.39%,53.21%,52.00%,6.38,2.49,216.5,262.3
hard,222,Yu Hsiou Hsu,30,40.45%,40.83%,6.95%,4.16%,30.91%,55.39%,43.84%,6.51,2.63,254,300.2
hard,578,Yuki Mochizuki,5,31.92%,33.90%,8.08%,1.15%,25.88%,43.33%,37.50%,6.05,1.93,179,224.8
hard,109,Yunchaokete Bu,33,36.17%,37.23%,10.17%,4.33%,26.16%,51.32%,36.70%,6.58,2.38,169,244.1
hard,670,Yusuke Takahashi,12,35.73%,35.13%,4.60%,3.42%,27.88%,47.76%,38.46%,6.33,2.26,312,336
hard,383,Yuta Shimizu,37,38.67%,38.97%,6.46%,3.64%,30.76%,50.42%,36.01%,6.68,2.58,272,319
hard,165,Zachary Svajda,16,35.28%,36.84%,10.41%,3.61%,26.32%,50.00%,39.81%,6.12,2.16,66.5,152.1
hard,154,Zdenek Kolar,10,43.53%,46.02%,9.02%,3.08%,31.24%,58.38%,45.00%,7.03,3.06,382.5,350
hard,156,Zhizhen Zhang,21,33.89%,34.82%,10.01%,3.91%,24.86%,48.20%,33.33%,6.31,2.14,126,187.3
hard,34,Zizou Bergs,32,35.37%,35.58%,7.01%,3.54%,27.13%,49.72%,37.04%,6.42,2.27,33.5,56.4
hard,119,Zsombor Piros,12,38.57%,40.20%,7.58%,2.38%,30.23%,52.92%,33.64%,6.55,2.53,245.5,258.6
