surface,ranking,player_name,matches_played,dominance_ratio,points,total_points_won_pct,tiebreaks_played,tiebreak_record,tiebreak_win_pct,tiebreaks_per_set,sets_played,set_record,set_win_pct,games_played,game_record,game_win_pct,time_per_match,minutes_per_set,seconds_per_point
all,261,Abdullah Shelbayh,38,0.929,5413,49.09%,11,3-8,27.27%,0.124,89,44-45,49.44%,838,417-421,49.76%,,,
all,91,Adam Walton,60,1.027,9401,50.29%,33,14-19,42.42%,0.219,151,74-77,49.01%,1508,761-747,50.46%,,,
all,777,Adhithya Ganesan,7,0.693,1132,47.08%,6,2-4,33.33%,0.353,17,5-12,29.41%,175,77-98,44.00%,,,
all,975,Aditya Vishal Balsekar,7,0.552,775,42.71%,1,1-0,100.00%,0.067,15,3-12,20.00%,126,43-83,34.13%,,,
all,65,Adolfo Daniel Vallejo,73,1.150,10069,52.59%,17,7-10,41.18%,0.101,168,110-58,65.48%,1559,876-683,56.19%,,,
all,373,Adria Soriano Barrera,10,0.812,1653,46.70%,11,5-6,45.45%,0.440,25,7-18,28.00%,264,113-151,42.80%,,,
all,874,Adrian Andreev,8,0.912,1130,46.11%,3,1-2,33.33%,0.167,18,3-15,16.67%,168,67-101,39.88%,,,
all,73,Adrian Mannarino,48,0.951,7412,49.30%,25,9-16,36.00%,0.207,121,50-71,41.32%,1208,581-627,48.10%,,,
all,659,Aidan Kim,5,0.769,615,47.97%,0,0-0,,0.000,11,4-7,36.36%,96,43-53,44.79%,,,
all,689,Aidan Mayo,14,1.213,2451,50.39%,15,7-8,46.67%,0.429,35,16-19,45.71%,375,183-192,48.80%,,,
all,293,Akira Santillan,25,0.990,3310,49.79%,5,3-2,60.00%,0.086,58,27-31,46.55%,535,263-272,49.16%,,,
all,444,Alafia Ayeni,15,1.043,2348,49.66%,5,4-1,80.00%,0.139,36,18-18,50.00%,361,176-185,48.75%,,,
all,650,Alan Magadan,14,0.939,2139,48.39%,6,3-3,50.00%,0.182,33,13-20,39.39%,328,153-175,46.65%,,,
all,265,Alastair Gray,30,1.045,4446,50.92%,13,6-7,46.15%,0.181,72,36-36,50.00%,689,354-335,51.38%,,,
all,354,Albert Ramos-Vinolas,5,0.753,729,47.87%,0,0-0,,0.000,12,5-7,41.67%,118,56-62,47.46%,,,
all,618,Alberto Barroso Campos,10,0.981,1306,49.85%,0,0-0,,0.000,24,11-13,45.83%,209,103-106,49.28%,,,
all,20,Alejandro Davidovich Fokina,51,1.036,7819,50.51%,27,15-12,55.56%,0.213,127,77-50,60.63%,1260,660-600,52.38%,,,
all,222,Alejandro Moro Canas,57,1.110,8680,50.79%,29,15-14,51.72%,0.210,138,74-64,53.62%,1352,689-663,50.96%,,,
all,26,Alejandro Tabilo,77,1.121,11464,51.37%,30,13-17,43.33%,0.160,188,104-84,55.32%,1842,970-872,52.66%,,,
all,450,Alejo Sanchez Quilez,18,0.915,2532,50.32%,5,2-3,40.00%,0.119,42,20-22,47.62%,401,202-199,50.37%,,,
all,108,Aleksandar Kovacevic,45,0.857,7096,48.76%,34,15-19,44.12%,0.301,113,45-68,39.82%,1165,557-608,47.81%,,,
all,67,Aleksandar Vukic,40,0.836,6168,47.96%,21,11-10,52.38%,0.206,102,42-60,41.18%,987,460-527,46.61%,,,
all,84,Aleksandr Shevchenko,12,1.019,1811,51.24%,7,2-5,28.57%,0.241,29,16-13,55.17%,273,147-126,53.85%,,,
all,264,Alex Barrena,50,0.910,6905,48.98%,15,6-9,40.00%,0.129,116,53-63,45.69%,1072,514-558,47.95%,,,
all,157,Alex Bolt,36,1.123,4962,52.04%,16,13-3,81.25%,0.195,82,55-27,67.07%,806,436-370,54.09%,,,
all,498,Alex Hernandez,25,0.815,3679,47.19%,6,3-3,50.00%,0.098,61,22-39,36.07%,573,249-324,43.46%,,,
all,517,Alex Marti Pujolras,6,0.873,758,46.83%,1,0-1,0.00%,0.083,12,2-10,16.67%,117,49-68,41.88%,,,
all,355,Alex Martinez,20,0.974,2789,50.05%,8,4-4,50.00%,0.174,46,23-23,50.00%,442,222-220,50.23%,,,
all,41,Alex Michelsen,57,1.071,8686,51.21%,25,15-10,60.00%,0.176,142,80-62,56.34%,1397,721-676,51.61%,,,
all,81,Alex Molcan,49,1.227,6533,52.44%,11,7-4,63.64%,0.100,110,73-37,66.36%,1019,565-454,55.45%,,,
all,332,Alex Rybakov,26,0.957,3713,49.39%,11,7-4,63.64%,0.183,60,26-34,43.33%,596,285-311,47.82%,,,
all,7,Alex de Minaur,69,1.108,10612,51.53%,26,15-11,57.69%,0.152,171,108-63,63.16%,1656,903-753,54.53%,,,
all,479,Alexander Binda,10,0.835,1311,48.89%,4,1-3,25.00%,0.182,22,8-14,36.36%,207,99-108,47.83%,,,
all,205,Alexander Blockx,57,1.101,8912,51.43%,27,14-13,51.85%,0.185,146,93-53,63.70%,1415,762-653,53.85%,,,
all,11,Alexander Bublik,58,1.052,9147,50.93%,36,19-17,52.78%,0.245,147,85-62,57.82%,1499,784-715,52.30%,,,
all,549,Alexander Donski,15,0.812,2518,48.61%,10,5-5,50.00%,0.263,38,18-20,47.37%,395,192-203,48.61%,,,
all,496,Alexander Ritschard,16,1.183,2227,51.95%,5,4-1,80.00%,0.135,37,22-15,59.46%,341,185-156,54.25%,,,
all,100,Alexander Shevchenko,40,0.935,6085,48.71%,25,15-10,60.00%,0.253,99,44-55,44.44%,962,453-509,47.09%,,,
all,592,Alexander Vasilev,16,0.860,1988,48.64%,2,1-1,50.00%,0.061,33,16-17,48.48%,301,145-156,48.17%,,,
all,3,Alexander Zverev,73,1.305,11519,52.44%,40,28-12,70.00%,0.209,191,130-61,68.06%,1910,1044-866,54.66%,,,
all,464,Alexandr Binda,8,0.864,1137,48.28%,0,0-0,,0.000,19,7-12,36.84%,178,85-93,47.75%,,,
all,132,Alexandre Muller,36,0.822,5231,47.83%,17,8-9,47.06%,0.198,86,30-56,34.88%,836,368-468,44.02%,,,
all,25,Alexei Popyrin,35,0.942,4977,48.60%,10,3-7,30.00%,0.115,87,30-57,34.48%,841,387-454,46.02%,,,
all,413,Alexey Vatutin,9,0.859,1400,48.64%,3,2-1,66.67%,0.136,22,9-13,40.91%,211,97-114,45.97%,,,
all,200,Alexis Galarneau,56,0.964,8552,49.89%,22,13-9,59.09%,0.163,135,73-62,54.07%,1340,675-665,50.37%,,,
all,409,Alfredo Perez,17,0.964,2364,49.62%,4,2-2,50.00%,0.105,38,20-18,52.63%,373,186-187,49.87%,,,
all,272,Alvaro Guillen Meza,61,1.037,9471,50.27%,24,14-10,58.33%,0.162,148,79-69,53.38%,1432,721-711,50.35%,,,
all,725,Amit Vales,6,0.912,796,47.49%,2,1-1,50.00%,0.143,14,6-8,42.86%,122,57-65,46.72%,,,
all,248,Andre Ilagan,53,0.978,8380,49.80%,29,11-18,37.93%,0.227,128,65-63,50.78%,1286,647-639,50.31%,,,
all,304,Andrea Collarini,35,1.023,5160,50.37%,11,3-8,27.27%,0.131,84,44-40,52.38%,798,407-391,51.00%,,,
all,227,Andrea Guerrieri,28,1.032,4254,50.24%,11,6-5,54.55%,0.169,65,35-30,53.85%,643,326-317,50.70%,,,
all,137,Andrea Pellegrino,41,1.010,5941,50.24%,9,6-3,66.67%,0.091,99,52-47,52.53%,925,470-455,50.81%,,,
all,393,Andrea Picchione,8,1.075,1070,52.15%,3,2-1,66.67%,0.167,18,11-7,61.11%,170,93-77,54.71%,,,
all,614,Andrea Vavassori,11,0.940,1764,50.85%,6,4-2,66.67%,0.214,28,16-12,57.14%,275,142-133,51.64%,,,
all,404,Andrej Martin,19,1.002,2601,49.56%,5,2-3,40.00%,0.116,43,19-24,44.19%,405,194-211,47.90%,,,
all,244,Andrej Nedic,39,1.080,5229,51.21%,8,3-5,37.50%,0.090,89,50-39,56.18%,814,432-382,53.07%,,,
all,223,Andres Andrade,27,0.978,3671,49.28%,7,5-2,71.43%,0.115,61,32-29,52.46%,576,282-294,48.96%,,,
all,381,Andres Martin,42,0.969,6527,49.64%,18,10-8,55.56%,0.178,101,45-56,44.55%,1016,494-522,48.62%,,,
all,726,Andres Santamarta Roig,13,0.887,1629,49.36%,0,0-0,,0.000,27,13-14,48.15%,251,124-127,49.40%,,,
all,399,Andrew Fenty,17,0.857,2547,48.29%,11,5-6,45.45%,0.282,39,14-25,35.90%,394,184-210,46.70%,,,
all,642,Andrew Paulson,8,0.925,1188,49.49%,2,1-1,50.00%,0.105,19,10-9,52.63%,179,89-90,49.72%,,,
all,16,Andrey Rublev,49,1.081,8194,50.93%,25,12-13,48.00%,0.192,130,75-55,57.69%,1293,677-616,52.36%,,,
all,262,Andy Andrade,14,0.963,2029,49.58%,3,2-1,66.67%,0.094,32,16-16,50.00%,318,154-164,48.43%,,,
all,348,Antoine Escoffier,7,1.024,999,50.75%,3,1-2,33.33%,0.188,16,8-8,50.00%,157,81-76,51.59%,,,
all,352,Antoine Ghibaudo,35,0.894,4772,49.79%,10,5-5,50.00%,0.128,78,39-39,50.00%,751,374-377,49.80%,,,
all,373,Anton Matusevich,8,0.765,1118,47.14%,3,2-1,66.67%,0.167,18,7-11,38.89%,177,81-96,45.76%,,,
all,911,Aoran Wang,5,0.715,705,46.67%,3,1-2,33.33%,0.250,12,4-8,33.33%,122,56-66,45.90%,,,
all,808,Arda Azkara,12,0.883,1593,48.52%,4,3-1,75.00%,0.154,26,11-15,42.31%,253,119-134,47.04%,,,
all,492,Aristotelis Thanos,8,0.863,1072,47.20%,0,0-0,,0.000,18,4-14,22.22%,168,73-95,43.45%,,,
all,769,Arklon Huertas Del Pino Cordova,9,1.035,1364,49.19%,4,0-4,0.00%,0.190,21,9-12,42.86%,212,104-108,49.06%,,,
all,439,Arthur Bouquier,14,0.928,2407,49.56%,6,4-2,66.67%,0.162,37,17-20,45.95%,372,181-191,48.66%,,,
all,73,Arthur Cazaux,21,1.085,3219,51.10%,13,8-5,61.54%,0.255,51,30-21,58.82%,509,268-241,52.65%,,,
all,114,Arthur Fery,45,1.151,7285,51.60%,19,9-10,47.37%,0.162,117,72-45,61.54%,1149,616-533,53.61%,,,
all,24,Arthur Fils,35,1.138,4880,52.01%,19,12-7,63.16%,0.237,80,54-26,67.50%,787,430-357,54.64%,,,
all,127,Arthur Gea,51,1.088,7565,51.87%,25,14-11,56.00%,0.207,121,75-46,61.98%,1184,638-546,53.89%,,,
all,29,Arthur Rinderknech,53,1.070,9020,50.79%,36,16-20,44.44%,0.255,141,74-67,52.48%,1453,745-708,51.27%,,,
all,417,Arthur Weber,8,0.808,1098,47.18%,2,1-1,50.00%,0.111,18,5-13,27.78%,168,73-95,43.45%,,,
all,414,Aryan Shah,12,0.796,1722,46.57%,3,0-3,0.00%,0.100,30,9-21,30.00%,273,118-155,43.22%,,,
all,227,August Holmgren,46,1.060,7042,49.93%,22,13-9,59.09%,0.198,111,55-56,49.55%,1115,555-560,49.78%,,,
all,664,Aziz Dougaz,7,1.039,1165,49.27%,4,1-3,25.00%,0.222,18,7-11,38.89%,180,85-95,47.22%,,,
all,525,Aziz Ouakaa,12,0.693,1446,42.67%,2,1-1,50.00%,0.074,27,4-23,14.81%,238,83-155,34.87%,,,
all,300,Beibit Zhukayev,25,0.866,3780,48.17%,14,6-8,42.86%,0.230,61,26-35,42.62%,597,280-317,46.90%,,,
all,746,Ben Jones,5,0.783,630,46.98%,1,1-0,100.00%,0.091,11,4-7,36.36%,103,48-55,46.60%,,,
all,10,Ben Shelton,48,1.055,8253,50.76%,37,21-16,56.76%,0.287,129,75-54,58.14%,1374,710-664,51.67%,,,
all,70,Benjamin Bonzi,41,1.006,6645,50.14%,22,12-10,54.55%,0.202,109,59-50,54.13%,1086,546-540,50.28%,,,
all,506,Benjamin Hassan,28,0.901,4016,47.63%,5,3-2,60.00%,0.075,67,23-44,34.33%,641,289-352,45.09%,,,
all,732,Benjamin Torrealba,6,0.785,785,42.42%,1,0-1,0.00%,0.071,14,2-12,14.29%,125,43-82,34.40%,,,
all,917,Benoit Paire,5,0.719,726,45.32%,1,1-0,100.00%,0.077,13,3-10,23.08%,113,45-68,39.82%,,,
all,834,Bernabe Zapata Miralles,8,0.681,986,42.80%,1,0-1,0.00%,0.053,19,3-16,15.79%,159,55-104,34.59%,,,
all,171,Bernard Tomic,43,1.081,6572,50.67%,22,9-13,40.91%,0.212,104,57-47,54.81%,1016,524-492,51.57%,,,
all,155,Billy Harris,40,0.986,6653,49.50%,31,17-14,54.84%,0.307,101,49-52,48.51%,1041,510-531,48.99%,,,
all,344,Blaise Bicknell,33,0.900,4943,48.25%,10,6-4,60.00%,0.125,80,34-46,42.50%,769,357-412,46.42%,,,
all,502,Blake Ellis,27,0.925,4366,48.99%,19,12-7,63.16%,0.288,66,33-33,50.00%,684,331-353,48.39%,,,
all,443,Bor Artnak,8,0.778,1054,47.72%,1,0-1,0.00%,0.056,18,5-13,27.78%,165,73-92,44.24%,,,
all,169,Borna Gojo,31,1.216,4574,52.78%,14,7-7,50.00%,0.194,72,50-22,69.44%,729,409-320,56.10%,,,
all,70,Botic van de Zandschulp,43,0.993,7184,49.55%,28,13-15,46.43%,0.255,110,56-54,50.91%,1113,558-555,50.13%,,,
all,234,Braden Shick,20,0.907,2859,50.37%,6,5-1,83.33%,0.130,46,26-20,56.52%,440,224-216,50.91%,,,
all,109,Brandon Holt,15,1.094,2432,49.88%,3,1-2,33.33%,0.077,39,18-21,46.15%,377,186-191,49.34%,,,
all,31,Brandon Nakashima,54,1.115,8661,51.43%,36,15-21,41.67%,0.263,137,80-57,58.39%,1412,746-666,52.83%,,,
all,628,Bruno Fernandez,15,0.898,2425,47.79%,6,0-6,0.00%,0.162,37,11-26,29.73%,370,171-199,46.22%,,,
all,616,Bruno Kuzuhara,7,0.951,1063,48.07%,1,0-1,0.00%,0.056,18,5-13,27.78%,172,75-97,43.60%,,,
all,251,Buvaysar Gadamauri,41,0.989,6148,50.52%,20,11-9,55.00%,0.204,98,57-41,58.16%,955,493-462,51.62%,,,
all,291,Calvin Hemery,43,0.980,5859,49.82%,18,9-9,50.00%,0.188,96,47-49,48.96%,910,448-462,49.23%,,,
all,48,Cameron Norrie,52,1.038,8620,50.56%,38,19-19,50.00%,0.288,132,70-62,53.03%,1362,695-667,51.03%,,,
all,95,Camilo Ugo Carabelli,47,0.955,7092,49.01%,21,12-9,57.14%,0.186,113,53-60,46.90%,1096,522-574,47.63%,,,
all,435,Cannon Kingsley,28,0.921,4109,49.70%,6,3-3,50.00%,0.090,67,30-37,44.78%,665,331-334,49.77%,,,
all,436,Carl Emil Overbeck,12,1.137,1568,50.13%,7,1-6,14.29%,0.280,25,10-15,40.00%,253,126-127,49.80%,,,
all,389,Carlo Alberto Caniato,23,0.909,3442,48.93%,13,4-9,30.77%,0.236,55,21-34,38.18%,555,263-292,47.39%,,,
all,2,Carlos Alcaraz,44,1.391,6832,54.00%,18,10-8,55.56%,0.161,112,91-21,81.25%,1093,654-439,59.84%,,,
all,551,Carlos Lopez Montagud,7,1.098,943,50.37%,0,0-0,,0.000,16,9-7,56.25%,144,75-69,52.08%,,,
all,412,Carlos Maria Zarate,21,0.844,3067,48.29%,7,5-2,71.43%,0.143,49,19-30,38.78%,462,214-248,46.32%,,,
all,366,Carlos Sanchez Jover,28,0.849,4053,48.14%,13,6-7,46.15%,0.203,64,23-41,35.94%,630,286-344,45.40%,,,
all,405,Carlos Taberner,19,1.063,2682,50.63%,3,1-2,33.33%,0.067,45,24-21,53.33%,402,206-196,51.24%,,,
all,14,Casper Ruud,52,1.167,7786,52.40%,26,13-13,50.00%,0.205,127,77-50,60.63%,1262,687-575,54.44%,,,
all,320,Cedrik-Marcel Stebe,25,0.958,3822,50.71%,11,8-3,72.73%,0.186,59,35-24,59.32%,558,287-271,51.43%,,,
all,609,Cesar Bouchelaghem,5,0.888,654,47.86%,1,0-1,0.00%,0.091,11,3-8,27.27%,105,47-58,44.76%,,,
all,262,Cezar Cretu,27,1.036,3428,50.29%,3,2-1,66.67%,0.049,61,30-31,49.18%,547,276-271,50.46%,,,
all,283,Charles Broom,33,1.089,4929,50.40%,15,8-7,53.33%,0.183,82,40-42,48.78%,796,396-400,49.75%,,,
all,884,Charlie Robertson,5,1.146,658,49.54%,0,0-0,,0.000,11,6-5,54.55%,92,47-45,51.09%,,,
all,191,Chris Rodesch,38,1.132,5628,51.26%,20,12-8,60.00%,0.230,87,53-34,60.92%,895,468-427,52.29%,,,
all,467,Christian Langmo,26,0.824,3611,47.80%,7,3-4,42.86%,0.119,59,22-37,37.29%,569,264-305,46.40%,,,
all,424,Christoph Negritu,26,0.967,4201,49.37%,13,6-7,46.15%,0.200,65,30-35,46.15%,667,328-339,49.18%,,,
all,64,Christopher O'Connell,31,0.973,4163,49.24%,11,6-5,54.55%,0.164,67,32-35,47.76%,669,323-346,48.28%,,,
all,234,Chun-Hsin Tseng,37,1.008,5153,50.67%,15,9-6,60.00%,0.176,85,45-40,52.94%,801,410-391,51.19%,,,
all,204,Clement Chidekh,55,1.163,8388,51.53%,20,10-10,50.00%,0.152,132,74-58,56.06%,1277,675-602,52.86%,,,
all,159,Clement Tabur,44,1.091,7114,51.42%,22,10-12,45.45%,0.198,111,60-51,54.05%,1108,577-531,52.08%,,,
all,108,Coleman Wong,56,0.993,8388,50.41%,25,19-6,76.00%,0.187,134,76-58,56.72%,1356,685-671,50.52%,,,
all,511,Colin Sinclair,6,0.754,915,46.23%,2,2-0,100.00%,0.133,15,5-10,33.33%,147,60-87,40.82%,,,
all,174,Colton Smith,33,0.989,4779,50.30%,15,8-7,53.33%,0.203,74,41-33,55.41%,737,376-361,51.02%,,,
all,639,Conner Huertas del Pino,13,1.030,1770,50.00%,2,1-1,50.00%,0.071,28,16-12,57.14%,279,139-140,49.82%,,,
all,507,Constantin Bittoun Kouzmine,11,0.924,1526,49.21%,1,1-0,100.00%,0.040,25,11-14,44.00%,238,116-122,48.74%,,,
all,496,Corentin Denolly,18,0.806,2567,47.21%,6,3-3,50.00%,0.143,42,15-27,35.71%,389,170-219,43.70%,,,
all,69,Corentin Moutet,47,0.973,7256,49.66%,10,5-5,50.00%,0.086,116,53-63,45.69%,1135,561-574,49.43%,,,
all,778,Cosme Rolland De Ravel,6,0.955,895,50.50%,3,1-2,33.33%,0.214,14,8-6,57.14%,135,71-64,52.59%,,,
all,114,Cristian Garin,31,1.057,4851,51.06%,9,4-5,44.44%,0.115,78,45-33,57.69%,749,402-347,53.67%,,,
all,612,Cruz Hewitt,11,0.972,1654,49.58%,2,2-0,100.00%,0.077,26,12-14,46.15%,250,120-130,48.00%,,,
all,305,Dali Blanch,39,1.097,5725,50.83%,18,9-9,50.00%,0.194,93,51-42,54.84%,881,459-422,52.10%,,,
all,116,Dalibor Svrcina,42,1.107,5814,51.86%,9,4-5,44.44%,0.094,96,58-38,60.42%,878,475-403,54.10%,,,
all,87,Damir Dzumhur,47,0.952,7177,48.61%,21,10-11,47.62%,0.181,116,44-72,37.93%,1118,517-601,46.24%,,,
all,224,Dan Added,52,1.014,7355,49.83%,17,10-7,58.82%,0.144,118,60-58,50.85%,1143,566-577,49.52%,,,
all,378,Dan Martin,18,0.802,2795,48.09%,13,6-7,46.15%,0.310,42,16-26,38.10%,449,212-237,47.22%,,,
all,121,Dane Sweeny,39,1.007,5819,50.44%,20,12-8,60.00%,0.220,91,49-42,53.85%,886,456-430,51.47%,,,
all,93,Daniel Altmaier,58,0.917,8891,49.20%,23,11-12,47.83%,0.159,145,66-79,45.52%,1404,684-720,48.72%,,,
all,689,Daniel Antonio Nunez,7,0.845,895,47.37%,2,1-1,50.00%,0.125,16,5-11,31.25%,143,62-81,43.36%,,,
all,413,Daniel Dutra da Silva,33,0.928,4555,48.45%,8,3-5,37.50%,0.108,74,29-45,39.19%,708,328-380,46.33%,,,
all,290,Daniel Elahi Galan,33,0.935,5332,48.87%,16,6-10,37.50%,0.198,81,34-47,41.98%,825,392-433,47.52%,,,
all,184,Daniel Evans,6,1.247,956,52.30%,2,1-1,50.00%,0.125,16,10-6,62.50%,154,84-70,54.55%,,,
all,371,Daniel Masur,16,1.060,2616,49.01%,12,4-8,33.33%,0.308,39,17-22,43.59%,414,201-213,48.55%,,,
all,296,Daniel Merida,62,1.080,9066,51.30%,11,5-6,45.45%,0.072,152,90-62,59.21%,1413,754-659,53.36%,,,
all,302,Daniel Michalski,32,0.986,4551,49.77%,8,4-4,50.00%,0.105,76,33-43,43.42%,729,358-371,49.11%,,,
all,325,Daniel Milavsky,27,0.919,3641,49.57%,8,3-5,37.50%,0.129,62,30-32,48.39%,579,289-290,49.91%,,,
all,207,Daniel Rincon,48,1.003,7085,49.92%,22,13-9,59.09%,0.193,114,57-57,50.00%,1100,547-553,49.73%,,,
all,167,Daniil Glinka,56,1.060,8168,50.82%,18,15-3,83.33%,0.138,130,76-54,58.46%,1274,658-616,51.65%,,,
all,6,Daniil Medvedev,60,1.275,9277,52.75%,25,9-16,36.00%,0.166,151,99-52,65.56%,1460,816-644,55.89%,,,
all,675,Daniil Ostapenkov,6,0.908,1020,49.02%,4,3-1,75.00%,0.267,15,7-8,46.67%,159,77-82,48.43%,,,
all,226,Darwin Blanch,51,0.989,7921,50.03%,21,14-7,66.67%,0.165,127,65-62,51.18%,1257,629-628,50.04%,,,
all,236,David Goffin,14,1.025,2064,47.92%,5,0-5,0.00%,0.143,35,11-24,31.43%,330,150-180,45.45%,,,
all,188,David Jorda Sanchis,42,1.062,6103,50.71%,8,3-5,37.50%,0.081,99,52-47,52.53%,949,486-463,51.21%,,,
all,58,Denis Shapovalov,40,1.041,6100,49.77%,12,8-4,66.67%,0.118,102,47-55,46.08%,983,486-497,49.44%,,,
all,441,Denis Yevseyev,29,0.930,4433,48.55%,11,6-5,54.55%,0.155,71,29-42,40.85%,664,312-352,46.99%,,,
all,463,Dennis Novak,6,1.040,834,47.72%,1,1-0,100.00%,0.067,15,6-9,40.00%,138,61-77,44.20%,,,
all,436,Dhakshineswar Suresh,20,0.893,2755,49.51%,13,9-4,69.23%,0.289,45,27-18,60.00%,459,230-229,50.11%,,,
all,252,Diego Dedura,42,1.035,6027,50.71%,11,6-5,54.55%,0.113,97,52-45,53.61%,924,484-440,52.38%,,,
all,551,Digvijaypratap Singh,8,0.866,1042,46.74%,4,0-4,0.00%,0.235,17,3-14,17.65%,177,76-101,42.94%,,,
all,375,Dimitar Kuzmanov,49,0.966,6674,49.69%,14,6-8,42.86%,0.123,114,53-61,46.49%,1057,520-537,49.20%,,,
all,84,Dino Prizmic,34,1.036,5208,51.04%,13,6-7,46.15%,0.140,93,51-42,54.84%,859,449-410,52.27%,,,
all,652,Dmitry Popko,17,1.026,2244,49.33%,0,0-0,,0.000,39,16-23,41.03%,360,173-187,48.06%,,,
all,357,Dominic Stricker,21,1.030,2625,49.52%,9,3-6,33.33%,0.205,44,21-23,47.73%,425,214-211,50.35%,,,
all,580,Dominik Kellovsky,5,0.897,812,49.01%,4,3-1,75.00%,0.333,12,6-6,50.00%,121,56-65,46.28%,,,
all,498,Dominik Palan,14,0.977,2174,48.90%,4,2-2,50.00%,0.121,33,15-18,45.45%,334,159-175,47.60%,,,
all,307,Duje Ajdukovic,48,0.942,7021,49.37%,18,11-7,61.11%,0.165,109,53-56,48.62%,1089,533-556,48.94%,,,
all,1789,Duncan Chan,11,0.951,1594,49.44%,3,1-2,33.33%,0.115,26,12-14,46.15%,253,123-130,48.62%,,,
all,152,Dusan Lajovic,42,1.027,6082,49.41%,16,6-10,37.50%,0.167,96,41-55,42.71%,955,464-491,48.59%,,,
all,556,Dylan Dietrich,9,1.338,1366,52.12%,4,1-3,25.00%,0.190,21,10-11,47.62%,207,108-99,52.17%,,,
all,225,Edas Butvilas,50,1.022,7053,50.40%,13,6-7,46.15%,0.113,115,58-57,50.43%,1090,555-535,50.92%,,,
all,375,Eduardo Ribeiro,28,0.989,3981,49.96%,9,2-7,22.22%,0.141,64,31-33,48.44%,629,313-316,49.76%,,,
all,391,Edward Winter,26,1.082,3862,51.29%,8,4-4,50.00%,0.129,62,35-27,56.45%,597,314-283,52.60%,,,
all,486,Eero Vasa,15,0.854,2220,49.05%,4,3-1,75.00%,0.111,36,17-19,47.22%,347,168-179,48.41%,,,
all,314,Eliakim Coulibaly,41,1.028,5663,51.32%,13,7-6,53.85%,0.137,95,52-43,54.74%,896,471-425,52.57%,,,
all,182,Elias Ymer,30,0.960,4211,49.70%,13,7-6,53.85%,0.186,70,32-38,45.71%,666,325-341,48.80%,,,
all,91,Eliot Spizzirri,22,1.233,3661,51.60%,15,10-5,66.67%,0.250,60,35-25,58.33%,601,312-289,51.91%,,,
all,190,Elmer Moller,40,0.946,5400,49.11%,9,5-4,55.56%,0.103,87,42-45,48.28%,821,394-427,47.99%,,,
all,547,Emil Ruusuvuori,13,0.947,2125,49.60%,11,4-7,36.36%,0.333,33,14-19,42.42%,346,170-176,49.13%,,,
all,520,Emile Hudd,5,0.857,690,48.55%,2,0-2,0.00%,0.167,12,3-9,25.00%,114,53-61,46.49%,,,
all,588,Emilien Demanet,6,1.168,830,52.53%,1,0-1,0.00%,0.071,14,8-6,57.14%,127,69-58,54.33%,,,
all,86,Emilio Nava,45,0.949,6815,50.07%,18,8-10,44.44%,0.168,107,56-51,52.34%,1051,526-525,50.05%,,,
all,323,Enrico Dalla Valle,39,1.082,5475,50.36%,18,7-11,38.89%,0.205,88,42-46,47.73%,861,432-429,50.17%,,,
all,595,Ergi Kirkin,6,0.712,767,45.76%,1,0-1,0.00%,0.077,13,2-11,15.38%,121,47-74,38.84%,,,
all,532,Eric Vanshelboim,6,0.950,790,49.11%,1,1-0,100.00%,0.071,14,5-9,35.71%,128,61-67,47.66%,,,
all,623,Erik Arutiunian,5,0.883,623,48.96%,1,0-1,0.00%,0.100,10,4-6,40.00%,97,47-50,48.45%,,,
all,47,Ethan Quinn,39,0.937,6141,49.13%,25,12-13,48.00%,0.263,95,44-51,46.32%,989,481-508,48.63%,,,
all,607,Evan Zhu,6,0.500,808,43.81%,3,0-3,0.00%,0.231,13,1-12,7.69%,125,46-79,36.80%,,,
all,61,Fabian Marozsan,44,0.950,6864,49.39%,25,15-10,60.00%,0.227,110,53-57,48.18%,1102,538-564,48.82%,,,
all,351,Fabrizio Andaloro,6,0.845,850,47.41%,1,1-0,100.00%,0.083,12,5-7,41.67%,129,60-69,46.51%,,,
all,431,Facundo Bagnis,6,1.028,915,50.60%,2,0-2,0.00%,0.125,16,8-8,50.00%,147,77-70,52.38%,,,
all,107,Facundo Diaz Acosta,76,1.240,11352,53.02%,27,16-11,59.26%,0.147,184,118-66,64.13%,1774,989-785,55.75%,,,
all,332,Facundo Mena,32,1.043,4560,50.29%,10,2-8,20.00%,0.133,75,38-37,50.67%,717,369-348,51.46%,,,
all,324,Fajing Sun,41,1.035,5864,50.10%,12,3-9,25.00%,0.126,95,46-49,48.42%,905,452-453,49.94%,,,
all,191,Federico Agustin Gomez,47,0.990,7022,50.14%,18,8-10,44.44%,0.158,114,59-55,51.75%,1101,557-544,50.59%,,,
all,481,Federico Arnaboldi,13,0.816,1981,46.09%,3,2-1,66.67%,0.097,31,7-24,22.58%,303,124-179,40.92%,,,
all,346,Federico Bondioli,33,0.957,5418,49.21%,14,6-8,42.86%,0.167,84,39-45,46.43%,819,393-426,47.99%,,,
all,184,Federico Cina,43,0.893,6352,49.97%,16,6-10,37.50%,0.155,103,52-51,50.49%,990,499-491,50.40%,,,
all,779,Federico Coria,10,0.965,1487,48.08%,3,3-0,100.00%,0.130,23,9-14,39.13%,222,102-120,45.95%,,,
all,607,Federico Iannaccone,7,0.850,880,48.41%,2,1-1,50.00%,0.118,17,8-9,47.06%,145,67-78,46.21%,,,
all,807,Felipe Meligeni Alves,14,0.892,1991,48.72%,6,2-4,33.33%,0.176,34,15-19,44.12%,313,155-158,49.52%,,,
all,29,Felix Auger-Aliassime,69,1.233,11318,52.24%,48,32-16,66.67%,0.273,176,118-58,67.05%,1827,995-832,54.46%,,,
all,248,Felix Balshaw,19,1.159,2737,52.10%,7,3-4,42.86%,0.152,46,28-18,60.87%,429,237-192,55.24%,,,
all,220,Felix Gill,31,0.949,5086,48.94%,20,12-8,60.00%,0.247,81,40-41,49.38%,791,379-412,47.91%,,,
all,279,Filip Cristian Jianu,35,0.935,4779,49.38%,11,3-8,27.27%,0.139,79,33-46,41.77%,745,368-377,49.40%,,,
all,81,Filip Misolic,12,0.898,1819,48.49%,7,2-5,28.57%,0.259,27,8-19,29.63%,274,123-151,44.89%,,,
all,488,Filip Peliwo,7,0.676,888,44.93%,1,0-1,0.00%,0.067,15,3-12,20.00%,135,55-80,40.74%,,,
all,487,Filippo Moroni,6,0.807,825,48.36%,1,1-0,100.00%,0.071,14,6-8,42.86%,133,62-71,46.62%,,,
all,300,Filippo Romano,30,0.858,4638,49.22%,12,8-4,66.67%,0.164,73,36-37,49.32%,719,354-365,49.24%,,,
all,9,Flavio Cobolli,60,0.951,9936,49.76%,36,22-14,61.11%,0.229,157,87-70,55.41%,1571,789-782,50.22%,,,
all,247,Florent Bax,27,0.929,4032,50.12%,13,9-4,69.23%,0.203,64,35-29,54.69%,634,324-310,51.10%,,,
all,292,Florian Broska,14,1.157,2238,52.28%,10,5-5,50.00%,0.270,37,24-13,64.86%,358,195-163,54.47%,,,
all,20,Frances Tiafoe,51,1.024,8913,50.60%,33,15-18,45.45%,0.234,141,80-61,56.74%,1425,739-686,51.86%,,,
all,371,Francesco Forti,22,0.960,3272,49.60%,10,4-6,40.00%,0.196,51,23-28,45.10%,504,248-256,49.21%,,,
all,149,Francesco Maestrelli,40,1.010,5966,49.68%,18,9-9,50.00%,0.188,96,47-49,48.96%,924,458-466,49.57%,,,
all,220,Francesco Passaro,39,0.947,5823,49.56%,18,11-7,61.11%,0.194,93,43-50,46.24%,943,464-479,49.20%,,,
all,23,Francisco Cerundolo,53,1.043,8223,50.78%,19,9-10,47.37%,0.144,132,75-57,56.82%,1259,658-601,52.26%,,,
all,91,Francisco Comesana,34,0.911,5823,48.89%,21,10-11,47.62%,0.231,91,37-54,40.66%,930,441-489,47.42%,,,
all,767,Francisco Rocha,6,0.784,661,44.48%,1,0-1,0.00%,0.091,11,1-10,9.09%,98,35-63,35.71%,,,
all,265,Franco Agamenone,45,0.988,6846,50.13%,16,8-8,50.00%,0.151,106,56-50,52.83%,1026,527-499,51.36%,,,
all,725,Franco Ribero,7,0.896,1091,47.48%,5,5-0,100.00%,0.278,18,9-9,50.00%,178,80-98,44.94%,,,
all,225,Franco Roncadelli,52,1.011,7094,50.39%,13,8-5,61.54%,0.108,120,60-60,50.00%,1111,565-546,50.86%,,,
all,235,Frederico Ferreira Silva,67,1.016,10007,50.40%,18,6-12,33.33%,0.113,160,81-79,50.62%,1544,781-763,50.58%,,,
all,331,Gabi Adrian Boitan,13,1.003,1785,49.47%,3,2-1,66.67%,0.100,30,14-16,46.67%,281,137-144,48.75%,,,
all,,Gabriel Debru,5,1.269,846,53.19%,1,1-0,100.00%,0.071,14,10-4,71.43%,134,76-58,56.72%,,,
all,87,Gabriel Diallo,41,0.895,6345,49.22%,25,10-15,40.00%,0.245,102,44-58,43.14%,1029,500-529,48.59%,,,
all,613,Gabriele Pennaforti,5,0.807,652,45.71%,1,0-1,0.00%,0.091,11,1-10,9.09%,107,41-66,38.32%,,,
all,373,Gabriele Piraino,17,0.879,2420,47.19%,4,2-2,50.00%,0.098,41,14-27,34.15%,380,167-213,43.95%,,,
all,52,Gael Monfils,13,1.007,2184,49.77%,4,3-1,75.00%,0.108,37,16-21,43.24%,343,164-179,47.81%,,,
all,375,Garrett Johns,31,0.910,4548,48.24%,15,4-11,26.67%,0.214,70,24-46,34.29%,697,325-372,46.63%,,,
all,589,Gastao Elias,5,0.525,651,43.78%,0,0-0,,0.000,12,3-9,25.00%,104,39-65,37.50%,,,
all,178,Gauthier Onclin,35,1.092,5121,50.67%,19,8-11,42.11%,0.235,81,44-37,54.32%,783,404-379,51.60%,,,
all,200,Genaro Alberto Olivieri,48,0.913,7072,48.76%,11,7-4,63.64%,0.094,117,55-62,47.01%,1083,517-566,47.74%,,,
all,390,Geoffrey Blancaneaux,27,0.866,3564,47.78%,5,4-1,80.00%,0.079,63,24-39,38.10%,554,248-306,44.77%,,,
all,247,George Loffhagen,19,1.098,2752,50.73%,4,1-3,25.00%,0.089,45,20-25,44.44%,429,216-213,50.35%,,,
all,632,Gerard Campana Lee,12,0.836,1759,46.96%,5,2-3,40.00%,0.172,29,11-18,37.93%,278,122-156,43.88%,,,
all,196,Gianluca Cadenasso,33,1.121,4500,51.36%,5,3-2,60.00%,0.065,77,43-34,55.84%,702,371-331,52.85%,,,
all,435,Gianmarco Ferrari,6,0.863,859,49.48%,2,2-0,100.00%,0.143,14,7-7,50.00%,134,68-66,50.75%,,,
all,1126,Gijs Brouwer,6,0.803,754,45.89%,1,1-0,100.00%,0.067,15,6-9,40.00%,126,53-73,42.06%,,,
all,258,Giles Hussey,32,0.903,4275,49.05%,4,2-2,50.00%,0.055,73,35-38,47.95%,676,323-353,47.78%,,,
all,230,Gilles Arnaud Bailly,35,0.959,5159,49.37%,5,2-3,40.00%,0.057,87,39-48,44.83%,795,385-410,48.43%,,,
all,454,Giovanni Fonio,6,0.920,969,49.33%,3,1-2,33.33%,0.200,15,6-9,40.00%,150,72-78,48.00%,,,
all,91,Giovanni Mpetshi Perricard,44,0.875,7071,48.78%,41,23-18,56.10%,0.369,111,49-62,44.14%,1192,579-613,48.57%,,,
all,153,Giulio Zeppieri,16,0.970,2162,50.51%,6,4-2,66.67%,0.158,38,18-20,47.37%,353,178-175,50.42%,,,
all,160,Gonzalo Bueno,64,0.929,8839,49.25%,15,11-4,73.33%,0.101,148,77-71,52.03%,1370,670-700,48.91%,,,
all,320,Gonzalo Villanueva,45,0.942,6277,49.02%,8,2-6,25.00%,0.077,104,44-60,42.31%,971,468-503,48.20%,,,
all,146,Grigor Dimitrov,24,1.054,3805,49.83%,12,5-7,41.67%,0.194,62,30-32,48.39%,629,316-313,50.24%,,,
all,223,Guido Ivan Justo,67,1.088,9062,51.51%,18,10-8,55.56%,0.118,152,88-64,57.89%,1410,744-666,52.77%,,,
all,568,Guillaume Dalmasso,7,0.655,780,46.41%,2,1-1,50.00%,0.143,14,4-10,28.57%,129,54-75,41.86%,,,
all,141,Gustavo Heide,46,1.231,6367,52.62%,12,10-2,83.33%,0.112,107,71-36,66.36%,990,549-441,55.45%,,,
all,1036,Guto Miguel,5,1.176,677,50.96%,2,1-1,50.00%,0.182,11,6-5,54.55%,105,54-51,51.43%,,,
all,195,Guy Den Ouden,36,1.052,5112,50.92%,8,6-2,75.00%,0.094,85,44-41,51.76%,783,407-376,51.98%,,,
all,334,Hady Habib,16,0.912,2755,49.62%,11,5-6,45.45%,0.268,41,18-23,43.90%,419,208-211,49.64%,,,
all,73,Hamad Medjedovic,35,0.961,5760,50.07%,24,15-9,62.50%,0.270,89,48-41,53.93%,903,455-448,50.39%,,,
all,332,Hamish Stewart,26,1.155,3753,51.19%,13,6-7,46.15%,0.213,61,33-28,54.10%,590,307-283,52.03%,,,
all,255,Harold Mayot,35,1.156,5104,50.82%,14,8-6,57.14%,0.171,82,48-34,58.54%,778,405-373,52.06%,,,
all,205,Harry Wendelken,47,1.109,6944,51.04%,11,6-5,54.55%,0.096,114,64-50,56.14%,1073,558-515,52.00%,,,
all,309,Hayato Matsuoka,38,1.050,5502,49.73%,11,5-6,45.45%,0.126,87,44-43,50.57%,860,421-439,48.95%,,,
all,214,Henri Squire,55,1.049,8146,50.20%,23,13-10,56.52%,0.178,129,69-60,53.49%,1267,647-620,51.07%,,,
all,123,Henrique Rocha,54,1.070,7730,51.38%,21,12-9,57.14%,0.168,125,73-52,58.40%,1236,653-583,52.83%,,,
all,408,Henry Bernet,17,0.864,2662,47.71%,6,2-4,33.33%,0.136,44,16-28,36.36%,421,189-232,44.89%,,,
all,273,Henry Searle,19,1.181,2566,52.30%,6,3-3,50.00%,0.143,42,27-15,64.29%,411,223-188,54.26%,,,
all,409,Hernan Casanova,30,1.139,3759,50.89%,5,3-2,60.00%,0.077,65,37-28,56.92%,586,309-277,52.73%,,,
all,442,Hikaru Shiraishi,7,0.803,1214,47.61%,3,0-3,0.00%,0.167,18,6-12,33.33%,183,85-98,46.45%,,,
all,507,Hiroki Moriya,18,0.972,2753,48.93%,6,2-4,33.33%,0.140,43,18-25,41.86%,418,199-219,47.61%,,,
all,11,Holger Rune,15,1.178,2444,52.00%,9,3-6,33.33%,0.243,37,24-13,64.86%,387,209-178,54.01%,,,
all,18,Hubert Hurkacz,34,1.116,5935,51.37%,28,16-12,57.14%,0.304,92,51-41,55.43%,968,504-464,52.07%,,,
all,143,Hugo Dellien,45,1.063,6519,51.20%,13,9-4,69.23%,0.123,106,63-43,59.43%,1009,537-472,53.22%,,,
all,109,Hugo Gaston,54,1.052,7787,50.80%,12,8-4,66.67%,0.091,132,73-59,55.30%,1220,627-593,51.39%,,,
all,221,Hugo Grenier,33,1.037,4664,50.94%,12,6-6,50.00%,0.154,78,43-35,55.13%,744,385-359,51.75%,,,
all,644,Hyeon Chung,17,0.992,2394,48.37%,6,2-4,33.33%,0.158,38,16-22,42.11%,362,169-193,46.69%,,,
all,268,Hynek Barton,54,1.080,8438,50.71%,22,11-11,50.00%,0.167,132,71-61,53.79%,1316,675-641,51.29%,,,
all,33,Ignacio Buse,61,1.035,9480,50.88%,24,15-9,62.50%,0.158,152,86-66,56.58%,1481,771-710,52.06%,,,
all,693,Ignacio Monzon,8,0.768,993,46.83%,1,1-0,100.00%,0.062,16,4-12,25.00%,153,65-88,42.48%,,,
all,318,Igor Marcondes,24,1.066,3599,50.01%,12,5-7,41.67%,0.211,57,28-29,49.12%,555,275-280,49.55%,,,
all,304,Ilia Simakin,41,1.032,6238,50.40%,17,9-8,52.94%,0.170,100,49-51,49.00%,990,496-494,50.10%,,,
all,406,Ilya Ivashka,26,1.250,3502,52.46%,9,5-4,55.56%,0.150,60,33-27,55.00%,536,287-249,53.54%,,,
all,272,Inaki Montes-De La Torre,37,1.021,5266,50.23%,11,9-2,81.82%,0.126,87,47-40,54.02%,806,408-398,50.62%,,,
all,351,Ioannis Xilas,27,0.996,3504,48.69%,3,3-0,100.00%,0.051,59,27-32,45.76%,540,255-285,47.22%,,,
all,263,Ivan Gakhov,29,0.889,4272,48.74%,9,5-4,55.56%,0.132,68,29-39,42.65%,659,308-351,46.74%,,,
all,584,Ivan Ivanov,15,0.667,2029,45.10%,6,3-3,50.00%,0.182,33,8-25,24.24%,322,128-194,39.75%,,,
all,369,Ivan Marrero Curbelo,15,1.206,1884,51.22%,4,2-2,50.00%,0.118,34,18-16,52.94%,295,152-143,51.53%,,,
all,585,Izan Almazan Valiente,6,0.834,878,47.95%,3,1-2,33.33%,0.214,14,6-8,42.86%,135,64-71,47.41%,,,
all,563,J.J. Wolf,14,1.185,2089,51.22%,7,3-4,42.86%,0.212,33,20-13,60.61%,335,176-159,52.54%,,,
all,143,Jack Draper,15,1.240,2196,51.78%,7,4-3,57.14%,0.189,37,22-15,59.46%,370,196-174,52.97%,,,
all,389,Jack Kennedy,16,1.009,2371,50.06%,4,3-1,75.00%,0.103,39,22-17,56.41%,366,185-181,50.55%,,,
all,426,Jack Loge,5,1.021,906,50.55%,2,2-0,100.00%,0.143,14,7-7,50.00%,135,67-68,49.63%,,,
all,172,Jack Pinnington Jones,33,0.941,4496,50.11%,10,5-5,50.00%,0.135,74,38-36,51.35%,710,361-349,50.85%,,,
all,86,Jacob Fearnley,47,1.026,7626,49.75%,24,9-15,37.50%,0.198,121,56-65,46.28%,1189,587-602,49.37%,,,
all,307,Jacopo Berrettini,14,0.956,1976,47.42%,4,1-3,25.00%,0.121,33,10-23,30.30%,300,128-172,42.67%,,,
all,362,Jacopo Vasami,25,0.845,3440,48.98%,12,8-4,66.67%,0.222,54,25-29,46.30%,525,251-274,47.81%,,,
all,79,Jaime Faria,54,1.084,9037,50.35%,28,12-16,42.86%,0.197,142,75-67,52.82%,1408,713-695,50.64%,,,
all,503,Jake Delaney,11,0.744,1499,46.63%,5,2-3,40.00%,0.200,25,6-19,24.00%,245,105-140,42.86%,,,
all,17,Jakub Mensik,50,1.107,8620,51.17%,31,16-15,51.61%,0.225,138,83-55,60.14%,1394,731-663,52.44%,,,
all,522,Jakub Paul,8,0.900,1255,50.04%,3,2-1,66.67%,0.150,20,9-11,45.00%,194,98-96,50.52%,,,
all,94,James Duckworth,56,1.023,8400,51.14%,27,11-16,40.74%,0.199,136,77-59,56.62%,1341,710-631,52.95%,,,
all,240,James McCabe,44,0.957,6286,49.57%,22,12-10,54.55%,0.222,99,50-49,50.51%,1000,491-509,49.10%,,,
all,442,James Trotter,24,0.942,3549,49.34%,13,4-9,30.77%,0.224,58,24-34,41.38%,572,275-297,48.08%,,,
all,717,James Watt,6,0.961,982,50.00%,4,3-1,75.00%,0.267,15,7-8,46.67%,148,73-75,49.32%,,,
all,931,Jamie Mackenzie,8,1.236,1138,51.23%,3,3-0,100.00%,0.150,20,12-8,60.00%,189,96-93,50.79%,,,
all,88,Jan Choinski,63,1.126,9466,51.67%,22,10-12,45.45%,0.144,153,91-62,59.48%,1500,797-703,53.13%,,,
all,508,Jan Kumstat,15,1.218,2008,52.19%,2,0-2,0.00%,0.057,35,21-14,60.00%,326,176-150,53.99%,,,
all,42,Jan-Lennard Struff,49,1.013,8716,49.71%,35,17-18,48.57%,0.252,139,67-72,48.20%,1409,691-718,49.04%,,,
all,1,Jannik Sinner,72,1.648,10351,56.00%,23,18-5,78.26%,0.127,181,156-25,86.19%,1709,1062-647,62.14%,,,
all,1107,Jason Jung,12,0.864,1642,47.14%,4,3-1,75.00%,0.143,28,9-19,32.14%,262,114-148,43.51%,,,
all,179,Jason Kubler,10,1.114,1149,50.83%,0,0-0,,0.000,22,11-11,50.00%,192,95-97,49.48%,,,
all,43,Jaume Munar,47,1.052,6853,50.94%,13,5-8,38.46%,0.114,114,59-55,51.75%,1087,558-529,51.33%,,,
all,373,Javier Barranco Cosano,13,0.962,1530,49.28%,1,1-0,100.00%,0.037,27,11-16,40.74%,239,113-126,47.28%,,,
all,239,Jay Clarke,51,1.092,7670,51.19%,14,4-10,28.57%,0.113,124,69-55,55.65%,1166,620-546,53.17%,,,
all,376,Jay Friend,28,1.154,4413,50.94%,10,4-6,40.00%,0.145,69,37-32,53.62%,680,358-322,52.65%,,,
all,501,Jelle Sels,21,0.805,2600,46.81%,4,0-4,0.00%,0.087,46,16-30,34.78%,405,173-232,42.72%,,,
all,1091,Jenson Brooksby,39,1.000,5701,49.27%,11,6-5,54.55%,0.118,93,43-50,46.24%,902,438-464,48.56%,,,
all,198,Jerome Kym,26,1.078,4654,49.89%,20,12-8,60.00%,0.278,72,36-36,50.00%,746,365-381,48.93%,,,
all,98,Jesper de Jong,43,1.007,7289,50.47%,17,10-7,58.82%,0.144,118,57-61,48.31%,1156,592-564,51.21%,,,
all,470,Jie Cui,20,0.897,3088,48.70%,12,7-5,58.33%,0.245,49,22-27,44.90%,492,235-257,47.76%,,,
all,12,Jiri Lehecka,56,1.157,8661,51.46%,28,16-12,57.14%,0.200,140,85-55,60.71%,1388,734-654,52.88%,,,
all,448,Joao Eduardo Schiessl,19,0.855,2476,47.66%,3,2-1,66.67%,0.071,42,15-27,35.71%,387,174-213,44.96%,,,
all,27,Joao Fonseca,42,1.060,7054,51.30%,22,14-8,63.64%,0.196,112,68-44,60.71%,1136,598-538,52.64%,,,
all,259,Joao Lucas Reis Da Silva,48,0.978,6868,49.80%,13,4-9,30.77%,0.112,116,55-61,47.41%,1082,528-554,48.80%,,,
all,582,Joaquin Aguilar Cardozo,15,0.876,2098,49.14%,5,2-3,40.00%,0.139,36,14-22,38.89%,316,145-171,45.89%,,,
all,183,Joel Schwaerzler,53,0.937,7950,50.19%,29,19-10,65.52%,0.230,126,67-59,53.17%,1258,637-621,50.64%,,,
all,560,Johan Alexander Rodriguez,12,0.943,1684,49.88%,2,1-1,50.00%,0.074,27,15-12,55.56%,262,134-128,51.15%,,,
all,412,Johan Nikles,12,0.972,1720,49.94%,0,0-0,,0.000,29,14-15,48.28%,257,126-131,49.03%,,,
all,315,Johannus Monday,36,1.046,5121,51.30%,17,6-11,35.29%,0.202,84,47-37,55.95%,857,456-401,53.21%,,,
all,314,Jonas Forejtek,28,0.915,4241,49.56%,16,6-10,37.50%,0.235,68,31-37,45.59%,667,331-336,49.63%,,,
all,113,Jordan Thompson,15,1.066,2211,50.20%,7,4-3,57.14%,0.200,35,17-18,48.57%,343,171-172,49.85%,,,
all,678,Joshua Sheehy,6,1.023,1095,50.32%,9,7-2,77.78%,0.600,15,9-6,60.00%,171,85-86,49.71%,,,
all,765,Josip Simundza,5,0.568,596,44.46%,0,0-0,,0.000,11,2-9,18.18%,96,37-59,38.54%,,,
all,801,Jozef Kovalik,5,0.878,671,47.54%,0,0-0,,0.000,12,4-8,33.33%,111,50-61,45.05%,,,
all,276,Juan Bautista Torres,52,0.997,7736,50.52%,17,7-10,41.18%,0.137,124,62-62,50.00%,1166,596-570,51.11%,,,
all,157,Juan Carlos Prado Angelo,58,0.930,8791,49.87%,22,14-8,63.64%,0.163,135,72-63,53.33%,1343,671-672,49.96%,,,
all,457,Juan Cruz Martin Manzano,11,0.791,1547,46.93%,2,1-1,50.00%,0.074,27,12-15,44.44%,248,113-135,45.56%,,,
all,343,Juan Estevez,19,1.108,2778,50.07%,5,2-3,40.00%,0.111,45,21-24,46.67%,432,215-217,49.77%,,,
all,52,Juan Manuel Cerundolo,55,1.029,8398,50.74%,23,11-12,47.83%,0.167,138,75-63,54.35%,1327,684-643,51.54%,,,
all,287,Juan Manuel La Serna,44,1.048,6475,51.09%,12,5-7,41.67%,0.113,106,59-47,55.66%,984,511-473,51.93%,,,
all,273,Juan Pablo Ficovich,38,1.026,5481,50.70%,12,2-10,16.67%,0.130,92,45-47,48.91%,876,455-421,51.94%,,,
all,274,Juan Pablo Varillas,54,0.994,7723,50.50%,22,10-12,45.45%,0.179,123,66-57,53.66%,1193,615-578,51.55%,,,
all,562,Juan Sebastian Gomez,14,0.956,1962,48.37%,2,0-2,0.00%,0.062,32,12-20,37.50%,305,139-166,45.57%,,,
all,840,Juan Sebastian Osorio,5,0.972,773,48.64%,2,1-1,50.00%,0.154,13,5-8,38.46%,120,55-65,45.83%,,,
all,270,Juncheng Shang,16,0.918,2486,49.32%,7,3-4,42.86%,0.171,41,19-22,46.34%,400,196-204,49.00%,,,
all,136,Jurij Rodionov,63,1.107,9360,51.32%,26,13-13,50.00%,0.173,150,86-64,57.33%,1459,767-692,52.57%,,,
all,393,Justin Boulais,24,0.913,3287,48.68%,5,4-1,80.00%,0.094,53,23-30,43.40%,509,236-273,46.37%,,,
all,190,Justin Engel,45,0.918,6843,49.07%,28,20-8,71.43%,0.252,111,48-63,43.24%,1094,509-585,46.53%,,,
all,259,Kaichi Uchida,38,0.932,5151,49.37%,13,8-5,61.54%,0.148,88,42-46,47.73%,841,413-428,49.11%,,,
all,117,Kamil Majchrzak,43,1.002,7213,50.53%,31,18-13,58.06%,0.279,111,60-51,54.05%,1129,577-552,51.11%,,,
all,554,Karan Singh,20,0.765,2755,46.57%,7,2-5,28.57%,0.156,45,12-33,26.67%,430,186-244,43.26%,,,
all,39,Karen Khachanov,39,1.124,6913,51.05%,25,9-16,36.00%,0.225,111,54-57,48.65%,1115,570-545,51.12%,,,
all,518,Karim Bennani,9,0.846,1276,48.51%,3,1-2,33.33%,0.130,23,10-13,43.48%,211,99-112,46.92%,,,
all,611,Karl Poling,14,0.888,2127,48.52%,6,1-5,16.67%,0.182,33,13-20,39.39%,329,153-176,46.50%,,,
all,421,Kasidit Samrej,15,0.921,2216,48.24%,6,0-6,0.00%,0.182,33,9-24,27.27%,340,154-186,45.29%,,,
all,664,Kaylan Bigun,9,0.855,1065,46.95%,0,0-0,,0.000,20,6-14,30.00%,165,69-96,41.82%,,,
all,831,Keegan Rice,10,0.842,1606,49.19%,6,6-0,100.00%,0.231,26,14-12,53.85%,258,124-134,48.06%,,,
all,209,Keegan Smith,45,1.031,6754,50.98%,25,13-12,52.00%,0.234,107,57-50,53.27%,1084,555-529,51.20%,,,
all,721,Kei Nishikori,13,1.015,1786,49.72%,3,1-2,33.33%,0.097,31,15-16,48.39%,284,141-143,49.65%,,,
all,602,Kenta Miyoshi,13,1.245,1769,52.40%,1,0-1,0.00%,0.031,32,19-13,59.38%,290,157-133,54.14%,,,
all,1340,Khololwam Montsi,5,1.209,763,51.25%,1,0-1,0.00%,0.083,12,7-5,58.33%,115,63-52,54.78%,,,
all,520,Khumoyun Sultanov,5,0.795,591,46.02%,2,1-1,50.00%,0.222,9,2-7,22.22%,89,36-53,40.45%,,,
all,242,Kilian Feldbausch,39,1.197,5391,52.44%,10,4-6,40.00%,0.111,90,57-33,63.33%,834,460-374,55.16%,,,
all,199,Kimmer Coppejans,52,1.099,7782,51.08%,16,6-10,37.50%,0.129,124,69-55,55.65%,1187,623-564,52.49%,,,
all,478,Koki Matsuda,8,0.949,1201,48.38%,3,1-2,33.33%,0.158,19,9-10,47.37%,186,91-95,48.92%,,,
all,534,Kokoro Isomura,16,0.779,2195,47.11%,4,2-2,50.00%,0.111,36,12-24,33.33%,341,150-191,43.99%,,,
all,962,Kriish Tyagi,6,0.970,899,50.17%,3,3-0,100.00%,0.214,14,9-5,64.29%,144,72-72,50.00%,,,
all,270,Kyrian Jacquet,40,1.126,6242,51.71%,19,11-8,57.89%,0.188,101,61-40,60.40%,971,518-453,53.35%,,,
all,221,Laslo Djere,33,1.096,4886,49.98%,18,7-11,38.89%,0.243,74,36-38,48.65%,753,375-378,49.80%,,,
all,473,Laurent Lokoli,18,0.934,2603,48.33%,5,2-3,40.00%,0.116,43,18-25,41.86%,401,187-214,46.63%,,,
all,213,Lautaro Midon,55,1.007,8469,50.18%,13,8-5,61.54%,0.095,137,73-64,53.28%,1299,649-650,49.96%,,,
all,117,Leandro Riedi,25,1.166,3521,51.26%,9,4-5,44.44%,0.153,59,35-24,59.32%,545,295-250,54.13%,,,
all,19,Learner Tien,57,1.041,9261,50.73%,26,18-8,69.23%,0.166,157,93-64,59.24%,1473,774-699,52.55%,,,
all,549,Leo Borg,8,0.832,1069,46.30%,0,0-0,,0.000,19,9-10,47.37%,165,73-92,44.24%,,,
all,646,Leo Raquillet,7,0.722,983,46.29%,1,1-0,100.00%,0.059,17,6-11,35.29%,161,68-93,42.24%,,,
all,651,Leo Vithoontien,7,0.795,995,48.64%,4,0-4,0.00%,0.250,16,6-10,37.50%,158,76-82,48.10%,,,
all,350,Li Tu,21,1.027,3176,49.75%,10,6-4,60.00%,0.208,48,24-24,50.00%,502,246-256,49.00%,,,
all,202,Liam Broady,41,1.221,5684,52.60%,14,8-6,57.14%,0.146,96,58-38,60.42%,893,493-400,55.21%,,,
all,246,Liam Draxl,39,1.120,5511,50.48%,14,6-8,42.86%,0.157,89,46-43,51.69%,845,430-415,50.89%,,,
all,298,Lilian Marmousez,12,1.006,1745,49.68%,6,3-3,50.00%,0.200,30,17-13,56.67%,286,144-142,50.35%,,,
all,186,Lloyd Harris,24,1.153,3494,51.20%,10,1-9,10.00%,0.175,57,32-25,56.14%,550,294-256,53.45%,,,
all,593,Lorenzo Angelini,6,0.870,816,48.04%,0,0-0,,0.000,14,5-9,35.71%,121,55-66,45.45%,,,
all,477,Lorenzo Carboni,17,0.912,2203,46.85%,3,0-3,0.00%,0.077,39,10-29,25.64%,350,149-201,42.57%,,,
all,201,Lorenzo Giustino,52,0.957,7511,50.25%,20,13-7,65.00%,0.165,121,69-52,57.02%,1164,598-566,51.37%,,,
all,454,Lorenzo Joaquin Rodriguez,21,0.975,2836,49.37%,7,2-5,28.57%,0.152,46,18-28,39.13%,428,207-221,48.36%,,,
all,13,Lorenzo Musetti,50,1.086,7072,51.48%,15,7-8,46.67%,0.125,120,73-47,60.83%,1152,615-537,53.39%,,,
all,88,Lorenzo Sonego,37,0.997,6276,49.60%,24,11-13,45.83%,0.235,102,45-57,44.12%,1020,498-522,48.82%,,,
all,539,Louis Wessels,7,0.756,890,47.64%,1,1-0,100.00%,0.059,17,7-10,41.18%,139,63-76,45.32%,,,
all,435,Luca Castelnuovo,15,0.943,2433,48.25%,8,5-3,62.50%,0.222,36,13-23,36.11%,367,169-198,46.05%,,,
all,173,Luca Nardi,29,1.002,4390,49.59%,15,5-10,33.33%,0.214,70,35-35,50.00%,684,340-344,49.71%,,,
all,425,Luca Potenza,13,0.952,1800,48.72%,5,1-4,20.00%,0.192,26,10-16,38.46%,272,128-144,47.06%,,,
all,589,Luca Staeheli,5,0.771,785,47.52%,4,0-4,0.00%,0.333,12,4-8,33.33%,116,54-62,46.55%,,,
all,129,Luca Van Assche,52,1.080,7872,52.03%,12,5-7,41.67%,0.091,132,84-48,63.64%,1227,673-554,54.85%,,,
all,813,Lucas Andrade Da Silva,6,1.065,914,49.67%,5,3-2,60.00%,0.357,14,7-7,50.00%,146,69-77,47.26%,,,
all,439,Lucas Poullain,15,0.832,1986,47.13%,2,1-1,50.00%,0.062,32,8-24,25.00%,308,131-177,42.53%,,,
all,22,Luciano Darderi,63,0.995,9515,50.55%,27,14-13,51.85%,0.174,155,86-69,55.48%,1495,774-721,51.77%,,,
all,311,Luciano Emanuel Ambrogi,38,0.983,5381,49.71%,7,2-5,28.57%,0.077,91,43-48,47.25%,842,415-427,49.29%,,,
all,380,Lucio Ratti,14,1.038,1999,49.92%,4,2-2,50.00%,0.121,33,16-17,48.48%,300,149-151,49.67%,,,
all,405,Lui Maxted,6,0.788,849,47.00%,1,0-1,0.00%,0.067,15,5-10,33.33%,138,62-76,44.93%,,,
all,195,Luka Mikrut,38,1.162,5629,52.60%,11,7-4,63.64%,0.117,94,61-33,64.89%,883,490-393,55.49%,,,
all,208,Luka Pavlovic,42,0.844,5929,48.59%,17,10-7,58.82%,0.168,101,45-56,44.55%,958,454-504,47.39%,,,
all,150,Lukas Klein,14,0.951,2008,49.15%,8,2-6,25.00%,0.250,32,14-18,43.75%,325,158-167,48.62%,,,
all,173,Lukas Neumayer,50,1.027,7125,51.03%,16,10-6,62.50%,0.139,115,69-46,60.00%,1101,588-513,53.41%,,,
all,597,Lukas Pokorny,6,0.832,879,49.83%,0,0-0,,0.000,15,8-7,53.33%,137,69-68,50.36%,,,
all,145,Mackenzie McDonald,34,0.911,4992,48.82%,17,7-10,41.18%,0.212,80,34-46,42.50%,793,381-412,48.05%,,,
all,518,Mae Malige,13,0.866,1706,48.77%,3,0-3,0.00%,0.107,28,12-16,42.86%,259,123-136,47.49%,,,
all,233,Maks Kasnikowski,41,1.101,5858,50.34%,13,6-7,46.15%,0.131,99,52-47,52.53%,933,473-460,50.70%,,,
all,372,Manas Dhamne,28,1.105,4321,50.34%,11,5-6,45.45%,0.164,67,32-35,47.76%,669,335-334,50.07%,,,
all,737,Manish Sureshkumar,7,0.875,837,47.07%,1,1-0,100.00%,0.067,15,6-9,40.00%,133,56-77,42.11%,,,
all,381,Marat Sharipov,29,1.065,4198,51.00%,13,10-3,76.92%,0.197,66,37-29,56.06%,659,338-321,51.29%,,,
all,366,Marc Polmans,14,0.782,2064,47.53%,6,2-4,33.33%,0.176,34,12-22,35.29%,330,154-176,46.67%,,,
all,297,Marc-Andrea Huesler,32,1.038,4717,50.29%,15,7-8,46.67%,0.200,75,36-39,48.00%,753,374-379,49.67%,,,
all,174,Marco Cecchinato,68,1.032,9878,51.16%,28,14-14,50.00%,0.176,159,91-68,57.23%,1546,812-734,52.52%,,,
all,95,Marco Trungelliti,57,1.115,9052,51.62%,28,13-15,46.43%,0.203,138,82-56,59.42%,1376,742-634,53.92%,,,
all,45,Marcos Giron,50,1.002,8240,50.33%,26,10-16,38.46%,0.198,131,65-66,49.62%,1328,670-658,50.45%,,,
all,336,Marek Gengel,28,0.952,3956,49.52%,8,0-8,0.00%,0.119,67,30-37,44.78%,628,309-319,49.20%,,,
all,624,Mariano Kestelboim,9,0.662,1065,44.32%,1,0-1,0.00%,0.053,19,4-15,21.05%,168,63-105,37.50%,,,
all,46,Mariano Navone,61,1.127,9403,51.61%,15,7-8,46.67%,0.099,151,87-64,57.62%,1447,778-669,53.77%,,,
all,182,Marin Cilic,39,0.875,5675,48.99%,19,7-12,36.84%,0.211,90,38-52,42.22%,922,440-482,47.72%,,,
all,189,Mark Lajal,60,1.011,9443,51.00%,30,17-13,56.67%,0.201,149,86-63,57.72%,1489,778-711,52.25%,,,
all,348,Marko Topo,28,0.919,4023,48.97%,9,5-4,55.56%,0.132,68,31-37,45.59%,649,306-343,47.15%,,,
all,326,Martin Damm,49,1.041,7487,50.38%,33,16-17,48.48%,0.280,118,64-54,54.24%,1242,639-603,51.45%,,,
all,261,Martin Krumich,38,1.079,5802,50.41%,10,4-6,40.00%,0.108,93,47-46,50.54%,901,453-448,50.28%,,,
all,143,Martin Landaluce,56,1.026,8721,50.36%,19,7-12,36.84%,0.132,144,71-73,49.31%,1359,687-672,50.55%,,,
all,100,Marton Fucsovics,40,1.033,5786,49.93%,14,6-8,42.86%,0.149,94,46-48,48.94%,910,452-458,49.67%,,,
all,372,Marvin Moeller,16,1.077,2329,50.71%,6,5-1,83.33%,0.158,38,23-15,60.53%,360,188-172,52.22%,,,
all,418,Masamichi Imamura,19,0.974,2427,48.91%,3,1-2,33.33%,0.073,41,16-25,39.02%,382,179-203,46.86%,,,
all,425,Massimo Giunta,8,0.883,1360,49.34%,8,2-6,25.00%,0.400,20,8-12,40.00%,215,104-111,48.37%,,,
all,254,Matej Dodig,49,0.961,7105,49.75%,14,6-8,42.86%,0.119,118,59-59,50.00%,1132,560-572,49.47%,,,
all,548,Mateus Alves,13,0.819,1750,47.03%,3,1-2,33.33%,0.100,30,10-20,33.33%,271,116-155,42.80%,,,
all,297,Matheus Pucinelli De Almeida,39,1.171,5601,52.78%,12,4-8,33.33%,0.129,93,52-41,55.91%,867,475-392,54.79%,,,
all,377,Mathys Erhard,38,0.982,5171,49.76%,18,8-10,44.44%,0.217,83,37-46,44.58%,813,398-415,48.95%,,,
all,296,Matias Soto,44,0.968,6224,49.81%,15,10-5,66.67%,0.149,101,54-47,53.47%,952,475-477,49.89%,,,
all,298,Mats Rosenkranz,33,1.047,4231,51.83%,14,4-10,28.57%,0.197,71,40-31,56.34%,679,367-312,54.05%,,,
all,748,Matt Kuhar,5,0.872,617,48.14%,1,1-0,100.00%,0.091,11,5-6,45.45%,96,42-54,43.75%,,,
all,35,Matteo Arnaldi,31,1.022,5670,49.98%,20,11-9,55.00%,0.225,89,44-45,49.44%,891,438-453,49.16%,,,
all,35,Matteo Berrettini,46,1.081,7184,50.92%,27,15-12,55.56%,0.237,114,64-50,56.14%,1172,602-570,51.37%,,,
all,280,Matteo Martineau,42,0.914,6127,49.19%,22,11-11,50.00%,0.224,98,43-55,43.88%,971,467-504,48.09%,,,
all,448,Matthew Dellavedova,8,0.783,979,45.15%,0,0-0,,0.000,19,5-14,26.32%,161,64-97,39.75%,,,
all,499,Matthew William Donald,5,1.068,691,48.63%,0,0-0,,0.000,11,4-7,36.36%,103,47-56,45.63%,,,
all,101,Mattia Bellucci,49,0.978,6791,49.80%,18,11-7,61.11%,0.162,111,57-54,51.35%,1086,540-546,49.72%,,,
all,700,Matyas Cerny,7,1.101,1040,48.85%,4,2-2,50.00%,0.222,18,8-10,44.44%,160,75-85,46.88%,,,
all,704,Matyas Fuele,5,0.850,782,49.10%,0,0-0,,0.000,13,6-7,46.15%,123,59-64,47.97%,,,
all,181,Max Alcala Gurri,32,1.301,4323,53.25%,9,4-5,44.44%,0.123,73,46-27,63.01%,667,377-290,56.52%,,,
all,257,Max Basing,16,0.917,2592,48.77%,8,4-4,50.00%,0.195,41,18-23,43.90%,381,179-202,46.98%,,,
all,1378,Max Dahlin,5,1.013,907,49.17%,2,2-0,100.00%,0.143,14,8-6,57.14%,147,72-75,48.98%,,,
all,339,Max Hans Rehberg,23,1.138,3295,51.87%,7,2-5,28.57%,0.127,55,30-25,54.55%,536,287-249,53.54%,,,
all,241,Max Houkes,27,1.001,3931,49.48%,12,7-5,58.33%,0.190,63,30-33,47.62%,598,291-307,48.66%,,,
all,310,Max Schoenhaus,19,1.009,2831,49.81%,7,4-3,57.14%,0.152,46,23-23,50.00%,454,227-227,50.00%,,,
all,554,Max Wiskandt,20,0.960,2756,48.91%,5,2-3,40.00%,0.106,47,16-31,34.04%,445,204-241,45.84%,,,
all,304,Maxim Mrva,51,0.963,7744,49.13%,21,8-13,38.10%,0.172,122,56-66,45.90%,1191,580-611,48.70%,,,
all,211,Maxim Zhukov,5,0.777,806,46.53%,2,1-1,50.00%,0.167,12,4-8,33.33%,115,49-66,42.61%,,,
all,488,Maxime Chazal,11,0.845,1560,48.01%,3,1-2,33.33%,0.120,25,9-16,36.00%,241,109-132,45.23%,,,
all,572,Maxime Janvier,13,0.812,1942,48.15%,5,3-2,60.00%,0.167,30,11-19,36.67%,297,135-162,45.45%,,,
all,832,Maximilian Neuchrist,7,0.912,1039,46.68%,6,5-1,83.33%,0.353,17,6-11,35.29%,172,73-99,42.44%,,,
all,625,Maximo Zeitune,11,0.850,1531,46.77%,4,2-2,50.00%,0.154,26,7-19,26.92%,244,102-142,41.80%,,,
all,419,Maximus Jones,33,0.907,5136,49.44%,14,6-8,42.86%,0.169,83,38-45,45.78%,800,394-406,49.25%,,,
all,542,Maxwell Mckennon,6,0.667,697,43.62%,1,0-1,0.00%,0.083,12,2-10,16.67%,105,39-66,37.14%,,,
all,471,Mees Rottgering,11,0.741,1461,47.91%,2,2-0,100.00%,0.077,26,11-15,42.31%,227,105-122,46.26%,,,
all,298,Mert Alkaya,25,1.030,3545,51.00%,8,3-5,37.50%,0.136,59,32-27,54.24%,557,296-261,53.14%,,,
all,794,Micah Braswell,7,0.916,929,46.72%,2,2-0,100.00%,0.118,17,8-9,47.06%,150,69-81,46.00%,,,
all,690,Michael Bassem Sobhy,5,0.786,777,46.98%,4,1-3,25.00%,0.333,12,4-8,33.33%,121,54-67,44.63%,,,
all,342,Michael Geerts,38,1.027,5354,49.96%,20,8-12,40.00%,0.230,87,43-44,49.43%,851,424-427,49.82%,,,
all,187,Michael Mmoh,44,1.067,6185,51.22%,19,12-7,63.16%,0.194,98,58-40,59.18%,969,516-453,53.25%,,,
all,744,Michael Vrbensky,6,0.866,787,47.90%,1,0-1,0.00%,0.071,14,5-9,35.71%,126,54-72,42.86%,,,
all,754,Michael Zheng,31,1.084,4915,51.54%,13,4-9,30.77%,0.165,79,46-33,58.23%,770,411-359,53.38%,,,
all,267,Michele Ribecai,29,0.890,4260,49.51%,8,4-4,50.00%,0.113,71,37-34,52.11%,659,333-326,50.53%,,,
all,286,Miguel Damas,44,0.920,6200,49.13%,16,10-6,62.50%,0.158,101,48-53,47.52%,949,456-493,48.05%,,,
all,473,Miguel Tobon,30,0.869,4496,47.73%,16,10-6,62.50%,0.216,74,29-45,39.19%,701,319-382,45.51%,,,
all,415,Mika Brunold,27,1.021,4123,50.40%,11,8-3,72.73%,0.172,64,35-29,54.69%,634,321-313,50.63%,,,
all,434,Mika Petkovic,8,0.709,1166,45.80%,2,1-1,50.00%,0.105,19,5-14,26.32%,187,79-108,42.25%,,,
all,281,Mikhail Kukushkin,40,1.135,5675,51.03%,18,9-9,50.00%,0.196,92,49-43,53.26%,892,461-431,51.68%,,,
all,352,Mili Poljicak,32,1.072,4543,50.47%,10,6-4,60.00%,0.132,76,42-34,55.26%,712,364-348,51.12%,,,
all,714,Millen Hurrion,5,0.761,676,44.38%,3,1-2,33.33%,0.273,11,1-10,9.09%,109,41-68,37.61%,,,
all,461,Milos Karol,18,0.987,3000,50.20%,12,2-10,16.67%,0.261,46,22-24,47.83%,473,243-230,51.37%,,,
all,55,Miomir Kecmanovic,54,1.075,8695,50.56%,27,15-12,55.56%,0.191,141,72-69,51.06%,1387,700-687,50.47%,,,
all,497,Mirza Basic,5,1.008,629,48.81%,2,1-1,50.00%,0.182,11,5-6,45.45%,105,50-55,47.62%,,,
all,364,Mitchell Krueger,31,1.118,4657,50.93%,16,3-13,18.75%,0.216,74,37-37,50.00%,719,372-347,51.74%,,,
all,545,Mitsuki Wei Kang Leong,12,0.878,1732,48.04%,5,0-5,0.00%,0.179,28,9-19,32.14%,271,124-147,45.76%,,,
all,425,Moerani Bouzige,18,0.775,2331,46.07%,6,2-4,33.33%,0.150,40,10-30,25.00%,374,157-217,41.98%,,,
all,151,Moez Echargui,36,0.994,4992,49.92%,14,7-7,50.00%,0.169,83,39-44,46.99%,808,403-405,49.88%,,,
all,213,Moise Kouame,21,0.913,3242,48.83%,6,3-3,50.00%,0.115,52,22-30,42.31%,488,232-256,47.54%,,,
all,517,Mukund Sasikumar,12,0.964,1833,48.94%,8,5-3,62.50%,0.286,28,12-16,42.86%,291,135-156,46.39%,,,
all,317,Murkel Dellien,41,1.062,5523,49.86%,6,4-2,66.67%,0.064,94,47-47,50.00%,830,418-412,50.36%,,,
all,285,Murphy Cassone,44,0.904,6285,49.85%,17,9-8,52.94%,0.162,105,51-54,48.57%,1002,500-502,49.90%,,,
all,961,Naoya Honda,10,1.080,1373,49.82%,2,0-2,0.00%,0.083,24,10-14,41.67%,215,105-110,48.84%,,,
all,425,Neil Oberleitner,11,0.868,1372,47.23%,2,1-1,50.00%,0.087,23,8-15,34.78%,219,96-123,43.84%,,,
all,235,Nerman Fatic,27,0.983,3992,49.47%,10,4-6,40.00%,0.161,62,30-32,48.39%,622,310-312,49.84%,,,
all,267,Nick Hardt,19,0.991,2750,50.98%,6,4-2,66.67%,0.128,47,26-21,55.32%,425,224-201,52.71%,,,
all,131,Nicolai Budkov Kjaer,53,1.013,7057,50.16%,15,8-7,53.33%,0.120,125,63-62,50.40%,1129,569-560,50.40%,,,
all,475,Nicolas Alvarez Varona,12,0.898,1599,48.59%,2,1-1,50.00%,0.069,29,12-17,41.38%,255,120-135,47.06%,,,
all,718,Nicolas Arseneault,5,0.890,757,47.95%,3,0-3,0.00%,0.231,13,4-9,30.77%,127,58-69,45.67%,,,
all,155,Nicolas Jarry,11,1.249,1598,50.50%,8,2-6,25.00%,0.320,25,9-16,36.00%,252,123-129,48.81%,,,
all,369,Nicolas Kicker,44,0.909,5798,49.81%,7,2-5,28.57%,0.071,99,47-52,47.47%,908,457-451,50.33%,,,
all,223,Nicolas Mejia,61,1.009,9090,50.43%,32,19-13,59.38%,0.225,142,78-64,54.93%,1397,716-681,51.25%,,,
all,544,Nicolas Moreno De Alboran,6,0.944,833,49.10%,1,1-0,100.00%,0.077,13,6-7,46.15%,131,62-69,47.33%,,,
all,664,Nicolas Villalon,9,1.058,1439,49.97%,3,1-2,33.33%,0.130,23,12-11,52.17%,228,115-113,50.44%,,,
all,802,Nicolas Zanellato,5,0.832,784,45.41%,2,2-0,100.00%,0.154,13,4-9,30.77%,124,50-74,40.32%,,,
all,509,Niels McDonald,13,0.858,1882,48.78%,5,1-4,20.00%,0.172,29,11-18,37.93%,290,139-151,47.93%,,,
all,439,Niels Visker,19,0.878,2537,48.76%,11,6-5,54.55%,0.268,41,19-22,46.34%,412,197-215,47.82%,,,
all,214,Nikolas Sanchez Izquierdo,63,1.155,9082,51.05%,25,9-16,36.00%,0.169,148,79-69,53.38%,1408,730-678,51.85%,,,
all,494,Nikolay Vylegzhanin,5,0.868,619,48.95%,1,0-1,0.00%,0.091,11,5-6,45.45%,98,48-50,48.98%,,,
all,133,Nikoloz Basilashvili,32,0.862,4746,48.53%,16,7-9,43.75%,0.216,74,30-44,40.54%,739,351-388,47.50%,,,
all,148,Nishesh Basavareddy,32,1.031,4621,50.81%,9,7-2,77.78%,0.108,83,47-36,56.63%,735,377-358,51.29%,,,
all,423,Norbert Gombos,33,0.954,4692,48.42%,11,6-5,54.55%,0.139,79,32-47,40.51%,745,343-402,46.04%,,,
all,8,Novak Djokovic,32,1.129,6237,52.20%,15,9-6,60.00%,0.143,105,68-37,64.76%,1040,566-474,54.42%,,,
all,36,Nuno Borges,61,0.994,9636,50.15%,33,13-20,39.39%,0.220,150,75-75,50.00%,1530,770-760,50.33%,,,
all,357,Ognjen Milic,22,0.850,3030,49.27%,7,3-4,42.86%,0.132,53,26-27,49.06%,493,246-247,49.90%,,,
all,507,Olaf Pieczkowski,5,0.837,639,49.14%,3,1-2,33.33%,0.300,10,4-6,40.00%,92,45-47,48.91%,,,
all,400,Oleg Prihodko,21,0.896,2888,49.97%,7,3-4,42.86%,0.149,47,21-26,44.68%,454,226-228,49.78%,,,
all,237,Oliver Crawford,43,1.007,6895,51.15%,21,11-10,52.38%,0.194,108,61-47,56.48%,1093,577-516,52.79%,,,
all,348,Oliver Tarvet,18,0.891,2620,48.63%,8,2-6,25.00%,0.186,43,18-25,41.86%,419,200-219,47.73%,,,
all,386,Olle Wallin,23,0.931,3324,48.47%,7,4-3,57.14%,0.127,55,22-33,40.00%,521,243-278,46.64%,,,
all,520,Omar Jasika,19,0.822,2961,47.28%,10,4-6,40.00%,0.217,46,14-32,30.43%,450,196-254,43.56%,,,
all,1215,Orel Kimhi,7,0.839,903,46.84%,2,1-1,50.00%,0.143,14,4-10,28.57%,140,63-77,45.00%,,,
all,319,Oriol Roca Batalla,12,0.933,1665,48.65%,7,3-4,42.86%,0.269,26,9-17,34.62%,268,126-142,47.01%,,,
all,115,Otto Virtanen,51,1.145,7895,51.31%,32,18-14,56.25%,0.260,123,75-48,60.98%,1264,667-597,52.77%,,,
all,184,Pablo Carreno Busta,62,1.111,9676,51.14%,15,11-4,73.33%,0.094,160,97-63,60.62%,1532,816-716,53.26%,,,
all,129,Pablo Llamas Ruiz,51,1.141,7447,51.67%,16,7-9,43.75%,0.132,121,73-48,60.33%,1142,608-534,53.24%,,,
all,113,Patrick Kypson,37,1.111,5629,51.47%,20,11-9,55.00%,0.217,92,54-38,58.70%,910,482-428,52.97%,,,
all,781,Patrick Maloney,5,0.746,622,46.95%,0,0-0,,0.000,11,3-8,27.27%,96,41-55,42.71%,,,
all,401,Patrick Zahraj,23,0.856,3276,47.16%,5,4-1,80.00%,0.098,51,17-34,33.33%,494,212-282,42.91%,,,
all,679,Paul Inchauspe,9,0.979,1349,50.78%,6,3-3,50.00%,0.273,22,13-9,59.09%,213,111-102,52.11%,,,
all,325,Paul Jubb,16,1.063,2581,49.94%,10,5-5,50.00%,0.250,40,20-20,50.00%,390,195-195,50.00%,,,
all,503,Paulo Andre Saraiva Dos Santos,16,0.956,2552,48.94%,8,1-7,12.50%,0.195,41,16-25,39.02%,399,188-211,47.12%,,,
all,243,Pavel Kotov,35,1.152,4841,50.84%,12,7-5,58.33%,0.145,83,46-37,55.42%,779,402-377,51.60%,,,
all,528,Pavle Marinkov,8,0.747,1077,45.31%,2,1-1,50.00%,0.100,20,6-14,30.00%,181,75-106,41.44%,,,
all,1025,Pavlos Tsitsipas,6,0.845,962,46.67%,3,1-2,33.33%,0.200,15,4-11,26.67%,148,63-85,42.57%,,,
all,594,Pedro Araujo,5,0.693,664,44.43%,0,0-0,,0.000,11,2-9,18.18%,101,37-64,36.63%,,,
all,256,Pedro Boscardin Dias,47,0.864,6664,48.32%,15,9-6,60.00%,0.139,108,48-60,44.44%,1027,483-544,47.03%,,,
all,148,Pedro Martinez,44,0.985,6145,49.29%,14,5-9,35.71%,0.136,103,45-58,43.69%,963,472-491,49.01%,,,
all,496,Pedro Sakamoto,19,0.823,2775,47.57%,6,2-4,33.33%,0.136,44,15-29,34.09%,435,197-238,45.29%,,,
all,530,Pedro Vives Marcos,5,0.794,477,49.06%,0,0-0,,0.000,9,4-5,44.44%,78,37-41,47.44%,,,
all,787,Peter Bertran,7,0.948,973,49.13%,2,0-2,0.00%,0.118,17,7-10,41.18%,152,74-78,48.68%,,,
all,567,Peter Fajta,6,1.012,836,49.76%,2,1-1,50.00%,0.154,13,7-6,53.85%,127,64-63,50.39%,,,
all,558,Peter Makk,5,0.877,680,46.03%,0,0-0,,0.000,12,2-10,16.67%,116,49-67,42.24%,,,
all,285,Petr Bar Biryukov,36,0.776,5283,48.32%,20,13-7,65.00%,0.227,88,41-47,46.59%,867,411-456,47.40%,,,
all,340,Petr Brunclik,38,1.233,5320,51.88%,13,6-7,46.15%,0.149,87,53-34,60.92%,815,443-372,54.36%,,,
all,396,Petr Nesterov,13,1.102,1872,50.59%,3,3-0,100.00%,0.100,30,17-13,56.67%,286,149-137,52.10%,,,
all,295,Philip Henning,24,1.132,3241,51.43%,5,3-2,60.00%,0.089,56,32-24,57.14%,499,261-238,52.30%,,,
all,301,Philip Sekulic,38,0.926,5460,49.05%,17,9-8,52.94%,0.193,88,37-51,42.05%,862,410-452,47.56%,,,
all,839,Pierluigi Basile,12,0.722,1599,46.97%,6,3-3,50.00%,0.214,28,10-18,35.71%,257,117-140,45.53%,,,
all,232,Pierre-Hugues Herbert,22,0.943,3410,49.88%,9,2-7,22.22%,0.167,54,24-30,44.44%,550,273-277,49.64%,,,
all,446,Pietro Fellin,15,0.927,1847,48.46%,3,2-1,66.67%,0.097,31,11-20,35.48%,282,131-151,46.45%,,,
all,222,Pol Martin Tiffon,45,1.017,6568,49.92%,14,9-5,64.29%,0.131,107,55-52,51.40%,1014,503-511,49.61%,,,
all,83,Quentin Halys,46,1.023,7014,50.31%,28,17-11,60.71%,0.252,111,54-57,48.65%,1126,561-565,49.82%,,,
all,466,Quinn Vandecasteele,13,0.957,1896,49.21%,7,4-3,57.14%,0.259,27,11-16,40.74%,281,135-146,48.04%,,,
all,519,Radu Albot,23,1.010,3334,49.61%,7,4-3,57.14%,0.135,52,24-28,46.15%,493,235-258,47.67%,,,
all,15,Rafael Jodar,82,1.239,11349,53.63%,17,6-11,35.29%,0.085,200,140-60,70.00%,1806,1043-763,57.75%,,,
all,38,Raphael Collignon,69,1.114,10483,51.57%,40,29-11,72.50%,0.242,165,108-57,65.45%,1689,901-788,53.35%,,,
all,410,Raphael Perot,12,0.978,1832,48.80%,3,1-2,33.33%,0.103,29,11-18,37.93%,274,131-143,47.81%,,,
all,231,Raul Brancaccio,40,1.075,5783,50.16%,13,7-6,53.85%,0.137,95,50-45,52.63%,898,451-447,50.22%,,,
all,538,Reda Bennani,5,0.884,805,48.20%,2,2-0,100.00%,0.154,13,6-7,46.15%,129,59-70,45.74%,,,
all,150,Rei Sakamoto,35,1.135,5060,50.59%,16,7-9,43.75%,0.195,82,43-39,52.44%,799,405-394,50.69%,,,
all,76,Reilly Opelka,21,0.844,3167,48.53%,18,9-9,50.00%,0.360,50,19-31,38.00%,546,261-285,47.80%,,,
all,182,Remy Bertola,48,0.909,6663,49.29%,17,8-9,47.06%,0.156,109,50-59,45.87%,1050,506-544,48.19%,,,
all,330,Renta Tokuda,19,0.925,2683,48.01%,7,3-4,42.86%,0.152,46,18-28,39.13%,431,194-237,45.01%,,,
all,836,Rigele Te,6,0.658,876,45.09%,4,1-3,25.00%,0.286,14,2-12,14.29%,136,54-82,39.71%,,,
all,93,Rinky Hijikata,54,0.915,8181,49.68%,23,14-9,60.87%,0.174,132,66-66,50.00%,1299,651-648,50.12%,,,
all,216,Rio Noguchi,53,1.020,7355,50.67%,14,6-8,42.86%,0.117,120,66-54,55.00%,1151,592-559,51.43%,,,
all,476,Robert Strombachs,18,1.004,2792,49.25%,10,3-7,30.00%,0.233,43,18-25,41.86%,435,211-224,48.51%,,,
all,183,Roberto Bautista Agut,26,0.864,3744,47.25%,11,5-6,45.45%,0.180,61,21-40,34.43%,601,270-331,44.93%,,,
all,176,Roberto Carballes Baena,40,1.060,5810,50.46%,10,4-6,40.00%,0.102,98,49-49,50.00%,906,461-445,50.88%,,,
all,284,Robin Bertrand,28,0.975,4037,48.65%,6,1-5,16.67%,0.092,65,27-38,41.54%,619,292-327,47.17%,,,
all,579,Robin Catry,5,0.829,796,47.99%,3,0-3,0.00%,0.250,12,2-10,16.67%,123,56-67,45.53%,,,
all,320,Rodrigo Pacheco Mendez,45,1.075,6435,50.43%,16,3-13,18.75%,0.152,105,49-56,46.67%,1008,509-499,50.50%,,,
all,152,Roman Andres Burruchaga,65,1.172,9663,51.76%,17,7-10,41.18%,0.108,157,95-62,60.51%,1478,800-678,54.13%,,,
all,132,Roman Safiullin,38,1.109,6349,51.79%,16,9-7,56.25%,0.154,104,60-44,57.69%,1007,534-473,53.03%,,,
all,484,Rudolf Molleker,14,0.934,2221,48.40%,5,3-2,60.00%,0.143,35,15-20,42.86%,339,159-180,46.90%,,,
all,594,Ryan Dickerson,10,0.769,1265,46.40%,1,1-0,100.00%,0.045,22,8-14,36.36%,199,84-115,42.21%,,,
all,488,Ryan Nijboer,9,0.850,1143,47.94%,2,0-2,0.00%,0.105,19,6-13,31.58%,180,83-97,46.11%,,,
all,231,Ryan Peniston,18,1.136,2737,51.15%,6,2-4,33.33%,0.143,42,21-21,50.00%,414,214-200,51.69%,,,
all,750,Ryan Seggerman,7,1.133,1103,51.04%,4,1-3,25.00%,0.235,17,9-8,52.94%,169,86-83,50.89%,,,
all,995,Ryotaro Taguchi,5,0.783,636,46.23%,1,1-0,100.00%,0.091,11,3-8,27.27%,106,45-61,42.45%,,,
all,565,Ryuki Matsuda,6,0.765,847,45.93%,1,0-1,0.00%,0.067,15,3-12,20.00%,139,58-81,41.73%,,,
all,653,S D Prajwal Dev,6,0.503,676,41.27%,0,0-0,,0.000,12,1-11,8.33%,104,34-70,32.69%,,,
all,665,Saba Purtseladze,15,0.613,1970,44.16%,4,1-3,25.00%,0.121,33,5-28,15.15%,307,115-192,37.46%,,,
all,349,Samir Banerjee,11,1.197,1602,52.12%,4,2-2,50.00%,0.160,25,14-11,56.00%,244,131-113,53.69%,,,
all,656,Samuel Alejandro Linde Palacios,10,0.677,1260,42.78%,2,1-1,50.00%,0.091,22,3-19,13.64%,189,62-127,32.80%,,,
all,727,Samuel Heredia,11,0.864,1718,47.90%,3,2-1,66.67%,0.111,27,11-16,40.74%,259,117-142,45.17%,,,
all,400,Samuele Pieri,14,0.881,2136,48.08%,5,2-3,40.00%,0.147,34,12-22,35.29%,333,149-184,44.74%,,,
all,293,Sandro Kopp,39,0.995,5874,50.12%,16,5-11,31.25%,0.168,95,49-46,51.58%,910,459-451,50.44%,,,
all,369,Sanhui Shin,13,0.929,1733,48.18%,2,1-1,50.00%,0.069,29,11-18,37.93%,266,122-144,45.86%,,,
all,625,Santiago De La Fuente,10,0.752,1509,45.26%,2,1-1,50.00%,0.087,23,4-19,17.39%,225,90-135,40.00%,,,
all,384,Santiago Rodriguez Taverna,35,0.944,5504,48.95%,15,8-7,53.33%,0.169,89,38-51,42.70%,866,414-452,47.81%,,,
all,313,Sascha Gueymard Wayenburg,45,0.931,6363,49.32%,18,7-11,38.89%,0.176,102,42-60,41.18%,1001,481-520,48.05%,,,
all,341,Sean Cuenin,6,0.831,759,47.30%,6,1-5,16.67%,0.545,11,2-9,18.18%,120,53-67,44.17%,,,
all,28,Sebastian Baez,54,0.986,7578,50.07%,10,6-4,60.00%,0.081,124,65-59,52.42%,1179,589-590,49.96%,,,
all,516,Sebastian Gima,15,0.833,1903,46.24%,4,2-2,50.00%,0.125,32,9-23,28.12%,301,128-173,42.52%,,,
all,36,Sebastian Korda,41,1.234,6152,52.13%,16,9-7,56.25%,0.162,99,61-38,61.62%,985,534-451,54.21%,,,
all,124,Sebastian Ofner,49,1.090,7586,50.79%,22,13-9,59.09%,0.182,121,65-56,53.72%,1194,609-585,51.01%,,,
all,421,Semen Pankin,10,1.094,1484,50.74%,3,2-1,66.67%,0.120,25,15-10,60.00%,238,126-112,52.94%,,,
all,302,Sergey Fomin,29,0.882,4288,48.76%,10,6-4,60.00%,0.143,70,33-37,47.14%,680,322-358,47.35%,,,
all,452,Sergio Callejon Hernando,11,1.081,1547,50.10%,2,1-1,50.00%,0.074,27,13-14,48.15%,241,120-121,49.79%,,,
all,117,Shintaro Mochizuki,44,0.974,6742,49.30%,14,8-6,57.14%,0.128,109,52-57,47.71%,1035,500-535,48.31%,,,
all,194,Sho Shimabukuro,60,1.089,8813,50.69%,22,15-7,68.18%,0.154,143,82-61,57.34%,1405,725-680,51.60%,,,
all,537,Shunsuke Mitsui,5,0.931,648,50.31%,4,2-2,50.00%,0.400,10,4-6,40.00%,100,49-51,49.00%,,,
all,540,Sidharth Rawat,9,0.755,1208,45.70%,3,2-1,66.67%,0.150,20,5-15,25.00%,186,76-110,40.86%,,,
all,158,Soonwoo Kwon,25,1.290,3490,53.41%,11,9-2,81.82%,0.193,57,43-14,75.44%,540,313-227,57.96%,,,
all,524,Spencer Johnson,5,0.908,612,50.49%,2,2-0,100.00%,0.182,11,7-4,63.64%,105,55-50,52.38%,,,
all,118,Stan Wawrinka,40,0.943,6157,50.02%,23,13-10,56.52%,0.240,96,47-49,48.96%,995,496-499,49.85%,,,
all,261,Stefan Dostanic,30,1.133,4226,51.51%,9,3-6,33.33%,0.127,71,41-30,57.75%,668,355-313,53.14%,,,
all,296,Stefan Kozlov,38,1.182,5657,50.79%,12,5-7,41.67%,0.128,94,50-44,53.19%,866,443-423,51.15%,,,
all,411,Stefan Palosi,19,0.939,2701,48.57%,4,3-1,75.00%,0.089,45,21-24,46.67%,410,188-222,45.85%,,,
all,229,Stefano Napolitano,40,1.104,5597,50.76%,21,10-11,47.62%,0.226,93,53-40,56.99%,900,471-429,52.33%,,,
all,142,Stefano Travaglia,58,1.229,8622,52.34%,25,8-17,32.00%,0.182,137,84-53,61.31%,1345,735-610,54.65%,,,
all,153,Stefanos Sakellaridis,47,1.054,6963,50.71%,19,11-8,57.89%,0.165,115,63-52,54.78%,1121,574-547,51.20%,,,
all,11,Stefanos Tsitsipas,43,1.126,6572,51.00%,26,10-16,38.46%,0.245,106,58-48,54.72%,1078,564-514,52.32%,,,
all,660,Strong Kirchheimer,6,0.839,918,48.15%,3,2-1,66.67%,0.200,15,6-9,40.00%,149,69-80,46.31%,,,
all,384,Stuart Parker,9,1.122,1204,51.00%,2,1-1,50.00%,0.091,22,11-11,50.00%,191,99-92,51.83%,,,
all,246,Sumit Nagal,47,1.056,6767,50.91%,12,4-8,33.33%,0.109,110,62-48,56.36%,1054,551-503,52.28%,,,
all,584,Svyatoslav Gulin,14,0.950,2108,47.91%,4,1-3,25.00%,0.114,35,11-24,31.43%,326,146-180,44.79%,,,
all,587,Taha Baadi,6,0.740,658,43.62%,0,0-0,,0.000,13,2-11,15.38%,104,35-69,33.65%,,,
all,512,Tai Sach,12,0.873,1727,47.31%,2,2-0,100.00%,0.067,30,12-18,40.00%,267,116-151,43.45%,,,
all,523,Takuya Kumasaka,9,0.774,1274,45.45%,4,0-4,0.00%,0.190,21,5-16,23.81%,194,73-121,37.63%,,,
all,69,Tallon Griekspoor,41,0.918,6335,48.98%,22,10-12,45.45%,0.214,103,46-57,44.66%,1048,507-541,48.38%,,,
all,194,Taro Daniel,33,1.061,4890,51.10%,13,4-9,30.77%,0.163,80,45-35,56.25%,778,413-365,53.08%,,,
all,8,Taylor Fritz,61,1.196,10444,51.82%,42,27-15,64.29%,0.263,160,96-64,60.00%,1693,886-807,52.33%,,,
all,31,Taym Al Azmeh,5,0.880,716,49.86%,1,0-1,0.00%,0.091,11,6-5,54.55%,112,58-54,51.79%,,,
all,46,Terence Atmane,43,0.901,6244,49.01%,15,8-7,53.33%,0.143,105,47-58,44.76%,1037,504-533,48.60%,,,
all,456,Thanasi Kokkinakis,9,1.011,1660,50.84%,5,2-3,40.00%,0.185,27,14-13,51.85%,261,136-125,52.11%,,,
all,115,Thiago Agustin Tirante,59,1.102,8585,51.09%,23,11-12,47.83%,0.164,140,81-59,57.86%,1374,725-649,52.77%,,,
all,722,Thiago Cigarran,8,0.858,1190,48.07%,3,0-3,0.00%,0.158,19,7-12,36.84%,179,82-97,45.81%,,,
all,303,Thiago Monteiro,37,1.037,5155,50.67%,16,9-7,56.25%,0.190,84,46-38,54.76%,834,425-409,50.96%,,,
all,206,Thiago Seyboth Wild,37,1.029,5027,51.94%,7,4-3,57.14%,0.081,86,49-37,56.98%,802,431-371,53.74%,,,
all,529,Thijs Boogaard,7,0.888,1112,48.47%,2,1-1,50.00%,0.105,19,8-11,42.11%,172,80-92,46.51%,,,
all,321,Thomas Faurel,19,0.834,2844,48.24%,7,0-7,0.00%,0.152,46,16-30,34.78%,452,209-243,46.24%,,,
all,371,Tiago Pereira,33,0.806,4619,46.46%,10,4-6,40.00%,0.130,77,20-57,25.97%,734,305-429,41.55%,,,
all,427,Tiago Torres,10,0.807,1505,48.31%,1,1-0,100.00%,0.042,24,11-13,45.83%,223,105-118,47.09%,,,
all,500,Tibo Colson,13,0.998,2134,48.78%,6,3-3,50.00%,0.188,32,14-18,43.75%,316,147-169,46.52%,,,
all,961,Timo Legout,10,1.249,1266,52.21%,0,0-0,,0.000,21,15-6,71.43%,194,110-84,56.70%,,,
all,150,Timofey Skatov,54,1.012,7713,49.84%,19,7-12,36.84%,0.152,125,60-65,48.00%,1198,593-605,49.50%,,,
all,185,Titouan Droguet,59,1.055,8699,50.95%,25,17-8,68.00%,0.172,145,83-62,57.24%,1385,713-672,51.48%,,,
all,112,Toby Samuel,55,1.180,7555,53.18%,17,13-4,76.47%,0.134,127,89-38,70.08%,1189,680-509,57.19%,,,
all,186,Tom Gentzsch,54,1.029,7977,50.88%,24,11-13,45.83%,0.192,125,70-55,56.00%,1241,645-596,51.97%,,,
all,372,Tom Paris,16,0.882,2191,48.97%,8,4-4,50.00%,0.216,37,15-22,40.54%,361,173-188,47.92%,,,
all,139,Tomas Barrios Vera,50,1.053,7271,50.98%,18,8-10,44.44%,0.155,116,65-51,56.03%,1133,596-537,52.60%,,,
all,43,Tomas Machac,30,0.932,4447,49.54%,11,7-4,63.64%,0.143,77,42-35,54.55%,718,360-358,50.14%,,,
all,30,Tomas Martin Etcheverry,55,1.015,8547,50.18%,32,20-12,62.50%,0.230,139,73-66,52.52%,1392,695-697,49.93%,,,
all,567,Tomasz Berkieta,10,0.961,1324,48.34%,4,0-4,0.00%,0.190,21,5-16,23.81%,204,93-111,45.59%,,,
all,358,Tommaso Compagnucci,13,0.969,1797,49.08%,7,3-4,42.86%,0.241,29,14-15,48.28%,286,139-147,48.60%,,,
all,21,Tommy Paul,48,1.166,8434,51.70%,28,17-11,60.71%,0.214,131,82-49,62.60%,1329,714-615,53.72%,,,
all,436,Trevor Svajda,13,0.896,1848,49.62%,5,2-3,40.00%,0.172,29,12-17,41.38%,289,140-149,48.44%,,,
all,162,Tristan Boyer,31,0.967,4739,50.31%,10,6-4,60.00%,0.130,77,40-37,51.95%,743,375-368,50.47%,,,
all,604,Tristan McCormick,10,0.832,1506,48.21%,5,3-2,60.00%,0.217,23,9-14,39.13%,228,105-123,46.05%,,,
all,148,Tristan Schoolkate,38,1.014,6029,50.19%,23,9-14,39.13%,0.245,94,44-50,46.81%,956,474-482,49.58%,,,
all,612,Tsung-Hao Huang,9,0.788,1317,48.37%,4,2-2,50.00%,0.190,21,8-13,38.10%,194,88-106,45.36%,,,
all,644,Tuncay Duran,5,0.914,832,49.40%,4,2-2,50.00%,0.308,13,6-7,46.15%,125,58-67,46.40%,,,
all,329,Tung-Lin Wu,35,1.024,5444,49.96%,19,9-10,47.37%,0.218,87,43-44,49.43%,851,421-430,49.47%,,,
all,343,Tyler Zink,42,1.016,5731,49.35%,16,7-9,43.75%,0.168,95,39-56,41.05%,919,441-478,47.99%,,,
all,173,Ugo Blanchet,30,0.843,4696,48.25%,18,10-8,55.56%,0.250,72,27-45,37.50%,734,341-393,46.46%,,,
all,28,Ugo Humbert,56,1.009,8261,50.76%,29,17-12,58.62%,0.216,134,75-59,55.97%,1349,694-655,51.45%,,,
all,416,Vadym Ursu,16,0.921,2442,48.98%,6,2-4,33.33%,0.154,39,15-24,38.46%,365,168-197,46.03%,,,
all,203,Valentin Royer,55,0.928,8603,49.70%,27,14-13,51.85%,0.199,136,63-73,46.32%,1351,662-689,49.00%,,,
all,18,Valentin Vacherot,47,1.090,7156,51.83%,21,13-8,61.90%,0.181,116,71-45,61.21%,1147,616-531,53.71%,,,
all,442,Valerio Aboian,25,0.894,3541,48.74%,7,4-3,57.14%,0.123,57,28-29,49.12%,537,256-281,47.67%,,,
all,493,Viktor Durasovic,25,0.889,3821,47.45%,14,9-5,64.29%,0.230,61,23-38,37.70%,607,273-334,44.98%,,,
all,128,Vilius Gaubas,54,0.965,9123,49.90%,31,11-20,35.48%,0.226,137,68-69,49.64%,1374,697-677,50.73%,,,
all,125,Vit Kopriva,60,0.975,8626,49.85%,12,6-6,50.00%,0.083,144,75-69,52.08%,1362,682-680,50.07%,,,
all,215,Vitaliy Sachko,37,0.980,5569,49.65%,11,7-4,63.64%,0.121,91,43-48,47.25%,880,433-447,49.20%,,,
all,530,Vladyslav Orlov,8,0.852,1230,46.42%,3,1-2,33.33%,0.150,20,4-16,20.00%,197,81-116,41.12%,,,
all,801,Wilson Leite,6,0.779,705,44.82%,0,0-0,,0.000,14,4-10,28.57%,115,46-69,40.00%,,,
all,287,Yanki Erel,14,1.086,2340,49.87%,11,6-5,54.55%,0.314,35,17-18,48.57%,359,180-179,50.14%,,,
all,98,Yannick Hanfmann,53,1.174,8128,51.05%,33,17-16,51.52%,0.256,129,70-59,54.26%,1319,685-634,51.93%,,,
all,312,Yasutaka Uchiyama,32,1.022,4859,50.50%,14,6-8,42.86%,0.182,77,39-38,50.65%,769,396-373,51.50%,,,
all,662,Ye Cong Mo,5,0.921,589,48.73%,0,0-0,,0.000,11,5-6,45.45%,98,47-51,47.96%,,,
all,239,Yi Zhou,37,1.008,5476,50.22%,19,8-11,42.11%,0.211,90,45-45,50.00%,879,440-439,50.06%,,,
all,106,Yibing Wu,30,1.055,4463,50.68%,11,8-3,72.73%,0.153,72,40-32,55.56%,718,373-345,51.95%,,,
all,131,Yoshihito Nishioka,23,1.056,3357,50.55%,7,4-3,57.14%,0.125,56,33-23,58.93%,542,279-263,51.48%,,,
all,316,Yosuke Watanuki,21,0.910,2950,49.80%,7,4-3,57.14%,0.137,51,26-25,50.98%,459,232-227,50.54%,,,
all,222,Yu Hsiou Hsu,37,0.934,5312,49.68%,11,6-5,54.55%,0.128,86,43-43,50.00%,820,405-415,49.39%,,,
all,578,Yuki Mochizuki,5,0.565,551,41.20%,1,0-1,0.00%,0.100,10,0-10,0.00%,88,27-61,30.68%,,,
all,109,Yunchaokete Bu,44,1.058,6390,51.21%,23,13-10,56.52%,0.228,101,64-37,63.37%,1017,544-473,53.49%,,,
all,670,Yusuke Takahashi,12,0.787,1748,46.80%,4,2-2,50.00%,0.143,28,9-19,32.14%,269,114-155,42.38%,,,
all,383,Yuta Shimizu,37,0.978,5911,49.30%,17,9-8,52.94%,0.189,90,40-50,44.44%,900,432-468,48.00%,,,
all,165,Zachary Svajda,28,0.925,4743,49.53%,14,8-6,57.14%,0.175,80,42-38,52.50%,779,386-393,49.55%,,,
all,154,Zdenek Kolar,77,1.092,10821,51.15%,21,8-13,38.10%,0.120,175,100-75,57.14%,1653,875-778,52.93%,,,
all,156,Zhizhen Zhang,36,0.914,5570,49.66%,25,9-16,36.00%,0.294,85,39-46,45.88%,880,432-448,49.09%,,,
all,34,Zizou Bergs,57,1.050,8836,50.28%,26,12-14,46.15%,0.182,143,72-71,50.35%,1418,713-705,50.28%,,,
all,119,Zsombor Piros,43,1.069,6072,52.24%,13,9-4,69.23%,0.129,101,69-32,68.32%,961,541-420,56.30%,,,
clay,261,Abdullah Shelbayh,8,0.793,1370,45.18%,5,2-3,40.00%,0.238,21,5-16,23.81%,200,80-120,40.00%,,,
clay,91,Adam Walton,5,0.651,885,46.78%,1,1-0,100.00%,0.067,15,6-9,40.00%,130,58-72,44.62%,,,
clay,65,Adolfo Daniel Vallejo,70,1.184,9497,52.92%,14,7-7,50.00%,0.087,160,109-51,68.12%,1470,837-633,56.94%,,,
clay,874,Adrian Andreev,5,0.942,814,46.81%,2,1-1,50.00%,0.167,12,3-9,25.00%,115,47-68,40.87%,,,
clay,73,Adrian Mannarino,8,0.718,1115,43.68%,1,0-1,0.00%,0.053,19,2-17,10.53%,173,63-110,36.42%,,,
clay,650,Alan Magadan,9,0.976,1430,49.30%,4,2-2,50.00%,0.182,22,11-11,50.00%,217,105-112,48.39%,,,
clay,20,Alejandro Davidovich Fokina,10,0.804,1615,48.54%,3,1-2,33.33%,0.111,27,14-13,51.85%,261,126-135,48.28%,,,
clay,222,Alejandro Moro Canas,36,1.109,5544,50.87%,23,10-13,43.48%,0.267,86,45-41,52.33%,856,440-416,51.40%,,,
clay,26,Alejandro Tabilo,42,1.248,6536,52.22%,16,6-10,37.50%,0.151,106,63-43,59.43%,1028,558-470,54.28%,,,
clay,450,Alejo Sanchez Quilez,11,0.863,1591,50.09%,2,1-1,50.00%,0.074,27,12-15,44.44%,249,124-125,49.80%,,,
clay,108,Aleksandar Kovacevic,11,0.842,1648,48.85%,4,2-2,50.00%,0.143,28,12-16,42.86%,265,124-141,46.79%,,,
clay,67,Aleksandar Vukic,7,0.761,1049,47.66%,2,0-2,0.00%,0.105,19,6-13,31.58%,168,76-92,45.24%,,,
clay,84,Aleksandr Shevchenko,12,1.019,1811,51.24%,7,2-5,28.57%,0.241,29,16-13,55.17%,273,147-126,53.85%,,,
clay,264,Alex Barrena,47,0.917,6551,49.06%,15,6-9,40.00%,0.136,110,51-59,46.36%,1016,490-526,48.23%,,,
clay,498,Alex Hernandez,14,0.870,2224,47.39%,4,2-2,50.00%,0.108,37,15-22,40.54%,351,157-194,44.73%,,,
clay,517,Alex Marti Pujolras,5,0.908,649,47.15%,1,0-1,0.00%,0.100,10,2-8,20.00%,98,42-56,42.86%,,,
clay,355,Alex Martinez,11,1.003,1537,50.23%,6,3-3,50.00%,0.240,25,13-12,52.00%,240,121-119,50.42%,,,
clay,41,Alex Michelsen,13,1.002,2077,49.78%,5,4-1,80.00%,0.143,35,19-16,54.29%,331,165-166,49.85%,,,
clay,81,Alex Molcan,33,1.249,4190,53.01%,4,3-1,75.00%,0.056,72,50-22,69.44%,656,374-282,57.01%,,,
clay,332,Alex Rybakov,6,0.965,983,48.73%,3,2-1,66.67%,0.200,15,6-9,40.00%,154,73-81,47.40%,,,
clay,7,Alex de Minaur,13,1.019,2140,50.33%,4,3-1,75.00%,0.114,35,19-16,54.29%,329,168-161,51.06%,,,
clay,205,Alexander Blockx,26,1.151,4063,52.35%,11,7-4,63.64%,0.167,66,43-23,65.15%,662,358-304,54.08%,,,
clay,11,Alexander Bublik,16,0.907,2316,49.78%,5,2-3,40.00%,0.132,38,20-18,52.63%,381,194-187,50.92%,,,
clay,549,Alexander Donski,8,0.786,1227,47.51%,6,3-3,50.00%,0.316,19,7-12,36.84%,198,91-107,45.96%,,,
clay,496,Alexander Ritschard,11,1.148,1507,52.22%,3,2-1,66.67%,0.120,25,15-10,60.00%,231,126-105,54.55%,,,
clay,100,Alexander Shevchenko,15,1.091,2109,49.88%,5,4-1,80.00%,0.139,36,17-19,47.22%,333,163-170,48.95%,,,
clay,592,Alexander Vasilev,16,0.860,1988,48.64%,2,1-1,50.00%,0.061,33,16-17,48.48%,301,145-156,48.17%,,,
clay,3,Alexander Zverev,24,1.441,3777,54.17%,8,4-4,50.00%,0.121,66,48-18,72.73%,624,363-261,58.17%,,,
clay,132,Alexandre Muller,17,0.855,2317,48.42%,5,3-2,60.00%,0.128,39,15-24,38.46%,365,166-199,45.48%,,,
clay,25,Alexei Popyrin,12,1.027,1805,50.08%,5,1-4,20.00%,0.161,31,14-17,45.16%,302,151-151,50.00%,,,
clay,413,Alexey Vatutin,6,0.945,858,49.30%,2,2-0,100.00%,0.143,14,7-7,50.00%,129,61-68,47.29%,,,
clay,272,Alvaro Guillen Meza,61,1.037,9471,50.27%,24,14-10,58.33%,0.162,148,79-69,53.38%,1432,721-711,50.35%,,,
clay,304,Andrea Collarini,35,1.023,5160,50.37%,11,3-8,27.27%,0.131,84,44-40,52.38%,798,407-391,51.00%,,,
clay,227,Andrea Guerrieri,23,1.046,3458,50.23%,8,6-2,75.00%,0.151,53,30-23,56.60%,520,263-257,50.58%,,,
clay,137,Andrea Pellegrino,39,1.027,5726,50.59%,9,6-3,66.67%,0.095,95,52-43,54.74%,890,459-431,51.57%,,,
clay,393,Andrea Picchione,8,1.075,1070,52.15%,3,2-1,66.67%,0.167,18,11-7,61.11%,170,93-77,54.71%,,,
clay,404,Andrej Martin,19,1.002,2601,49.56%,5,2-3,40.00%,0.116,43,19-24,44.19%,405,194-211,47.90%,,,
clay,244,Andrej Nedic,38,1.088,5080,51.36%,7,3-4,42.86%,0.080,87,50-37,57.47%,792,423-369,53.41%,,,
clay,223,Andres Andrade,10,1.042,1397,49.25%,4,3-1,75.00%,0.174,23,11-12,47.83%,215,102-113,47.44%,,,
clay,381,Andres Martin,5,0.893,808,48.89%,0,0-0,,0.000,13,5-8,38.46%,129,61-68,47.29%,,,
clay,726,Andres Santamarta Roig,13,0.887,1629,49.36%,0,0-0,,0.000,27,13-14,48.15%,251,124-127,49.40%,,,
clay,642,Andrew Paulson,8,0.925,1188,49.49%,2,1-1,50.00%,0.105,19,10-9,52.63%,179,89-90,49.72%,,,
clay,16,Andrey Rublev,22,1.118,3591,51.68%,9,5-4,55.56%,0.155,58,38-20,65.52%,559,305-254,54.56%,,,
clay,262,Andy Andrade,11,0.910,1567,49.65%,3,2-1,66.67%,0.120,25,14-11,56.00%,249,123-126,49.40%,,,
clay,352,Antoine Ghibaudo,8,0.973,1096,51.73%,0,0-0,,0.000,18,12-6,66.67%,165,92-73,55.76%,,,
clay,373,Anton Matusevich,6,0.835,832,48.92%,2,1-1,50.00%,0.154,13,6-7,46.15%,130,64-66,49.23%,,,
clay,769,Arklon Huertas Del Pino Cordova,9,1.035,1364,49.19%,4,0-4,0.00%,0.190,21,9-12,42.86%,212,104-108,49.06%,,,
clay,114,Arthur Fery,12,1.134,1841,52.58%,3,1-2,33.33%,0.107,28,19-9,67.86%,280,154-126,55.00%,,,
clay,24,Arthur Fils,11,1.192,1450,52.48%,5,4-1,80.00%,0.208,24,18-6,75.00%,236,132-104,55.93%,,,
clay,127,Arthur Gea,21,1.051,3156,51.05%,13,8-5,61.54%,0.265,49,30-19,61.22%,488,257-231,52.66%,,,
clay,29,Arthur Rinderknech,16,1.195,2520,51.63%,6,3-3,50.00%,0.150,40,22-18,55.00%,396,209-187,52.78%,,,
clay,227,August Holmgren,7,1.177,1148,50.96%,4,2-2,50.00%,0.222,18,10-8,55.56%,179,91-88,50.84%,,,
clay,525,Aziz Ouakaa,5,0.787,558,41.94%,0,0-0,,0.000,11,1-10,9.09%,91,28-63,30.77%,,,
clay,300,Beibit Zhukayev,6,0.924,1013,49.75%,4,3-1,75.00%,0.267,15,9-6,60.00%,154,77-77,50.00%,,,
clay,10,Ben Shelton,13,1.110,2227,51.19%,10,8-2,80.00%,0.286,35,21-14,60.00%,371,192-179,51.75%,,,
clay,70,Benjamin Bonzi,5,0.866,838,47.61%,3,2-1,66.67%,0.214,14,5-9,35.71%,136,61-75,44.85%,,,
clay,506,Benjamin Hassan,10,0.984,1536,48.96%,1,1-0,100.00%,0.040,25,11-14,44.00%,235,113-122,48.09%,,,
clay,732,Benjamin Torrealba,5,0.842,693,43.43%,1,0-1,0.00%,0.083,12,2-10,16.67%,110,40-70,36.36%,,,
clay,834,Bernabe Zapata Miralles,6,0.668,752,42.69%,1,0-1,0.00%,0.071,14,2-12,14.29%,119,41-78,34.45%,,,
clay,171,Bernard Tomic,5,1.169,799,52.82%,1,0-1,0.00%,0.083,12,8-4,66.67%,113,64-49,56.64%,,,
clay,155,Billy Harris,7,0.860,934,47.97%,1,1-0,100.00%,0.059,17,7-10,41.18%,155,71-84,45.81%,,,
clay,70,Botic van de Zandschulp,11,0.986,1741,50.55%,6,4-2,66.67%,0.222,27,15-12,55.56%,263,133-130,50.57%,,,
clay,31,Brandon Nakashima,10,1.132,1639,51.74%,5,1-4,20.00%,0.179,28,15-13,53.57%,278,148-130,53.24%,,,
clay,628,Bruno Fernandez,15,0.898,2425,47.79%,6,0-6,0.00%,0.162,37,11-26,29.73%,370,171-199,46.22%,,,
clay,616,Bruno Kuzuhara,6,0.946,949,48.37%,1,0-1,0.00%,0.062,16,5-11,31.25%,153,68-85,44.44%,,,
clay,251,Buvaysar Gadamauri,27,0.967,4083,50.62%,14,9-5,64.29%,0.219,64,39-25,60.94%,630,325-305,51.59%,,,
clay,291,Calvin Hemery,17,1.093,2341,50.45%,9,6-3,66.67%,0.231,39,22-17,56.41%,363,186-177,51.24%,,,
clay,48,Cameron Norrie,11,0.850,1761,48.89%,7,3-4,42.86%,0.259,27,11-16,40.74%,274,132-142,48.18%,,,
clay,95,Camilo Ugo Carabelli,30,1.047,4750,50.06%,14,9-5,64.29%,0.187,75,43-32,57.33%,725,368-357,50.76%,,,
clay,435,Cannon Kingsley,10,0.821,1527,48.72%,2,0-2,0.00%,0.083,24,9-15,37.50%,247,119-128,48.18%,,,
clay,389,Carlo Alberto Caniato,21,0.935,3172,49.27%,11,4-7,36.36%,0.216,51,21-30,41.18%,512,246-266,48.05%,,,
clay,2,Carlos Alcaraz,6,1.282,784,54.59%,1,0-1,0.00%,0.077,13,10-3,76.92%,117,73-44,62.39%,,,
clay,551,Carlos Lopez Montagud,7,1.098,943,50.37%,0,0-0,,0.000,16,9-7,56.25%,144,75-69,52.08%,,,
clay,412,Carlos Maria Zarate,19,0.851,2826,48.41%,6,4-2,66.67%,0.133,45,17-28,37.78%,425,197-228,46.35%,,,
clay,366,Carlos Sanchez Jover,26,0.869,3828,48.38%,12,6-6,50.00%,0.200,60,23-37,38.33%,590,271-319,45.93%,,,
clay,405,Carlos Taberner,19,1.063,2682,50.63%,3,1-2,33.33%,0.067,45,24-21,53.33%,402,206-196,51.24%,,,
clay,14,Casper Ruud,23,1.246,3560,53.34%,9,5-4,55.56%,0.155,58,39-19,67.24%,569,321-248,56.41%,,,
clay,320,Cedrik-Marcel Stebe,9,1.156,1249,52.76%,3,1-2,33.33%,0.143,21,13-8,61.90%,187,105-82,56.15%,,,
clay,262,Cezar Cretu,27,1.036,3428,50.29%,3,2-1,66.67%,0.049,61,30-31,49.18%,547,276-271,50.46%,,,
clay,191,Chris Rodesch,11,1.069,1843,50.30%,6,4-2,66.67%,0.214,28,15-13,53.57%,292,147-145,50.34%,,,
clay,424,Christoph Negritu,14,1.097,2316,50.56%,5,2-3,40.00%,0.139,36,18-18,50.00%,363,185-178,50.96%,,,
clay,234,Chun-Hsin Tseng,27,1.028,3687,51.34%,11,7-4,63.64%,0.183,60,35-25,58.33%,567,297-270,52.38%,,,
clay,159,Clement Tabur,22,1.025,3676,50.71%,10,3-7,30.00%,0.179,56,28-28,50.00%,556,283-273,50.90%,,,
clay,174,Colton Smith,8,0.801,981,46.89%,2,0-2,0.00%,0.118,17,5-12,29.41%,152,66-86,43.42%,,,
clay,639,Conner Huertas del Pino,13,1.030,1770,50.00%,2,1-1,50.00%,0.071,28,16-12,57.14%,279,139-140,49.82%,,,
clay,496,Corentin Denolly,15,0.842,2070,47.34%,6,3-3,50.00%,0.176,34,13-21,38.24%,311,138-173,44.37%,,,
clay,69,Corentin Moutet,12,1.167,1920,49.79%,1,0-1,0.00%,0.033,30,14-16,46.67%,291,148-143,50.86%,,,
clay,778,Cosme Rolland De Ravel,6,0.955,895,50.50%,3,1-2,33.33%,0.214,14,8-6,57.14%,135,71-64,52.59%,,,
clay,114,Cristian Garin,30,1.072,4723,51.28%,9,4-5,44.44%,0.118,76,45-31,59.21%,729,394-335,54.05%,,,
clay,305,Dali Blanch,35,1.113,5029,51.20%,14,8-6,57.14%,0.171,82,48-34,58.54%,767,409-358,53.32%,,,
clay,116,Dalibor Svrcina,20,1.090,2922,52.33%,4,1-3,25.00%,0.083,48,29-19,60.42%,449,248-201,55.23%,,,
clay,87,Damir Dzumhur,28,1.042,4152,49.69%,13,8-5,61.54%,0.194,67,31-36,46.27%,637,307-330,48.19%,,,
clay,224,Dan Added,7,0.889,978,48.06%,1,0-1,0.00%,0.067,15,5-10,33.33%,151,67-84,44.37%,,,
clay,378,Dan Martin,6,0.760,1007,47.17%,7,3-4,42.86%,0.500,14,4-10,28.57%,155,70-85,45.16%,,,
clay,93,Daniel Altmaier,26,0.992,3926,50.51%,9,4-5,44.44%,0.143,63,31-32,49.21%,616,315-301,51.14%,,,
clay,689,Daniel Antonio Nunez,5,0.848,661,46.44%,2,1-1,50.00%,0.182,11,3-8,27.27%,102,42-60,41.18%,,,
clay,413,Daniel Dutra da Silva,32,0.937,4429,48.54%,7,3-4,42.86%,0.097,72,29-43,40.28%,687,320-367,46.58%,,,
clay,290,Daniel Elahi Galan,29,0.956,4727,49.08%,15,6-9,40.00%,0.208,72,32-40,44.44%,730,350-380,47.95%,,,
clay,296,Daniel Merida,40,1.059,6088,51.07%,8,4-4,50.00%,0.081,99,56-43,56.57%,939,494-445,52.61%,,,
clay,302,Daniel Michalski,20,0.964,2564,49.45%,3,0-3,0.00%,0.068,44,16-28,36.36%,408,197-211,48.28%,,,
clay,207,Daniel Rincon,35,0.973,5148,49.73%,13,10-3,76.92%,0.157,83,41-42,49.40%,790,388-402,49.11%,,,
clay,167,Daniil Glinka,16,1.115,2103,51.36%,3,3-0,100.00%,0.088,34,20-14,58.82%,323,167-156,51.70%,,,
clay,6,Daniil Medvedev,9,1.187,1511,50.17%,1,0-1,0.00%,0.038,26,14-12,53.85%,233,117-116,50.21%,,,
clay,226,Darwin Blanch,12,1.057,1656,51.03%,2,2-0,100.00%,0.071,28,15-13,53.57%,262,137-125,52.29%,,,
clay,188,David Jorda Sanchis,35,1.097,5067,51.00%,7,3-4,42.86%,0.084,83,47-36,56.63%,792,411-381,51.89%,,,
clay,58,Denis Shapovalov,7,0.796,974,46.71%,1,1-0,100.00%,0.059,17,5-12,29.41%,162,71-91,43.83%,,,
clay,441,Denis Yevseyev,11,0.866,1643,47.66%,4,2-2,50.00%,0.160,25,8-17,32.00%,242,109-133,45.04%,,,
clay,252,Diego Dedura,37,1.059,5226,51.28%,11,6-5,54.55%,0.131,84,48-36,57.14%,798,429-369,53.76%,,,
clay,375,Dimitar Kuzmanov,23,0.921,3261,48.64%,10,4-6,40.00%,0.182,55,22-33,40.00%,505,238-267,47.13%,,,
clay,84,Dino Prizmic,22,1.091,3277,51.97%,8,2-6,25.00%,0.143,56,34-22,60.71%,535,289-246,54.02%,,,
clay,652,Dmitry Popko,7,0.918,857,47.96%,0,0-0,,0.000,16,6-10,37.50%,141,65-76,46.10%,,,
clay,357,Dominic Stricker,13,0.984,1750,49.14%,8,2-6,25.00%,0.286,28,12-16,42.86%,278,139-139,50.00%,,,
clay,307,Duje Ajdukovic,26,0.943,3603,49.24%,9,7-2,77.78%,0.164,55,26-29,47.27%,543,260-283,47.88%,,,
clay,152,Dusan Lajovic,36,1.044,5349,49.49%,13,5-8,38.46%,0.155,84,37-47,44.05%,832,406-426,48.80%,,,
clay,556,Dylan Dietrich,6,1.462,959,53.18%,3,0-3,0.00%,0.200,15,8-7,53.33%,146,80-66,54.79%,,,
clay,225,Edas Butvilas,21,0.907,2960,49.16%,3,0-3,0.00%,0.062,48,22-26,45.83%,453,222-231,49.01%,,,
clay,375,Eduardo Ribeiro,26,0.983,3692,49.92%,8,2-6,25.00%,0.136,59,29-30,49.15%,578,287-291,49.65%,,,
clay,486,Eero Vasa,10,0.805,1490,48.66%,3,2-1,66.67%,0.125,24,11-13,45.83%,229,110-119,48.03%,,,
clay,314,Eliakim Coulibaly,12,0.990,1487,50.24%,0,0-0,,0.000,27,13-14,48.15%,227,113-114,49.78%,,,
clay,182,Elias Ymer,7,0.864,863,47.16%,4,2-2,50.00%,0.286,14,4-10,28.57%,134,56-78,41.79%,,,
clay,190,Elmer Moller,35,0.983,4791,49.57%,6,4-2,66.67%,0.078,77,40-37,51.95%,722,355-367,49.17%,,,
clay,588,Emilien Demanet,6,1.168,830,52.53%,1,0-1,0.00%,0.071,14,8-6,57.14%,127,69-58,54.33%,,,
clay,86,Emilio Nava,39,0.983,5704,50.72%,15,8-7,53.33%,0.167,90,53-37,58.89%,880,455-425,51.70%,,,
clay,323,Enrico Dalla Valle,34,1.086,4738,50.27%,16,6-10,37.50%,0.208,77,36-41,46.75%,751,376-375,50.07%,,,
clay,47,Ethan Quinn,11,0.842,1977,47.95%,9,4-5,44.44%,0.310,29,11-18,37.93%,306,140-166,45.75%,,,
clay,61,Fabian Marozsan,12,0.940,1935,48.63%,10,7-3,70.00%,0.345,29,13-16,44.83%,298,140-158,46.98%,,,
clay,431,Facundo Bagnis,6,1.028,915,50.60%,2,0-2,0.00%,0.125,16,8-8,50.00%,147,77-70,52.38%,,,
clay,107,Facundo Diaz Acosta,71,1.238,10675,53.03%,25,15-10,60.00%,0.145,173,111-62,64.16%,1670,931-739,55.75%,,,
clay,332,Facundo Mena,26,1.050,3664,50.55%,7,1-6,14.29%,0.115,61,32-29,52.46%,572,298-274,52.10%,,,
clay,191,Federico Agustin Gomez,34,0.945,4878,49.34%,12,6-6,50.00%,0.150,80,38-42,47.50%,766,372-394,48.56%,,,
clay,481,Federico Arnaboldi,8,0.757,1108,44.13%,2,1-1,50.00%,0.111,18,2-16,11.11%,162,57-105,35.19%,,,
clay,346,Federico Bondioli,29,0.974,4698,49.55%,13,6-7,46.15%,0.178,73,36-37,49.32%,715,349-366,48.81%,,,
clay,184,Federico Cina,26,0.870,4078,49.56%,9,3-6,33.33%,0.136,66,32-34,48.48%,638,319-319,50.00%,,,
clay,779,Federico Coria,10,0.965,1487,48.08%,3,3-0,100.00%,0.130,23,9-14,39.13%,222,102-120,45.95%,,,
clay,807,Felipe Meligeni Alves,14,0.892,1991,48.72%,6,2-4,33.33%,0.176,34,15-19,44.12%,313,155-158,49.52%,,,
clay,29,Felix Auger-Aliassime,13,1.119,2320,52.16%,7,4-3,57.14%,0.194,36,21-15,58.33%,373,202-171,54.16%,,,
clay,248,Felix Balshaw,16,1.165,2258,52.21%,5,2-3,40.00%,0.132,38,24-14,63.16%,353,198-155,56.09%,,,
clay,220,Felix Gill,11,0.961,1628,48.65%,5,4-1,80.00%,0.185,27,13-14,48.15%,250,117-133,46.80%,,,
clay,279,Filip Cristian Jianu,33,0.915,4433,49.18%,10,3-7,30.00%,0.137,73,30-43,41.10%,690,338-352,48.99%,,,
clay,300,Filippo Romano,13,0.758,1766,47.45%,3,1-2,33.33%,0.103,29,10-19,34.48%,272,123-149,45.22%,,,
clay,9,Flavio Cobolli,21,1.090,3336,51.41%,6,4-2,66.67%,0.109,55,35-20,63.64%,532,283-249,53.20%,,,
clay,247,Florent Bax,9,1.035,1279,51.13%,5,2-3,40.00%,0.238,21,13-8,61.90%,215,116-99,53.95%,,,
clay,292,Florian Broska,10,1.198,1491,53.19%,5,3-2,60.00%,0.192,26,18-8,69.23%,248,140-108,56.45%,,,
clay,20,Frances Tiafoe,11,1.066,2556,50.63%,15,4-11,26.67%,0.405,37,20-17,54.05%,399,210-189,52.63%,,,
clay,371,Francesco Forti,20,0.920,2938,49.25%,8,4-4,50.00%,0.174,46,20-26,43.48%,449,218-231,48.55%,,,
clay,149,Francesco Maestrelli,20,0.987,3206,49.00%,10,6-4,60.00%,0.200,50,22-28,44.00%,484,231-253,47.73%,,,
clay,220,Francesco Passaro,20,0.976,2822,49.43%,8,3-5,37.50%,0.174,46,20-26,43.48%,464,227-237,48.92%,,,
clay,23,Francisco Cerundolo,23,1.204,3325,52.63%,5,1-4,20.00%,0.091,55,36-19,65.45%,502,285-217,56.77%,,,
clay,91,Francisco Comesana,20,0.953,3745,49.48%,15,7-8,46.67%,0.263,57,25-32,43.86%,588,287-301,48.81%,,,
clay,265,Franco Agamenone,45,0.988,6846,50.13%,16,8-8,50.00%,0.151,106,56-50,52.83%,1026,527-499,51.36%,,,
clay,725,Franco Ribero,7,0.896,1091,47.48%,5,5-0,100.00%,0.278,18,9-9,50.00%,178,80-98,44.94%,,,
clay,225,Franco Roncadelli,52,1.011,7094,50.39%,13,8-5,61.54%,0.108,120,60-60,50.00%,1111,565-546,50.86%,,,
clay,235,Frederico Ferreira Silva,36,0.916,5574,49.28%,8,2-6,25.00%,0.090,89,38-51,42.70%,853,411-442,48.18%,,,
clay,331,Gabi Adrian Boitan,9,1.019,1288,49.84%,2,1-1,50.00%,0.091,22,10-12,45.45%,198,97-101,48.99%,,,
clay,87,Gabriel Diallo,6,0.690,617,44.89%,0,0-0,,0.000,11,2-9,18.18%,95,36-59,37.89%,,,
clay,613,Gabriele Pennaforti,5,0.807,652,45.71%,1,0-1,0.00%,0.091,11,1-10,9.09%,107,41-66,38.32%,,,
clay,373,Gabriele Piraino,11,0.920,1504,47.47%,1,1-0,100.00%,0.038,26,10-16,38.46%,233,103-130,44.21%,,,
clay,375,Garrett Johns,11,0.970,1544,49.22%,6,2-4,33.33%,0.250,24,9-15,37.50%,240,116-124,48.33%,,,
clay,178,Gauthier Onclin,11,1.033,1802,49.56%,6,2-4,33.33%,0.207,29,13-16,44.83%,280,138-142,49.29%,,,
clay,200,Genaro Alberto Olivieri,46,0.913,6778,48.69%,11,7-4,63.64%,0.098,112,52-60,46.43%,1038,493-545,47.50%,,,
clay,390,Geoffrey Blancaneaux,14,0.924,1849,48.19%,3,2-1,66.67%,0.091,33,13-20,39.39%,286,128-158,44.76%,,,
clay,247,George Loffhagen,6,1.058,893,49.27%,3,1-2,33.33%,0.231,13,4-9,30.77%,137,64-73,46.72%,,,
clay,632,Gerard Campana Lee,12,0.836,1759,46.96%,5,2-3,40.00%,0.172,29,11-18,37.93%,278,122-156,43.88%,,,
clay,196,Gianluca Cadenasso,33,1.121,4500,51.36%,5,3-2,60.00%,0.065,77,43-34,55.84%,702,371-331,52.85%,,,
clay,435,Gianmarco Ferrari,5,0.914,746,50.54%,2,2-0,100.00%,0.167,12,7-5,58.33%,115,61-54,53.04%,,,
clay,230,Gilles Arnaud Bailly,23,0.975,3452,49.22%,3,1-2,33.33%,0.054,56,23-33,41.07%,522,248-274,47.51%,,,
clay,454,Giovanni Fonio,5,0.936,838,49.64%,3,1-2,33.33%,0.231,13,6-7,46.15%,130,64-66,49.23%,,,
clay,91,Giovanni Mpetshi Perricard,7,0.862,1157,48.40%,3,1-2,33.33%,0.167,18,7-11,38.89%,182,88-94,48.35%,,,
clay,160,Gonzalo Bueno,62,0.939,8590,49.38%,14,10-4,71.43%,0.097,144,76-68,52.78%,1328,652-676,49.10%,,,
clay,320,Gonzalo Villanueva,41,0.940,5727,48.89%,7,2-5,28.57%,0.074,95,39-56,41.05%,881,420-461,47.67%,,,
clay,146,Grigor Dimitrov,6,0.867,833,45.62%,3,1-2,33.33%,0.214,14,3-11,21.43%,140,60-80,42.86%,,,
clay,223,Guido Ivan Justo,67,1.088,9062,51.51%,18,10-8,55.56%,0.118,152,88-64,57.89%,1410,744-666,52.77%,,,
clay,141,Gustavo Heide,43,1.245,5876,52.96%,9,8-1,88.89%,0.091,99,68-31,68.69%,905,510-395,56.35%,,,
clay,1036,Guto Miguel,5,1.176,677,50.96%,2,1-1,50.00%,0.182,11,6-5,54.55%,105,54-51,51.43%,,,
clay,195,Guy Den Ouden,25,1.043,3488,50.49%,6,5-1,83.33%,0.102,59,29-30,49.15%,535,273-262,51.03%,,,
clay,334,Hady Habib,14,0.935,2459,50.02%,10,5-5,50.00%,0.278,36,17-19,47.22%,370,187-183,50.54%,,,
clay,73,Hamad Medjedovic,16,1.084,2595,51.41%,5,4-1,80.00%,0.122,41,27-14,65.85%,406,218-188,53.69%,,,
clay,255,Harold Mayot,7,0.897,962,46.67%,1,1-0,100.00%,0.059,17,6-11,35.29%,150,62-88,41.33%,,,
clay,214,Henri Squire,46,1.049,6778,50.34%,17,11-6,64.71%,0.159,107,60-47,56.07%,1046,541-505,51.72%,,,
clay,123,Henrique Rocha,37,1.111,5386,51.91%,16,11-5,68.75%,0.188,85,54-31,63.53%,847,457-390,53.96%,,,
clay,408,Henry Bernet,11,0.928,1722,48.26%,4,1-3,25.00%,0.143,28,11-17,39.29%,272,126-146,46.32%,,,
clay,409,Hernan Casanova,30,1.139,3759,50.89%,5,3-2,60.00%,0.077,65,37-28,56.92%,586,309-277,52.73%,,,
clay,18,Hubert Hurkacz,13,1.240,2307,52.10%,10,7-3,70.00%,0.278,36,21-15,58.33%,369,195-174,52.85%,,,
clay,143,Hugo Dellien,44,1.078,6229,51.42%,12,8-4,66.67%,0.118,102,62-40,60.78%,969,521-448,53.77%,,,
clay,109,Hugo Gaston,20,1.002,3041,50.44%,6,3-3,50.00%,0.120,50,27-23,54.00%,459,237-222,51.63%,,,
clay,221,Hugo Grenier,6,0.884,814,49.14%,1,1-0,100.00%,0.071,14,7-7,50.00%,123,58-65,47.15%,,,
clay,268,Hynek Barton,38,1.076,5895,50.64%,12,6-6,50.00%,0.129,93,51-42,54.84%,931,478-453,51.34%,,,
clay,33,Ignacio Buse,48,1.087,7455,51.58%,17,9-8,52.94%,0.143,119,72-47,60.50%,1162,629-533,54.13%,,,
clay,693,Ignacio Monzon,8,0.768,993,46.83%,1,1-0,100.00%,0.062,16,4-12,25.00%,153,65-88,42.48%,,,
clay,318,Igor Marcondes,18,1.074,2862,49.90%,9,4-5,44.44%,0.200,45,22-23,48.89%,437,215-222,49.20%,,,
clay,304,Ilia Simakin,11,0.955,1721,48.23%,3,1-2,33.33%,0.111,27,8-19,29.63%,271,124-147,45.76%,,,
clay,272,Inaki Montes-De La Torre,22,1.065,3036,49.60%,4,3-1,75.00%,0.075,53,27-26,50.94%,472,232-240,49.15%,,,
clay,351,Ioannis Xilas,7,0.823,943,45.71%,3,3-0,100.00%,0.200,15,5-10,33.33%,143,58-85,40.56%,,,
clay,263,Ivan Gakhov,20,0.846,2862,48.01%,2,0-2,0.00%,0.043,47,17-30,36.17%,428,192-236,44.86%,,,
clay,584,Ivan Ivanov,7,0.516,849,41.70%,2,1-1,50.00%,0.133,15,1-14,6.67%,139,46-93,33.09%,,,
clay,369,Ivan Marrero Curbelo,9,1.136,1022,51.08%,1,1-0,100.00%,0.050,20,11-9,55.00%,163,83-80,50.92%,,,
clay,389,Jack Kennedy,9,1.118,1394,51.79%,3,2-1,66.67%,0.130,23,15-8,65.22%,218,120-98,55.05%,,,
clay,426,Jack Loge,5,1.021,906,50.55%,2,2-0,100.00%,0.143,14,7-7,50.00%,135,67-68,49.63%,,,
clay,307,Jacopo Berrettini,7,0.945,1069,47.15%,4,1-3,25.00%,0.235,17,6-11,35.29%,161,70-91,43.48%,,,
clay,362,Jacopo Vasami,21,0.920,2898,49.97%,10,6-4,60.00%,0.222,45,23-22,51.11%,441,219-222,49.66%,,,
clay,79,Jaime Faria,42,1.105,7024,50.63%,23,11-12,47.83%,0.209,110,61-49,55.45%,1092,561-531,51.37%,,,
clay,17,Jakub Mensik,12,1.045,2281,50.24%,6,6-0,100.00%,0.158,38,24-14,63.16%,361,186-175,51.52%,,,
clay,94,James Duckworth,14,1.019,2168,52.26%,6,4-2,66.67%,0.171,35,23-12,65.71%,339,187-152,55.16%,,,
clay,931,Jamie Mackenzie,7,1.204,980,51.63%,3,3-0,100.00%,0.176,17,11-6,64.71%,162,84-78,51.85%,,,
clay,88,Jan Choinski,51,1.198,7442,52.32%,16,8-8,50.00%,0.132,121,77-44,63.64%,1179,640-539,54.28%,,,
clay,508,Jan Kumstat,12,1.319,1619,53.49%,1,0-1,0.00%,0.036,28,19-9,67.86%,261,148-113,56.70%,,,
clay,42,Jan-Lennard Struff,12,0.859,1947,48.13%,8,3-5,37.50%,0.258,31,13-18,41.94%,313,145-168,46.33%,,,
clay,1,Jannik Sinner,19,1.709,2508,56.74%,4,2-2,50.00%,0.089,45,39-6,86.67%,410,261-149,63.66%,,,
clay,43,Jaume Munar,12,0.941,1677,48.48%,2,1-1,50.00%,0.069,29,12-17,41.38%,255,117-138,45.88%,,,
clay,373,Javier Barranco Cosano,6,1.121,698,52.58%,0,0-0,,0.000,13,7-6,53.85%,109,59-50,54.13%,,,
clay,239,Jay Clarke,31,1.101,4776,51.65%,7,1-6,14.29%,0.091,77,43-34,55.84%,712,384-328,53.93%,,,
clay,501,Jelle Sels,17,0.846,2175,48.09%,3,0-3,0.00%,0.079,38,16-22,42.11%,333,151-182,45.35%,,,
clay,1091,Jenson Brooksby,6,0.649,857,44.34%,1,0-1,0.00%,0.077,13,0-13,0.00%,132,50-82,37.88%,,,
clay,198,Jerome Kym,13,1.096,2152,50.42%,9,5-4,55.56%,0.273,33,18-15,54.55%,337,169-168,50.15%,,,
clay,98,Jesper de Jong,25,1.078,4324,51.71%,9,5-4,55.56%,0.129,70,39-31,55.71%,674,365-309,54.15%,,,
clay,12,Jiri Lehecka,10,0.946,1511,49.64%,6,4-2,66.67%,0.250,24,12-12,50.00%,245,122-123,49.80%,,,
clay,448,Joao Eduardo Schiessl,18,0.848,2311,47.68%,2,2-0,100.00%,0.050,40,15-25,37.50%,364,164-200,45.05%,,,
clay,27,Joao Fonseca,17,1.088,3158,51.61%,8,5-3,62.50%,0.157,51,30-21,58.82%,511,272-239,53.23%,,,
clay,259,Joao Lucas Reis Da Silva,46,0.981,6616,49.98%,12,4-8,33.33%,0.107,112,55-57,49.11%,1043,514-529,49.28%,,,
clay,582,Joaquin Aguilar Cardozo,15,0.876,2098,49.14%,5,2-3,40.00%,0.139,36,14-22,38.89%,316,145-171,45.89%,,,
clay,183,Joel Schwaerzler,38,0.954,5688,50.51%,23,13-10,56.52%,0.258,89,47-42,52.81%,901,462-439,51.28%,,,
clay,560,Johan Alexander Rodriguez,12,0.943,1684,49.88%,2,1-1,50.00%,0.074,27,15-12,55.56%,262,134-128,51.15%,,,
clay,412,Johan Nikles,8,0.974,1163,50.13%,0,0-0,,0.000,19,9-10,47.37%,170,84-86,49.41%,,,
clay,314,Jonas Forejtek,21,0.914,3211,49.39%,12,4-8,33.33%,0.235,51,23-28,45.10%,500,247-253,49.40%,,,
clay,801,Jozef Kovalik,5,0.878,671,47.54%,0,0-0,,0.000,12,4-8,33.33%,111,50-61,45.05%,,,
clay,276,Juan Bautista Torres,52,0.997,7736,50.52%,17,7-10,41.18%,0.137,124,62-62,50.00%,1166,596-570,51.11%,,,
clay,157,Juan Carlos Prado Angelo,52,0.940,7910,50.01%,21,13-8,61.90%,0.174,121,66-55,54.55%,1204,607-597,50.42%,,,
clay,457,Juan Cruz Martin Manzano,11,0.791,1547,46.93%,2,1-1,50.00%,0.074,27,12-15,44.44%,248,113-135,45.56%,,,
clay,343,Juan Estevez,19,1.108,2778,50.07%,5,2-3,40.00%,0.111,45,21-24,46.67%,432,215-217,49.77%,,,
clay,52,Juan Manuel Cerundolo,36,1.030,5699,51.01%,16,6-10,37.50%,0.174,92,50-42,54.35%,900,466-434,51.78%,,,
clay,287,Juan Manuel La Serna,41,1.052,5820,51.22%,11,5-6,45.45%,0.113,97,54-43,55.67%,887,462-425,52.09%,,,
clay,273,Juan Pablo Ficovich,22,1.015,3103,50.73%,6,2-4,33.33%,0.115,52,26-26,50.00%,486,254-232,52.26%,,,
clay,274,Juan Pablo Varillas,53,1.000,7619,50.60%,22,10-12,45.45%,0.182,121,66-55,54.55%,1175,609-566,51.83%,,,
clay,562,Juan Sebastian Gomez,13,0.987,1854,48.81%,2,0-2,0.00%,0.067,30,12-18,40.00%,288,134-154,46.53%,,,
clay,840,Juan Sebastian Osorio,5,0.972,773,48.64%,2,1-1,50.00%,0.154,13,5-8,38.46%,120,55-65,45.83%,,,
clay,136,Jurij Rodionov,17,0.944,2663,49.68%,10,4-6,40.00%,0.244,41,19-22,46.34%,414,203-211,49.03%,,,
clay,190,Justin Engel,17,0.780,2762,47.68%,9,8-1,88.89%,0.209,43,19-24,44.19%,433,194-239,44.80%,,,
clay,39,Karen Khachanov,13,1.117,2254,51.20%,8,6-2,75.00%,0.222,36,20-16,55.56%,361,185-176,51.25%,,,
clay,611,Karl Poling,5,0.798,655,45.95%,0,0-0,,0.000,12,4-8,33.33%,107,44-63,41.12%,,,
clay,209,Keegan Smith,6,0.962,773,51.49%,4,4-0,100.00%,0.308,13,8-5,61.54%,131,68-63,51.91%,,,
clay,242,Kilian Feldbausch,37,1.183,5153,52.45%,10,4-6,40.00%,0.116,86,55-31,63.95%,796,440-356,55.28%,,,
clay,199,Kimmer Coppejans,34,1.129,4863,51.82%,8,3-5,37.50%,0.103,78,49-29,62.82%,740,401-339,54.19%,,,
clay,270,Kyrian Jacquet,9,1.089,1444,50.00%,4,2-2,50.00%,0.167,24,11-13,45.83%,215,108-107,50.23%,,,
clay,221,Laslo Djere,25,1.139,3609,50.60%,11,7-4,63.64%,0.200,55,32-23,58.18%,556,288-268,51.80%,,,
clay,473,Laurent Lokoli,6,0.882,792,47.60%,1,0-1,0.00%,0.071,14,5-9,35.71%,125,58-67,46.40%,,,
clay,213,Lautaro Midon,50,1.001,7716,50.06%,12,7-5,58.33%,0.096,125,65-60,52.00%,1185,586-599,49.45%,,,
clay,19,Learner Tien,13,1.133,2183,51.35%,4,4-0,100.00%,0.108,37,20-17,54.05%,347,181-166,52.16%,,,
clay,646,Leo Raquillet,5,0.739,678,46.61%,0,0-0,,0.000,12,5-7,41.67%,114,51-63,44.74%,,,
clay,202,Liam Broady,7,1.020,955,50.47%,0,0-0,,0.000,17,8-9,47.06%,149,75-74,50.34%,,,
clay,246,Liam Draxl,7,0.919,1118,47.50%,4,1-3,25.00%,0.235,17,5-12,29.41%,165,74-91,44.85%,,,
clay,298,Lilian Marmousez,8,0.973,1255,48.84%,4,2-2,50.00%,0.190,21,11-10,52.38%,205,100-105,48.78%,,,
clay,477,Lorenzo Carboni,11,0.882,1540,47.66%,3,0-3,0.00%,0.111,27,8-19,29.63%,245,108-137,44.08%,,,
clay,201,Lorenzo Giustino,34,0.950,4903,50.25%,10,7-3,70.00%,0.123,81,46-35,56.79%,762,393-369,51.57%,,,
clay,454,Lorenzo Joaquin Rodriguez,21,0.975,2836,49.37%,7,2-5,28.57%,0.152,46,18-28,39.13%,428,207-221,48.36%,,,
clay,13,Lorenzo Musetti,10,0.840,1302,49.54%,3,2-1,66.67%,0.150,20,12-8,60.00%,205,104-101,50.73%,,,
clay,88,Lorenzo Sonego,10,0.892,1549,47.77%,5,2-3,40.00%,0.192,26,8-18,30.77%,254,112-142,44.09%,,,
clay,173,Luca Nardi,7,1.062,1248,49.84%,4,1-3,25.00%,0.222,18,9-9,50.00%,183,89-94,48.63%,,,
clay,589,Luca Staeheli,5,0.771,785,47.52%,4,0-4,0.00%,0.333,12,4-8,33.33%,116,54-62,46.55%,,,
clay,129,Luca Van Assche,30,1.068,4852,52.04%,7,3-4,42.86%,0.086,81,53-28,65.43%,755,420-335,55.63%,,,
clay,813,Lucas Andrade Da Silva,6,1.065,914,49.67%,5,3-2,60.00%,0.357,14,7-7,50.00%,146,69-77,47.26%,,,
clay,22,Luciano Darderi,38,1.129,5736,51.83%,16,10-6,62.50%,0.172,93,61-32,65.59%,892,488-404,54.71%,,,
clay,311,Luciano Emanuel Ambrogi,38,0.983,5381,49.71%,7,2-5,28.57%,0.077,91,43-48,47.25%,842,415-427,49.29%,,,
clay,380,Lucio Ratti,11,0.976,1434,49.16%,3,1-2,33.33%,0.120,25,11-14,44.00%,217,105-112,48.39%,,,
clay,195,Luka Mikrut,33,1.200,4787,53.10%,10,7-3,70.00%,0.125,80,55-25,68.75%,754,427-327,56.63%,,,
clay,208,Luka Pavlovic,29,0.793,4168,47.72%,11,6-5,54.55%,0.155,71,28-43,39.44%,670,306-364,45.67%,,,
clay,173,Lukas Neumayer,38,1.053,5385,51.33%,10,7-3,70.00%,0.114,88,55-33,62.50%,828,446-382,53.86%,,,
clay,145,Mackenzie McDonald,6,0.935,811,47.84%,3,1-2,33.33%,0.231,13,5-8,38.46%,127,56-71,44.09%,,,
clay,233,Maks Kasnikowski,20,1.191,2927,50.67%,5,4-1,80.00%,0.100,50,27-23,54.00%,472,236-236,50.00%,,,
clay,372,Manas Dhamne,16,1.119,2742,50.36%,8,4-4,50.00%,0.200,40,20-20,50.00%,407,204-203,50.12%,,,
clay,381,Marat Sharipov,10,0.948,1340,50.60%,3,2-1,66.67%,0.136,22,12-10,54.55%,209,107-102,51.20%,,,
clay,297,Marc-Andrea Huesler,8,1.090,1159,50.73%,5,2-3,40.00%,0.278,18,9-9,50.00%,181,92-89,50.83%,,,
clay,174,Marco Cecchinato,68,1.032,9878,51.16%,28,14-14,50.00%,0.176,159,91-68,57.23%,1546,812-734,52.52%,,,
clay,95,Marco Trungelliti,51,1.138,7917,52.17%,22,12-10,54.55%,0.179,123,80-43,65.04%,1207,669-538,55.43%,,,
clay,45,Marcos Giron,7,0.902,1225,48.90%,3,1-2,33.33%,0.150,20,7-13,35.00%,200,94-106,47.00%,,,
clay,624,Mariano Kestelboim,9,0.662,1065,44.32%,1,0-1,0.00%,0.053,19,4-15,21.05%,168,63-105,37.50%,,,
clay,46,Mariano Navone,40,1.199,5833,52.44%,7,4-3,57.14%,0.074,95,59-36,62.11%,891,495-396,55.56%,,,
clay,182,Marin Cilic,9,0.906,1234,48.38%,2,0-2,0.00%,0.100,20,6-14,30.00%,194,87-107,44.85%,,,
clay,189,Mark Lajal,6,1.056,899,51.84%,1,0-1,0.00%,0.067,15,9-6,60.00%,150,80-70,53.33%,,,
clay,348,Marko Topo,21,0.899,3075,48.23%,7,3-4,42.86%,0.135,52,20-32,38.46%,494,224-270,45.34%,,,
clay,326,Martin Damm,8,0.818,1154,47.92%,6,4-2,66.67%,0.333,18,8-10,44.44%,187,87-100,46.52%,,,
clay,261,Martin Krumich,30,1.089,4737,50.56%,8,3-5,37.50%,0.107,75,39-36,52.00%,727,369-358,50.76%,,,
clay,143,Martin Landaluce,21,1.026,3654,50.77%,7,2-5,28.57%,0.123,57,31-26,54.39%,553,287-266,51.90%,,,
clay,372,Marvin Moeller,13,1.086,1956,50.92%,6,5-1,83.33%,0.194,31,20-11,64.52%,301,160-141,53.16%,,,
clay,254,Matej Dodig,28,1.035,4185,50.16%,9,4-5,44.44%,0.129,70,36-34,51.43%,666,335-331,50.30%,,,
clay,548,Mateus Alves,12,0.834,1659,47.50%,3,1-2,33.33%,0.107,28,10-18,35.71%,255,112-143,43.92%,,,
clay,297,Matheus Pucinelli De Almeida,38,1.179,5490,52.97%,12,4-8,33.33%,0.132,91,52-39,57.14%,849,469-380,55.24%,,,
clay,377,Mathys Erhard,31,1.019,4189,50.32%,14,6-8,42.86%,0.206,68,33-35,48.53%,660,333-327,50.45%,,,
clay,296,Matias Soto,42,0.972,5927,50.03%,15,10-5,66.67%,0.156,96,53-43,55.21%,904,456-448,50.44%,,,
clay,35,Matteo Arnaldi,17,1.093,3467,51.34%,15,8-7,53.33%,0.288,52,32-20,61.54%,533,282-251,52.91%,,,
clay,35,Matteo Berrettini,22,1.126,3470,51.07%,12,7-5,58.33%,0.218,55,30-25,54.55%,557,287-270,51.53%,,,
clay,280,Matteo Martineau,14,0.873,1857,48.25%,4,1-3,25.00%,0.129,31,10-21,32.26%,292,132-160,45.21%,,,
clay,101,Mattia Bellucci,18,0.971,2526,49.76%,7,5-2,71.43%,0.175,40,22-18,55.00%,397,199-198,50.13%,,,
clay,700,Matyas Cerny,7,1.101,1040,48.85%,4,2-2,50.00%,0.222,18,8-10,44.44%,160,75-85,46.88%,,,
clay,704,Matyas Fuele,5,0.850,782,49.10%,0,0-0,,0.000,13,6-7,46.15%,123,59-64,47.97%,,,
clay,181,Max Alcala Gurri,30,1.356,4041,53.97%,9,4-5,44.44%,0.132,68,45-23,66.18%,625,363-262,58.08%,,,
clay,1378,Max Dahlin,5,1.013,907,49.17%,2,2-0,100.00%,0.143,14,8-6,57.14%,147,72-75,48.98%,,,
clay,339,Max Hans Rehberg,17,1.185,2475,51.76%,5,1-4,20.00%,0.122,41,22-19,53.66%,407,216-191,53.07%,,,
clay,241,Max Houkes,26,1.013,3741,49.64%,12,7-5,58.33%,0.200,60,29-31,48.33%,572,281-291,49.13%,,,
clay,310,Max Schoenhaus,14,1.026,2098,49.62%,6,4-2,66.67%,0.176,34,17-17,50.00%,335,168-167,50.15%,,,
clay,554,Max Wiskandt,6,0.923,785,49.04%,1,1-0,100.00%,0.077,13,5-8,38.46%,120,56-64,46.67%,,,
clay,304,Maxim Mrva,29,0.937,4679,48.45%,16,6-10,37.50%,0.225,71,29-42,40.85%,717,338-379,47.14%,,,
clay,488,Maxime Chazal,5,0.740,754,46.15%,1,0-1,0.00%,0.083,12,3-9,25.00%,114,48-66,42.11%,,,
clay,832,Maximilian Neuchrist,6,0.917,1006,46.82%,6,5-1,83.33%,0.375,16,6-10,37.50%,165,70-95,42.42%,,,
clay,625,Maximo Zeitune,11,0.850,1531,46.77%,4,2-2,50.00%,0.154,26,7-19,26.92%,244,102-142,41.80%,,,
clay,298,Mert Alkaya,7,1.044,921,50.71%,1,1-0,100.00%,0.067,15,8-7,53.33%,140,73-67,52.14%,,,
clay,342,Michael Geerts,5,0.873,716,48.74%,3,1-2,33.33%,0.250,12,4-8,33.33%,115,53-62,46.09%,,,
clay,187,Michael Mmoh,5,0.935,662,50.15%,2,2-0,100.00%,0.182,11,6-5,54.55%,107,55-52,51.40%,,,
clay,267,Michele Ribecai,24,0.951,3435,50.01%,5,2-3,40.00%,0.086,58,31-27,53.45%,535,276-259,51.59%,,,
clay,286,Miguel Damas,39,0.925,5610,49.36%,15,9-6,60.00%,0.167,90,43-47,47.78%,850,414-436,48.71%,,,
clay,473,Miguel Tobon,21,0.856,3038,47.50%,8,5-3,62.50%,0.160,50,18-32,36.00%,466,208-258,44.64%,,,
clay,415,Mika Brunold,15,0.933,2259,49.36%,5,4-1,80.00%,0.143,35,17-18,48.57%,343,165-178,48.10%,,,
clay,434,Mika Petkovic,7,0.667,962,45.63%,2,1-1,50.00%,0.125,16,4-12,25.00%,154,64-90,41.56%,,,
clay,352,Mili Poljicak,31,1.080,4375,50.54%,10,6-4,60.00%,0.137,73,41-32,56.16%,688,353-335,51.31%,,,
clay,461,Milos Karol,10,0.952,1660,49.64%,4,1-3,25.00%,0.148,27,13-14,48.15%,263,133-130,50.57%,,,
clay,55,Miomir Kecmanovic,15,1.161,2267,52.05%,4,2-2,50.00%,0.103,39,22-17,56.41%,364,192-172,52.75%,,,
clay,364,Mitchell Krueger,7,0.976,1198,49.08%,6,1-5,16.67%,0.333,18,7-11,38.89%,185,90-95,48.65%,,,
clay,151,Moez Echargui,9,0.802,1238,45.80%,3,2-1,66.67%,0.143,21,5-16,23.81%,198,81-117,40.91%,,,
clay,213,Moise Kouame,8,0.906,1536,48.37%,4,2-2,50.00%,0.174,23,8-15,34.78%,226,104-122,46.02%,,,
clay,317,Murkel Dellien,41,1.062,5523,49.86%,6,4-2,66.67%,0.064,94,47-47,50.00%,830,418-412,50.36%,,,
clay,235,Nerman Fatic,23,1.000,3280,49.70%,8,4-4,50.00%,0.151,53,27-26,50.94%,514,258-256,50.19%,,,
clay,267,Nick Hardt,17,1.049,2482,51.97%,5,3-2,60.00%,0.119,42,25-17,59.52%,381,210-171,55.12%,,,
clay,131,Nicolai Budkov Kjaer,14,1.047,1736,49.65%,5,4-1,80.00%,0.172,29,14-15,48.28%,275,133-142,48.36%,,,
clay,475,Nicolas Alvarez Varona,9,0.859,1243,47.39%,2,1-1,50.00%,0.091,22,7-15,31.82%,194,84-110,43.30%,,,
clay,155,Nicolas Jarry,6,1.571,869,53.97%,4,2-2,50.00%,0.286,14,9-5,64.29%,136,77-59,56.62%,,,
clay,369,Nicolas Kicker,42,0.919,5561,49.74%,7,2-5,28.57%,0.074,95,45-50,47.37%,872,438-434,50.23%,,,
clay,223,Nicolas Mejia,26,1.213,3855,52.74%,15,11-4,73.33%,0.250,60,43-17,71.67%,587,334-253,56.90%,,,
clay,664,Nicolas Villalon,9,1.058,1439,49.97%,3,1-2,33.33%,0.130,23,12-11,52.17%,228,115-113,50.44%,,,
clay,802,Nicolas Zanellato,5,0.832,784,45.41%,2,2-0,100.00%,0.154,13,4-9,30.77%,124,50-74,40.32%,,,
clay,509,Niels McDonald,12,0.861,1723,48.87%,5,1-4,20.00%,0.192,26,10-16,38.46%,261,125-136,47.89%,,,
clay,439,Niels Visker,5,0.724,532,48.12%,1,0-1,0.00%,0.100,10,4-6,40.00%,94,43-51,45.74%,,,
clay,214,Nikolas Sanchez Izquierdo,60,1.151,8698,50.93%,24,9-15,37.50%,0.169,142,75-67,52.82%,1350,696-654,51.56%,,,
clay,133,Nikoloz Basilashvili,17,0.830,2776,48.56%,9,4-5,44.44%,0.205,44,19-25,43.18%,426,204-222,47.89%,,,
clay,148,Nishesh Basavareddy,18,1.002,2768,50.69%,7,5-2,71.43%,0.152,46,27-19,58.70%,433,224-209,51.73%,,,
clay,423,Norbert Gombos,21,0.923,2809,47.85%,6,3-3,50.00%,0.125,48,18-30,37.50%,444,199-245,44.82%,,,
clay,36,Nuno Borges,20,1.043,3120,50.64%,10,3-7,30.00%,0.200,50,25-25,50.00%,488,251-237,51.43%,,,
clay,357,Ognjen Milic,8,0.720,1229,46.95%,3,1-2,33.33%,0.143,21,8-13,38.10%,195,89-106,45.64%,,,
clay,400,Oleg Prihodko,13,0.844,1728,48.55%,3,1-2,33.33%,0.111,27,8-19,29.63%,270,123-147,45.56%,,,
clay,386,Olle Wallin,10,1.143,1429,50.73%,2,0-2,0.00%,0.083,24,12-12,50.00%,226,118-108,52.21%,,,
clay,319,Oriol Roca Batalla,12,0.933,1665,48.65%,7,3-4,42.86%,0.269,26,9-17,34.62%,268,126-142,47.01%,,,
clay,115,Otto Virtanen,14,1.177,1929,51.06%,3,2-1,66.67%,0.094,32,17-15,53.12%,315,161-154,51.11%,,,
clay,184,Pablo Carreno Busta,41,1.190,6458,51.66%,8,6-2,75.00%,0.074,108,69-39,63.89%,1022,549-473,53.72%,,,
clay,129,Pablo Llamas Ruiz,36,1.180,5140,52.20%,12,7-5,58.33%,0.143,84,55-29,65.48%,794,433-361,54.53%,,,
clay,503,Paulo Andre Saraiva Dos Santos,16,0.956,2552,48.94%,8,1-7,12.50%,0.195,41,16-25,39.02%,399,188-211,47.12%,,,
clay,243,Pavel Kotov,7,0.938,997,48.85%,2,1-1,50.00%,0.118,17,6-11,35.29%,154,71-83,46.10%,,,
clay,256,Pedro Boscardin Dias,46,0.875,6541,48.42%,15,9-6,60.00%,0.142,106,48-58,45.28%,1008,476-532,47.22%,,,
clay,148,Pedro Martinez,30,0.994,4184,49.00%,8,2-6,25.00%,0.113,71,29-42,40.85%,657,318-339,48.40%,,,
clay,496,Pedro Sakamoto,19,0.823,2775,47.57%,6,2-4,33.33%,0.136,44,15-29,34.09%,435,197-238,45.29%,,,
clay,530,Pedro Vives Marcos,5,0.794,477,49.06%,0,0-0,,0.000,9,4-5,44.44%,78,37-41,47.44%,,,
clay,787,Peter Bertran,7,0.948,973,49.13%,2,0-2,0.00%,0.118,17,7-10,41.18%,152,74-78,48.68%,,,
clay,567,Peter Fajta,5,1.008,637,50.39%,1,0-1,0.00%,0.100,10,6-4,60.00%,97,52-45,53.61%,,,
clay,285,Petr Bar Biryukov,7,0.759,1175,47.23%,6,3-3,50.00%,0.333,18,7-11,38.89%,180,81-99,45.00%,,,
clay,340,Petr Brunclik,16,1.053,2250,50.71%,5,4-1,80.00%,0.139,36,22-14,61.11%,344,178-166,51.74%,,,
clay,396,Petr Nesterov,8,1.075,1111,51.67%,1,1-0,100.00%,0.056,18,11-7,61.11%,167,92-75,55.09%,,,
clay,295,Philip Henning,9,0.870,1296,48.07%,3,1-2,33.33%,0.143,21,8-13,38.10%,194,89-105,45.88%,,,
clay,839,Pierluigi Basile,9,0.792,1329,48.23%,6,3-3,50.00%,0.273,22,10-12,45.45%,212,103-109,48.58%,,,
clay,232,Pierre-Hugues Herbert,6,0.805,1042,49.52%,4,1-3,25.00%,0.250,16,6-10,37.50%,164,79-85,48.17%,,,
clay,446,Pietro Fellin,5,0.933,587,46.51%,0,0-0,,0.000,11,3-8,27.27%,94,41-53,43.62%,,,
clay,222,Pol Martin Tiffon,32,0.951,4581,48.64%,10,5-5,50.00%,0.135,74,33-41,44.59%,702,329-373,46.87%,,,
clay,83,Quentin Halys,16,1.135,2499,51.98%,12,10-2,83.33%,0.308,39,28-11,71.79%,402,215-187,53.48%,,,
clay,519,Radu Albot,13,1.046,2027,49.43%,6,3-3,50.00%,0.194,31,15-16,48.39%,300,144-156,48.00%,,,
clay,15,Rafael Jodar,23,1.240,3641,53.86%,8,3-5,37.50%,0.129,62,44-18,70.97%,569,334-235,58.70%,,,
clay,38,Raphael Collignon,27,1.205,4062,52.76%,17,14-3,82.35%,0.262,65,48-17,73.85%,656,365-291,55.64%,,,
clay,410,Raphael Perot,5,1.145,647,48.38%,1,1-0,100.00%,0.100,10,4-6,40.00%,90,42-48,46.67%,,,
clay,231,Raul Brancaccio,31,1.067,4515,50.21%,10,5-5,50.00%,0.133,75,40-35,53.33%,699,351-348,50.21%,,,
clay,538,Reda Bennani,5,0.884,805,48.20%,2,2-0,100.00%,0.154,13,6-7,46.15%,129,59-70,45.74%,,,
clay,150,Rei Sakamoto,7,0.908,942,47.98%,2,0-2,0.00%,0.133,15,6-9,40.00%,146,67-79,45.89%,,,
clay,182,Remy Bertola,22,0.884,3112,49.29%,5,0-5,0.00%,0.098,51,23-28,45.10%,476,229-247,48.11%,,,
clay,93,Rinky Hijikata,9,0.875,1546,48.06%,2,2-0,100.00%,0.080,25,11-14,44.00%,239,112-127,46.86%,,,
clay,183,Roberto Bautista Agut,11,0.786,1463,46.96%,3,3-0,100.00%,0.115,26,10-16,38.46%,239,106-133,44.35%,,,
clay,176,Roberto Carballes Baena,34,1.085,4773,50.74%,6,2-4,33.33%,0.072,83,43-40,51.81%,746,383-363,51.34%,,,
clay,320,Rodrigo Pacheco Mendez,21,1.142,3104,50.35%,5,0-5,0.00%,0.096,52,23-29,44.23%,489,244-245,49.90%,,,
clay,152,Roman Andres Burruchaga,59,1.209,8664,52.31%,15,7-8,46.67%,0.106,141,90-51,63.83%,1324,733-591,55.36%,,,
clay,132,Roman Safiullin,23,1.137,3445,53.09%,5,4-1,80.00%,0.088,57,38-19,66.67%,542,306-236,56.46%,,,
clay,484,Rudolf Molleker,10,0.963,1602,48.06%,2,2-0,100.00%,0.080,25,10-15,40.00%,240,109-131,45.42%,,,
clay,594,Ryan Dickerson,9,0.778,1153,46.83%,1,1-0,100.00%,0.050,20,8-12,40.00%,179,77-102,43.02%,,,
clay,488,Ryan Nijboer,9,0.850,1143,47.94%,2,0-2,0.00%,0.105,19,6-13,31.58%,180,83-97,46.11%,,,
clay,750,Ryan Seggerman,7,1.133,1103,51.04%,4,1-3,25.00%,0.235,17,9-8,52.94%,169,86-83,50.89%,,,
clay,665,Saba Purtseladze,6,0.634,853,43.85%,2,0-2,0.00%,0.143,14,2-12,14.29%,128,46-82,35.94%,,,
clay,656,Samuel Alejandro Linde Palacios,10,0.677,1260,42.78%,2,1-1,50.00%,0.091,22,3-19,13.64%,189,62-127,32.80%,,,
clay,727,Samuel Heredia,11,0.864,1718,47.90%,3,2-1,66.67%,0.111,27,11-16,40.74%,259,117-142,45.17%,,,
clay,400,Samuele Pieri,14,0.881,2136,48.08%,5,2-3,40.00%,0.147,34,12-22,35.29%,333,149-184,44.74%,,,
clay,293,Sandro Kopp,31,1.030,4843,50.32%,15,5-10,33.33%,0.197,76,41-35,53.95%,749,382-367,51.00%,,,
clay,625,Santiago De La Fuente,10,0.752,1509,45.26%,2,1-1,50.00%,0.087,23,4-19,17.39%,225,90-135,40.00%,,,
clay,384,Santiago Rodriguez Taverna,35,0.944,5504,48.95%,15,8-7,53.33%,0.169,89,38-51,42.70%,866,414-452,47.81%,,,
clay,313,Sascha Gueymard Wayenburg,21,0.872,2994,48.63%,6,4-2,66.67%,0.125,48,18-30,37.50%,463,215-248,46.44%,,,
clay,341,Sean Cuenin,5,0.816,619,47.33%,5,1-4,20.00%,0.556,9,2-7,22.22%,97,43-54,44.33%,,,
clay,28,Sebastian Baez,31,1.024,4342,50.21%,8,6-2,75.00%,0.114,70,37-33,52.86%,668,331-337,49.55%,,,
clay,516,Sebastian Gima,12,0.837,1542,47.02%,3,2-1,66.67%,0.115,26,9-17,34.62%,243,108-135,44.44%,,,
clay,124,Sebastian Ofner,29,1.082,4327,51.31%,13,8-5,61.54%,0.194,67,38-29,56.72%,665,347-318,52.18%,,,
clay,302,Sergey Fomin,11,0.905,1702,49.12%,4,2-2,50.00%,0.148,27,13-14,48.15%,257,123-134,47.86%,,,
clay,452,Sergio Callejon Hernando,6,1.044,830,50.84%,2,1-1,50.00%,0.143,14,7-7,50.00%,132,68-64,51.52%,,,
clay,117,Shintaro Mochizuki,6,1.035,924,49.89%,2,1-1,50.00%,0.133,15,8-7,53.33%,142,70-72,49.30%,,,
clay,118,Stan Wawrinka,11,0.916,1906,48.37%,6,3-3,50.00%,0.207,29,9-20,31.03%,300,139-161,46.33%,,,
clay,261,Stefan Dostanic,13,0.942,1730,50.00%,3,1-2,33.33%,0.097,31,16-15,51.61%,278,139-139,50.00%,,,
clay,296,Stefan Kozlov,9,1.177,1304,50.77%,2,0-2,0.00%,0.095,21,10-11,47.62%,192,97-95,50.52%,,,
clay,411,Stefan Palosi,19,0.939,2701,48.57%,4,3-1,75.00%,0.089,45,21-24,46.67%,410,188-222,45.85%,,,
clay,229,Stefano Napolitano,28,1.147,3780,51.22%,15,8-7,53.33%,0.234,64,37-27,57.81%,609,320-289,52.55%,,,
clay,142,Stefano Travaglia,39,1.223,5832,52.25%,19,6-13,31.58%,0.209,91,55-36,60.44%,895,488-407,54.53%,,,
clay,153,Stefanos Sakellaridis,17,1.035,2599,51.17%,9,5-4,55.56%,0.220,41,25-16,60.98%,415,220-195,53.01%,,,
clay,11,Stefanos Tsitsipas,16,1.132,2660,50.90%,14,5-9,35.71%,0.341,41,23-18,56.10%,434,227-207,52.30%,,,
clay,246,Sumit Nagal,34,1.049,4934,50.77%,7,3-4,42.86%,0.087,80,45-35,56.25%,767,397-370,51.76%,,,
clay,584,Svyatoslav Gulin,10,0.912,1448,47.31%,1,1-0,100.00%,0.040,25,7-18,28.00%,223,96-127,43.05%,,,
clay,69,Tallon Griekspoor,10,0.874,1629,48.19%,4,3-1,75.00%,0.154,26,11-15,42.31%,256,121-135,47.27%,,,
clay,194,Taro Daniel,16,1.148,2221,52.09%,6,3-3,50.00%,0.167,36,23-13,63.89%,344,191-153,55.52%,,,
clay,46,Terence Atmane,11,0.872,1746,48.40%,8,4-4,50.00%,0.286,28,13-15,46.43%,290,139-151,47.93%,,,
clay,115,Thiago Agustin Tirante,40,1.104,5891,51.40%,19,9-10,47.37%,0.198,96,57-39,59.38%,951,508-443,53.42%,,,
clay,722,Thiago Cigarran,8,0.858,1190,48.07%,3,0-3,0.00%,0.158,19,7-12,36.84%,179,82-97,45.81%,,,
clay,303,Thiago Monteiro,37,1.037,5155,50.67%,16,9-7,56.25%,0.190,84,46-38,54.76%,834,425-409,50.96%,,,
clay,206,Thiago Seyboth Wild,34,1.087,4665,52.78%,7,4-3,57.14%,0.089,79,48-31,60.76%,742,411-331,55.39%,,,
clay,321,Thomas Faurel,14,0.824,2233,48.28%,7,0-7,0.00%,0.200,35,11-24,31.43%,351,162-189,46.15%,,,
clay,371,Tiago Pereira,21,0.771,2780,45.50%,4,2-2,50.00%,0.083,48,11-37,22.92%,441,172-269,39.00%,,,
clay,427,Tiago Torres,5,0.707,622,47.59%,0,0-0,,0.000,10,4-6,40.00%,92,42-50,45.65%,,,
clay,500,Tibo Colson,5,1.022,777,50.06%,2,1-1,50.00%,0.167,12,6-6,50.00%,120,58-62,48.33%,,,
clay,150,Timofey Skatov,35,0.971,5075,49.42%,12,6-6,50.00%,0.145,83,38-45,45.78%,774,373-401,48.19%,,,
clay,185,Titouan Droguet,25,1.073,3493,51.99%,9,3-6,33.33%,0.150,60,35-25,58.33%,556,297-259,53.42%,,,
clay,112,Toby Samuel,14,1.025,2132,51.03%,7,6-1,85.71%,0.200,35,21-14,60.00%,337,179-158,53.12%,,,
clay,186,Tom Gentzsch,31,1.107,4463,51.40%,10,4-6,40.00%,0.141,71,42-29,59.15%,694,370-324,53.31%,,,
clay,139,Tomas Barrios Vera,44,1.072,6375,51.23%,14,7-7,50.00%,0.137,102,60-42,58.82%,988,528-460,53.44%,,,
clay,43,Tomas Machac,11,0.963,1821,49.09%,6,5-1,83.33%,0.200,30,16-14,53.33%,293,141-152,48.12%,,,
clay,30,Tomas Martin Etcheverry,28,1.087,4289,50.57%,14,9-5,64.29%,0.197,71,39-32,54.93%,702,353-349,50.28%,,,
clay,567,Tomasz Berkieta,6,0.953,825,47.76%,2,0-2,0.00%,0.154,13,3-10,23.08%,126,56-70,44.44%,,,
clay,358,Tommaso Compagnucci,13,0.969,1797,49.08%,7,3-4,42.86%,0.241,29,14-15,48.28%,286,139-147,48.60%,,,
clay,21,Tommy Paul,16,1.069,2990,51.34%,8,5-3,62.50%,0.178,45,30-15,66.67%,457,249-208,54.49%,,,
clay,162,Tristan Boyer,20,0.964,3087,51.09%,7,5-2,71.43%,0.137,51,30-21,58.82%,481,251-230,52.18%,,,
clay,604,Tristan McCormick,5,0.876,685,49.05%,1,1-0,100.00%,0.091,11,5-6,45.45%,108,51-57,47.22%,,,
clay,148,Tristan Schoolkate,9,0.996,1394,51.15%,6,4-2,66.67%,0.273,22,14-8,63.64%,224,118-106,52.68%,,,
clay,343,Tyler Zink,6,1.183,919,50.82%,1,1-0,100.00%,0.067,15,7-8,46.67%,135,70-65,51.85%,,,
clay,173,Ugo Blanchet,5,0.684,684,47.08%,1,0-1,0.00%,0.091,11,2-9,18.18%,108,46-62,42.59%,,,
clay,28,Ugo Humbert,10,0.896,1605,49.53%,6,2-4,33.33%,0.240,25,12-13,48.00%,254,125-129,49.21%,,,
clay,203,Valentin Royer,24,0.986,3533,49.93%,6,5-1,83.33%,0.103,58,30-28,51.72%,551,275-276,49.91%,,,
clay,18,Valentin Vacherot,14,1.135,2283,52.34%,6,3-3,50.00%,0.167,36,21-15,58.33%,360,194-166,53.89%,,,
clay,442,Valerio Aboian,25,0.894,3541,48.74%,7,4-3,57.14%,0.123,57,28-29,49.12%,537,256-281,47.67%,,,
clay,128,Vilius Gaubas,45,0.977,7529,49.66%,23,9-14,39.13%,0.204,113,55-58,48.67%,1129,564-565,49.96%,,,
clay,125,Vit Kopriva,40,0.995,5741,50.29%,8,3-5,37.50%,0.082,97,51-46,52.58%,902,458-444,50.78%,,,
clay,215,Vitaliy Sachko,29,1.033,4365,50.31%,8,5-3,62.50%,0.113,71,35-36,49.30%,682,345-337,50.59%,,,
clay,530,Vladyslav Orlov,6,1.000,891,47.03%,1,0-1,0.00%,0.067,15,3-12,20.00%,141,57-84,40.43%,,,
clay,801,Wilson Leite,5,0.794,569,45.34%,0,0-0,,0.000,11,3-8,27.27%,91,37-54,40.66%,,,
clay,98,Yannick Hanfmann,23,1.163,3561,51.14%,16,8-8,50.00%,0.291,55,31-24,56.36%,575,302-273,52.52%,,,
clay,106,Yibing Wu,11,1.189,1690,52.19%,3,2-1,66.67%,0.111,27,18-9,66.67%,269,149-120,55.39%,,,
clay,222,Yu Hsiou Hsu,5,0.926,721,48.40%,1,1-0,100.00%,0.077,13,7-6,53.85%,115,54-61,46.96%,,,
clay,165,Zachary Svajda,8,0.881,1557,48.55%,6,3-3,50.00%,0.231,26,12-14,46.15%,256,120-136,46.88%,,,
clay,154,Zdenek Kolar,67,1.112,9118,51.28%,17,7-10,41.18%,0.113,151,88-63,58.28%,1408,749-659,53.20%,,,
clay,156,Zhizhen Zhang,7,0.721,1016,46.75%,4,0-4,0.00%,0.235,17,4-13,23.53%,163,70-93,42.94%,,,
clay,34,Zizou Bergs,15,1.010,2032,50.10%,1,0-1,0.00%,0.029,35,16-19,45.71%,331,165-166,49.85%,,,
clay,119,Zsombor Piros,31,1.068,4279,52.35%,9,5-4,55.56%,0.123,73,48-25,65.75%,682,384-298,56.30%,,,
grass,91,Adam Walton,8,1.184,1254,51.99%,3,1-2,33.33%,0.150,20,12-8,60.00%,204,109-95,53.43%,,,
grass,73,Adrian Mannarino,11,1.040,1648,50.12%,6,4-2,66.67%,0.214,28,14-14,50.00%,273,134-139,49.08%,,,
grass,265,Alastair Gray,5,1.469,611,54.17%,0,0-0,,0.000,10,6-4,60.00%,94,53-41,56.38%,,,
grass,20,Alejandro Davidovich Fokina,12,1.435,1999,53.33%,9,7-2,77.78%,0.281,32,24-8,75.00%,324,179-145,55.25%,,,
grass,41,Alex Michelsen,5,1.193,805,52.30%,2,1-1,50.00%,0.154,13,8-5,61.54%,122,66-56,54.10%,,,
grass,7,Alex de Minaur,11,1.307,1759,54.06%,5,3-2,60.00%,0.179,28,20-8,71.43%,272,160-112,58.82%,,,
grass,11,Alexander Bublik,8,1.228,1605,50.78%,9,6-3,66.67%,0.360,25,13-12,52.00%,267,134-133,50.19%,,,
grass,3,Alexander Zverev,11,1.450,2169,52.93%,12,10-2,83.33%,0.353,34,26-8,76.47%,363,202-161,55.65%,,,
grass,200,Alexis Galarneau,8,1.043,1402,50.00%,5,5-0,100.00%,0.227,22,13-9,59.09%,222,111-111,50.00%,,,
grass,114,Arthur Fery,15,1.116,2948,51.19%,11,7-4,63.64%,0.234,47,29-18,61.70%,471,251-220,53.29%,,,
grass,127,Arthur Gea,7,0.970,1121,51.03%,4,3-1,75.00%,0.222,18,10-8,55.56%,182,95-87,52.20%,,,
grass,29,Arthur Rinderknech,5,1.242,1051,52.24%,7,3-4,42.86%,0.438,16,8-8,50.00%,179,92-87,51.40%,,,
grass,227,August Holmgren,5,1.026,680,48.82%,2,2-0,100.00%,0.182,11,5-6,45.45%,107,50-57,46.73%,,,
grass,10,Ben Shelton,8,1.012,1689,50.80%,10,5-5,50.00%,0.400,25,15-10,60.00%,277,143-134,51.62%,,,
grass,70,Benjamin Bonzi,7,1.108,1040,51.44%,2,1-1,50.00%,0.105,19,10-9,52.63%,175,90-85,51.43%,,,
grass,155,Billy Harris,8,1.023,1536,48.89%,9,4-5,44.44%,0.409,22,9-13,40.91%,240,114-126,47.50%,,,
grass,31,Brandon Nakashima,6,1.243,1165,52.79%,6,3-3,50.00%,0.353,17,12-5,70.59%,183,102-81,55.74%,,,
grass,64,Christopher O'Connell,7,1.282,1081,51.80%,6,4-2,66.67%,0.375,16,11-5,68.75%,175,93-82,53.14%,,,
grass,204,Clement Chidekh,8,1.330,1294,51.47%,2,1-1,50.00%,0.100,20,11-9,55.00%,198,106-92,53.54%,,,
grass,69,Corentin Moutet,5,0.854,837,47.67%,2,1-1,50.00%,0.154,13,3-10,23.08%,138,61-77,44.20%,,,
grass,121,Dane Sweeny,6,0.965,1059,49.58%,5,2-3,40.00%,0.333,15,7-8,46.67%,160,78-82,48.75%,,,
grass,93,Daniel Altmaier,8,0.868,1316,49.32%,3,1-2,33.33%,0.143,21,10-11,47.62%,210,102-108,48.57%,,,
grass,6,Daniil Medvedev,9,1.332,1608,52.36%,5,2-3,40.00%,0.200,25,15-10,60.00%,249,135-114,54.22%,,,
grass,226,Darwin Blanch,7,0.842,1224,49.26%,5,3-2,60.00%,0.263,19,9-10,47.37%,194,94-100,48.45%,,,
grass,47,Ethan Quinn,9,1.131,1476,51.42%,4,1-3,25.00%,0.167,24,14-10,58.33%,245,130-115,53.06%,,,
grass,61,Fabian Marozsan,9,0.852,1415,48.62%,3,2-1,66.67%,0.130,23,12-11,52.17%,223,108-115,48.43%,,,
grass,29,Felix Auger-Aliassime,10,1.168,2036,52.31%,11,5-6,45.45%,0.344,32,21-11,65.62%,334,185-149,55.39%,,,
grass,220,Felix Gill,10,0.874,1760,48.41%,8,3-5,37.50%,0.296,27,11-16,40.74%,275,131-144,47.64%,,,
grass,300,Filippo Romano,8,0.829,1433,49.97%,4,3-1,75.00%,0.182,22,12-10,54.55%,220,113-107,51.36%,,,
grass,9,Flavio Cobolli,6,0.865,1375,48.65%,9,6-3,66.67%,0.429,21,12-9,57.14%,216,107-109,49.54%,,,
grass,20,Frances Tiafoe,11,1.131,1991,52.24%,7,4-3,57.14%,0.226,31,22-9,70.97%,319,178-141,55.80%,,,
grass,23,Francisco Cerundolo,6,0.964,1117,50.31%,4,1-3,25.00%,0.235,17,10-7,58.82%,169,90-79,53.25%,,,
grass,87,Gabriel Diallo,7,0.812,1467,48.88%,7,2-5,28.57%,0.304,23,10-13,43.48%,235,114-121,48.51%,,,
grass,91,Giovanni Mpetshi Perricard,5,0.842,979,48.93%,9,4-5,44.44%,0.643,14,6-8,42.86%,164,80-84,48.78%,,,
grass,146,Grigor Dimitrov,10,1.265,1769,52.18%,5,3-2,60.00%,0.172,29,19-10,65.52%,295,161-134,54.58%,,,
grass,205,Harry Wendelken,5,0.811,868,47.00%,3,1-2,33.33%,0.231,13,3-10,23.08%,133,57-76,42.86%,,,
grass,273,Henry Searle,10,1.390,1443,54.75%,4,3-1,75.00%,0.174,23,20-3,86.96%,232,139-93,59.91%,,,
grass,18,Hubert Hurkacz,7,1.106,1507,51.56%,7,4-3,57.14%,0.304,23,15-8,65.22%,242,132-110,54.55%,,,
grass,33,Ignacio Buse,6,0.922,960,48.65%,3,3-0,100.00%,0.188,16,7-9,43.75%,156,70-86,44.87%,,,
grass,172,Jack Pinnington Jones,7,0.956,1310,48.93%,2,0-2,0.00%,0.105,19,7-12,36.84%,202,97-105,48.02%,,,
grass,86,Jacob Fearnley,15,1.239,2724,51.65%,10,3-7,30.00%,0.238,42,23-19,54.76%,421,224-197,53.21%,,,
grass,88,Jan Choinski,5,1.067,874,50.23%,1,0-1,0.00%,0.067,15,8-7,53.33%,139,71-68,51.08%,,,
grass,42,Jan-Lennard Struff,9,0.926,2158,49.72%,12,7-5,58.33%,0.375,32,17-15,53.12%,347,174-173,50.14%,,,
grass,1,Jannik Sinner,7,1.621,1515,54.26%,7,5-2,71.43%,0.292,24,21-3,87.50%,254,148-106,58.27%,,,
grass,43,Jaume Munar,5,1.120,849,51.94%,1,1-0,100.00%,0.071,14,7-7,50.00%,137,69-68,50.36%,,,
grass,1091,Jenson Brooksby,8,1.065,1183,50.46%,2,1-1,50.00%,0.095,21,11-10,52.38%,193,99-94,51.30%,,,
grass,12,Jiri Lehecka,9,1.180,1821,51.73%,8,4-4,50.00%,0.296,27,18-9,66.67%,293,158-135,53.92%,,,
grass,136,Jurij Rodionov,5,1.388,633,53.40%,3,3-0,100.00%,0.300,10,8-2,80.00%,98,57-41,58.16%,,,
grass,117,Kamil Majchrzak,12,1.229,2038,52.94%,11,7-4,63.64%,0.355,31,22-9,70.97%,327,181-146,55.35%,,,
grass,270,Kyrian Jacquet,7,1.177,1127,51.46%,6,4-2,66.67%,0.333,18,11-7,61.11%,180,93-87,51.67%,,,
grass,88,Lorenzo Sonego,6,1.025,1346,49.78%,8,4-4,50.00%,0.381,21,10-11,47.62%,228,113-115,49.56%,,,
grass,145,Mackenzie McDonald,6,0.770,957,47.44%,3,1-2,33.33%,0.200,15,5-10,33.33%,147,67-80,45.58%,,,
grass,45,Marcos Giron,7,0.918,1383,50.18%,7,3-4,42.86%,0.350,20,10-10,50.00%,223,112-111,50.22%,,,
grass,182,Marin Cilic,5,0.756,823,47.51%,2,1-1,50.00%,0.143,14,5-9,35.71%,136,59-77,43.38%,,,
grass,189,Mark Lajal,8,0.893,1117,49.87%,3,2-1,66.67%,0.158,19,9-10,47.37%,183,90-93,49.18%,,,
grass,326,Martin Damm,6,0.824,1180,48.64%,8,3-5,37.50%,0.471,17,7-10,41.18%,191,94-97,49.21%,,,
grass,143,Martin Landaluce,5,0.888,972,48.66%,3,1-2,33.33%,0.200,15,5-10,33.33%,156,74-82,47.44%,,,
grass,100,Marton Fucsovics,6,0.886,1045,49.19%,5,3-2,60.00%,0.312,16,7-9,43.75%,160,76-84,47.50%,,,
grass,101,Mattia Bellucci,7,0.939,1176,50.00%,5,2-3,40.00%,0.263,19,9-10,47.37%,197,100-97,50.76%,,,
grass,257,Max Basing,5,0.819,884,47.51%,3,2-1,66.67%,0.214,14,6-8,42.86%,131,56-75,42.75%,,,
grass,754,Michael Zheng,5,0.962,1219,50.45%,9,2-7,22.22%,0.500,18,8-10,44.44%,195,99-96,50.77%,,,
grass,55,Miomir Kecmanovic,5,0.840,968,47.52%,3,3-0,100.00%,0.188,16,7-9,43.75%,157,71-86,45.22%,,,
grass,8,Novak Djokovic,6,0.981,1364,50.88%,5,4-1,80.00%,0.217,23,15-8,65.22%,237,125-112,52.74%,,,
grass,36,Nuno Borges,9,1.199,1368,51.32%,4,1-3,25.00%,0.182,22,13-9,59.09%,223,116-107,52.02%,,,
grass,348,Oliver Tarvet,6,0.946,1008,49.60%,5,0-5,0.00%,0.312,16,7-9,43.75%,162,83-79,51.23%,,,
grass,115,Otto Virtanen,12,1.092,2392,51.09%,15,7-8,46.67%,0.455,33,20-13,60.61%,365,194-171,53.15%,,,
grass,83,Quentin Halys,5,0.966,774,49.61%,2,1-1,50.00%,0.154,13,5-8,38.46%,126,61-65,48.41%,,,
grass,38,Raphael Collignon,5,0.784,794,48.24%,3,0-3,0.00%,0.231,13,5-8,38.46%,134,65-69,48.51%,,,
grass,182,Remy Bertola,5,0.778,673,48.44%,2,2-0,100.00%,0.182,11,6-5,54.55%,109,53-56,48.62%,,,
grass,93,Rinky Hijikata,9,0.996,1505,50.50%,7,4-3,57.14%,0.304,23,12-11,52.17%,240,121-119,50.42%,,,
grass,132,Roman Safiullin,8,1.258,1748,51.89%,8,4-4,50.00%,0.286,28,16-12,57.14%,282,149-133,52.84%,,,
grass,117,Shintaro Mochizuki,8,1.144,1499,51.17%,7,5-2,71.43%,0.318,22,13-9,59.09%,227,118-109,51.98%,,,
grass,194,Sho Shimabukuro,9,1.092,1449,50.31%,5,3-2,60.00%,0.217,23,12-11,52.17%,238,119-119,50.00%,,,
grass,8,Taylor Fritz,14,1.363,2513,53.04%,9,6-3,66.67%,0.225,40,27-13,67.50%,428,231-197,53.97%,,,
grass,46,Terence Atmane,5,0.776,852,46.60%,3,2-1,66.67%,0.214,14,4-10,28.57%,146,65-81,44.52%,,,
grass,185,Titouan Droguet,5,0.864,727,48.83%,2,1-1,50.00%,0.154,13,6-7,46.15%,121,58-63,47.93%,,,
grass,112,Toby Samuel,8,0.962,1379,49.89%,4,2-2,50.00%,0.182,22,12-10,54.55%,213,104-109,48.83%,,,
grass,21,Tommy Paul,8,1.365,1345,53.46%,5,4-1,80.00%,0.238,21,16-5,76.19%,210,121-89,57.62%,,,
grass,148,Tristan Schoolkate,5,1.060,896,50.00%,2,0-2,0.00%,0.143,14,6-8,42.86%,139,68-71,48.92%,,,
grass,28,Ugo Humbert,12,1.062,1858,51.45%,4,3-1,75.00%,0.129,31,20-11,64.52%,302,161-141,53.31%,,,
grass,125,Vit Kopriva,5,0.757,748,48.26%,0,0-0,,0.000,13,6-7,46.15%,127,61-66,48.03%,,,
grass,98,Yannick Hanfmann,8,1.279,1341,50.34%,8,6-2,75.00%,0.400,20,10-10,50.00%,216,107-109,49.54%,,,
grass,239,Yi Zhou,6,0.908,907,51.16%,3,1-2,33.33%,0.214,14,8-6,57.14%,135,74-61,54.81%,,,
grass,106,Yibing Wu,5,0.957,861,50.17%,0,0-0,,0.000,14,5-9,35.71%,134,65-69,48.51%,,,
grass,109,Yunchaokete Bu,11,0.965,1498,51.94%,6,6-0,100.00%,0.240,25,20-5,80.00%,248,137-111,55.24%,,,
grass,156,Zhizhen Zhang,8,1.148,1418,50.71%,8,4-4,50.00%,0.400,20,11-9,55.00%,220,113-107,51.36%,,,
grass,34,Zizou Bergs,10,1.175,2014,51.99%,7,3-4,42.86%,0.219,32,20-12,62.50%,318,175-143,55.03%,,,
hard,261,Abdullah Shelbayh,28,0.991,3778,50.61%,6,1-5,16.67%,0.094,64,37-27,57.81%,598,318-280,53.18%,,,
hard,91,Adam Walton,47,1.064,7262,50.43%,29,12-17,41.38%,0.250,116,56-60,48.28%,1174,594-580,50.60%,,,
hard,777,Adhithya Ganesan,6,0.690,1007,47.37%,5,2-3,40.00%,0.333,15,5-10,33.33%,159,71-88,44.65%,,,
hard,975,Aditya Vishal Balsekar,5,0.463,545,39.08%,1,1-0,100.00%,0.091,11,1-10,9.09%,89,23-66,25.84%,,,
hard,373,Adria Soriano Barrera,7,0.719,1107,45.89%,8,4-4,50.00%,0.471,17,5-12,29.41%,176,74-102,42.05%,,,
hard,73,Adrian Mannarino,29,0.991,4649,50.35%,18,5-13,27.78%,0.243,74,34-40,45.95%,762,384-378,50.39%,,,
hard,659,Aidan Kim,5,0.769,615,47.97%,0,0-0,,0.000,11,4-7,36.36%,96,43-53,44.79%,,,
hard,689,Aidan Mayo,10,1.235,1769,50.14%,11,5-6,45.45%,0.440,25,11-14,44.00%,272,131-141,48.16%,,,
hard,293,Akira Santillan,21,1.051,2748,50.69%,3,3-0,100.00%,0.060,50,27-23,54.00%,452,231-221,51.11%,,,
hard,444,Alafia Ayeni,11,1.122,1606,50.44%,3,2-1,66.67%,0.120,25,14-11,56.00%,248,126-122,50.81%,,,
hard,650,Alan Magadan,5,0.868,709,46.54%,2,1-1,50.00%,0.182,11,2-9,18.18%,111,48-63,43.24%,,,
hard,265,Alastair Gray,25,0.987,3835,50.40%,13,6-7,46.15%,0.210,62,30-32,48.39%,595,301-294,50.59%,,,
hard,618,Alberto Barroso Campos,8,0.982,1107,50.05%,0,0-0,,0.000,20,9-11,45.00%,172,85-87,49.42%,,,
hard,20,Alejandro Davidovich Fokina,29,0.989,4205,49.92%,15,7-8,46.67%,0.221,68,39-29,57.35%,675,355-320,52.59%,,,
hard,222,Alejandro Moro Canas,21,1.112,3136,50.67%,6,5-1,83.33%,0.115,52,29-23,55.77%,496,249-247,50.20%,,,
hard,26,Alejandro Tabilo,32,1.009,4506,50.87%,14,7-7,50.00%,0.187,75,41-34,54.67%,746,388-358,52.01%,,,
hard,450,Alejo Sanchez Quilez,7,1.022,941,50.69%,3,1-2,33.33%,0.200,15,8-7,53.33%,152,78-74,51.32%,,,
hard,108,Aleksandar Kovacevic,30,0.881,4727,49.06%,25,11-14,44.00%,0.338,74,31-43,41.89%,782,384-398,49.10%,,,
hard,67,Aleksandar Vukic,29,0.924,4524,48.65%,17,11-6,64.71%,0.233,73,34-39,46.58%,724,347-377,47.93%,,,
hard,157,Alex Bolt,31,1.144,4286,52.38%,13,10-3,76.92%,0.186,70,49-21,70.00%,690,379-311,54.93%,,,
hard,498,Alex Hernandez,11,0.740,1455,46.87%,2,1-1,50.00%,0.083,24,7-17,29.17%,222,92-130,41.44%,,,
hard,355,Alex Martinez,9,0.937,1252,49.84%,2,1-1,50.00%,0.095,21,10-11,47.62%,202,101-101,50.00%,,,
hard,41,Alex Michelsen,39,1.081,5804,51.57%,18,10-8,55.56%,0.191,94,53-41,56.38%,944,490-454,51.91%,,,
hard,81,Alex Molcan,13,1.207,1662,51.99%,5,4-1,80.00%,0.179,28,19-9,67.86%,263,142-121,53.99%,,,
hard,332,Alex Rybakov,20,0.955,2730,49.63%,8,5-3,62.50%,0.178,45,20-25,44.44%,442,212-230,47.96%,,,
hard,7,Alex de Minaur,45,1.089,6713,51.24%,17,9-8,52.94%,0.157,108,69-39,63.89%,1055,575-480,54.50%,,,
hard,479,Alexander Binda,7,0.725,881,47.45%,2,0-2,0.00%,0.133,15,4-11,26.67%,140,62-78,44.29%,,,
hard,205,Alexander Blockx,30,1.073,4568,50.83%,13,6-7,46.15%,0.171,76,49-27,64.47%,704,381-323,54.12%,,,
hard,11,Alexander Bublik,34,1.079,5226,51.49%,22,11-11,50.00%,0.262,84,52-32,61.90%,851,456-395,53.58%,,,
hard,549,Alexander Donski,7,0.836,1291,49.65%,4,2-2,50.00%,0.211,19,11-8,57.89%,197,101-96,51.27%,,,
hard,496,Alexander Ritschard,5,1.264,720,51.39%,2,2-0,100.00%,0.167,12,7-5,58.33%,110,59-51,53.64%,,,
hard,100,Alexander Shevchenko,24,0.870,3823,48.31%,20,11-9,55.00%,0.333,60,27-33,45.00%,603,282-321,46.77%,,,
hard,3,Alexander Zverev,38,1.167,5573,51.07%,20,14-6,70.00%,0.220,91,56-35,61.54%,923,479-444,51.90%,,,
hard,464,Alexandr Binda,5,0.808,806,46.65%,0,0-0,,0.000,13,3-10,23.08%,127,56-71,44.09%,,,
hard,132,Alexandre Muller,18,0.841,2775,48.00%,12,5-7,41.67%,0.273,44,15-29,34.09%,449,198-251,44.10%,,,
hard,25,Alexei Popyrin,20,0.903,2771,48.00%,5,2-3,40.00%,0.104,48,15-33,31.25%,470,210-260,44.68%,,,
hard,200,Alexis Galarneau,47,0.951,7021,49.96%,16,8-8,50.00%,0.144,111,60-51,54.05%,1096,555-541,50.64%,,,
hard,409,Alfredo Perez,14,0.964,1903,49.66%,3,1-2,33.33%,0.097,31,16-15,51.61%,302,152-150,50.33%,,,
hard,248,Andre Ilagan,51,0.987,8032,49.90%,28,11-17,39.29%,0.228,123,63-60,51.22%,1234,622-612,50.41%,,,
hard,227,Andrea Guerrieri,5,0.958,796,50.25%,3,0-3,0.00%,0.250,12,5-7,41.67%,123,63-60,51.22%,,,
hard,614,Andrea Vavassori,8,0.935,1217,50.86%,3,2-1,66.67%,0.150,20,11-9,55.00%,190,98-92,51.58%,,,
hard,223,Andres Andrade,17,0.942,2274,49.30%,3,2-1,66.67%,0.079,38,21-17,55.26%,361,180-181,49.86%,,,
hard,381,Andres Martin,37,0.980,5719,49.75%,18,10-8,55.56%,0.205,88,40-48,45.45%,887,433-454,48.82%,,,
hard,399,Andrew Fenty,16,0.834,2403,48.36%,10,5-5,50.00%,0.270,37,14-23,37.84%,372,175-197,47.04%,,,
hard,16,Andrey Rublev,25,1.129,4150,50.82%,14,6-8,42.86%,0.215,65,35-30,53.85%,663,341-322,51.43%,,,
hard,348,Antoine Escoffier,7,1.024,999,50.75%,3,1-2,33.33%,0.188,16,8-8,50.00%,157,81-76,51.59%,,,
hard,352,Antoine Ghibaudo,25,0.882,3379,49.45%,9,5-4,55.56%,0.164,55,26-29,47.27%,540,263-277,48.70%,,,
hard,911,Aoran Wang,5,0.715,705,46.67%,3,1-2,33.33%,0.250,12,4-8,33.33%,122,56-66,45.90%,,,
hard,808,Arda Azkara,10,0.933,1372,49.05%,3,2-1,66.67%,0.136,22,9-13,40.91%,214,101-113,47.20%,,,
hard,492,Aristotelis Thanos,5,0.882,722,46.68%,0,0-0,,0.000,12,2-10,16.67%,115,49-66,42.61%,,,
hard,439,Arthur Bouquier,14,0.928,2407,49.56%,6,4-2,66.67%,0.162,37,17-20,45.95%,372,181-191,48.66%,,,
hard,73,Arthur Cazaux,21,1.085,3219,51.10%,13,8-5,61.54%,0.255,51,30-21,58.82%,509,268-241,52.65%,,,
hard,114,Arthur Fery,18,1.207,2496,51.36%,5,1-4,20.00%,0.119,42,24-18,57.14%,398,211-187,53.02%,,,
hard,24,Arthur Fils,22,1.086,3022,51.62%,14,8-6,57.14%,0.286,49,32-17,65.31%,483,261-222,54.04%,,,
hard,127,Arthur Gea,23,1.165,3288,52.95%,8,3-5,37.50%,0.148,54,35-19,64.81%,514,286-228,55.64%,,,
hard,29,Arthur Rinderknech,32,0.990,5449,50.12%,23,10-13,43.48%,0.271,85,44-41,51.76%,878,444-434,50.57%,,,
hard,417,Arthur Weber,8,0.808,1098,47.18%,2,1-1,50.00%,0.111,18,5-13,27.78%,168,73-95,43.45%,,,
hard,414,Aryan Shah,9,0.768,1261,46.47%,3,0-3,0.00%,0.130,23,7-16,30.43%,203,88-115,43.35%,,,
hard,227,August Holmgren,34,1.039,5214,49.85%,16,9-7,56.25%,0.195,82,40-42,48.78%,829,414-415,49.94%,,,
hard,664,Aziz Dougaz,5,1.048,858,50.00%,3,1-2,33.33%,0.231,13,6-7,46.15%,132,65-67,49.24%,,,
hard,525,Aziz Ouakaa,7,0.638,888,43.13%,2,1-1,50.00%,0.125,16,3-13,18.75%,147,55-92,37.41%,,,
hard,300,Beibit Zhukayev,19,0.844,2767,47.60%,10,3-7,30.00%,0.217,46,17-29,36.96%,443,203-240,45.82%,,,
hard,746,Ben Jones,5,0.783,630,46.98%,1,1-0,100.00%,0.091,11,4-7,36.36%,103,48-55,46.60%,,,
hard,10,Ben Shelton,27,1.044,4337,50.52%,17,8-9,47.06%,0.246,69,39-30,56.52%,726,375-351,51.65%,,,
hard,70,Benjamin Bonzi,29,1.011,4767,50.30%,17,9-8,52.94%,0.224,76,44-32,57.89%,775,395-380,50.97%,,,
hard,506,Benjamin Hassan,18,0.852,2480,46.81%,4,2-2,50.00%,0.095,42,12-30,28.57%,406,176-230,43.35%,,,
hard,917,Benoit Paire,5,0.719,726,45.32%,1,1-0,100.00%,0.077,13,3-10,23.08%,113,45-68,39.82%,,,
hard,171,Bernard Tomic,35,1.073,5269,50.43%,19,8-11,42.11%,0.226,84,45-39,53.57%,822,419-403,50.97%,,,
hard,155,Billy Harris,25,1.003,4183,50.06%,21,12-9,57.14%,0.339,62,33-29,53.23%,646,325-321,50.31%,,,
hard,344,Blaise Bicknell,29,0.897,4467,48.15%,10,6-4,60.00%,0.139,72,31-41,43.06%,695,323-372,46.47%,,,
hard,502,Blake Ellis,27,0.925,4366,48.99%,19,12-7,63.16%,0.288,66,33-33,50.00%,684,331-353,48.39%,,,
hard,443,Bor Artnak,5,0.796,623,46.39%,1,0-1,0.00%,0.100,10,2-8,20.00%,94,40-54,42.55%,,,
hard,169,Borna Gojo,29,1.240,4274,52.95%,14,7-7,50.00%,0.209,67,47-20,70.15%,680,384-296,56.47%,,,
hard,70,Botic van de Zandschulp,28,0.988,4527,49.08%,18,7-11,38.89%,0.261,69,33-36,47.83%,711,354-357,49.79%,,,
hard,234,Braden Shick,17,0.924,2391,50.77%,5,4-1,80.00%,0.128,39,23-16,58.97%,373,195-178,52.28%,,,
hard,109,Brandon Holt,15,1.094,2432,49.88%,3,1-2,33.33%,0.077,39,18-21,46.15%,377,186-191,49.34%,,,
hard,31,Brandon Nakashima,38,1.085,5857,51.07%,25,11-14,44.00%,0.272,92,53-39,57.61%,951,496-455,52.16%,,,
hard,251,Buvaysar Gadamauri,14,1.033,2065,50.31%,6,2-4,33.33%,0.176,34,18-16,52.94%,325,168-157,51.69%,,,
hard,291,Calvin Hemery,26,0.914,3518,49.40%,9,3-6,33.33%,0.158,57,25-32,43.86%,547,262-285,47.90%,,,
hard,48,Cameron Norrie,39,1.121,6364,51.30%,27,14-13,51.85%,0.276,98,57-41,58.16%,1011,530-481,52.42%,,,
hard,95,Camilo Ugo Carabelli,16,0.784,2150,46.84%,7,3-4,42.86%,0.206,34,8-26,23.53%,341,140-201,41.06%,,,
hard,435,Cannon Kingsley,18,0.987,2582,50.27%,4,3-1,75.00%,0.093,43,21-22,48.84%,418,212-206,50.72%,,,
hard,436,Carl Emil Overbeck,12,1.137,1568,50.13%,7,1-6,14.29%,0.280,25,10-15,40.00%,253,126-127,49.80%,,,
hard,2,Carlos Alcaraz,38,1.408,6048,53.92%,17,10-7,58.82%,0.172,99,81-18,81.82%,976,581-395,59.53%,,,
hard,14,Casper Ruud,28,1.125,4033,51.90%,16,8-8,50.00%,0.242,66,38-28,57.58%,662,354-308,53.47%,,,
hard,320,Cedrik-Marcel Stebe,16,0.871,2573,49.71%,8,7-1,87.50%,0.211,38,22-16,57.89%,371,182-189,49.06%,,,
hard,283,Charles Broom,31,1.123,4684,50.79%,15,8-7,53.33%,0.195,77,39-38,50.65%,754,382-372,50.66%,,,
hard,191,Chris Rodesch,25,1.218,3522,52.21%,13,8-5,61.54%,0.236,55,38-17,69.09%,559,303-256,54.20%,,,
hard,467,Christian Langmo,23,0.846,3218,48.29%,7,3-4,42.86%,0.135,52,21-31,40.38%,502,238-264,47.41%,,,
hard,424,Christoph Negritu,12,0.819,1885,47.90%,8,4-4,50.00%,0.276,29,12-17,41.38%,304,143-161,47.04%,,,
hard,64,Christopher O'Connell,21,0.905,2734,48.98%,4,2-2,50.00%,0.089,45,21-24,46.67%,436,209-227,47.94%,,,
hard,234,Chun-Hsin Tseng,10,0.955,1466,48.98%,4,2-2,50.00%,0.160,25,10-15,40.00%,234,113-121,48.29%,,,
hard,204,Clement Chidekh,44,1.141,6750,51.70%,18,9-9,50.00%,0.170,106,61-45,57.55%,1023,544-479,53.18%,,,
hard,159,Clement Tabur,20,1.183,3113,52.10%,11,7-4,63.64%,0.220,50,29-21,58.00%,503,267-236,53.08%,,,
hard,108,Coleman Wong,51,1.020,7620,50.81%,23,17-6,73.91%,0.189,122,73-49,59.84%,1235,635-600,51.42%,,,
hard,511,Colin Sinclair,6,0.754,915,46.23%,2,2-0,100.00%,0.133,15,5-10,33.33%,147,60-87,40.82%,,,
hard,174,Colton Smith,23,1.101,3449,51.49%,12,8-4,66.67%,0.231,52,34-18,65.38%,535,287-248,53.64%,,,
hard,507,Constantin Bittoun Kouzmine,11,0.924,1526,49.21%,1,1-0,100.00%,0.040,25,11-14,44.00%,238,116-122,48.74%,,,
hard,69,Corentin Moutet,30,0.916,4499,49.97%,7,4-3,57.14%,0.096,73,36-37,49.32%,706,352-354,49.86%,,,
hard,612,Cruz Hewitt,11,0.972,1654,49.58%,2,2-0,100.00%,0.077,26,12-14,46.15%,250,120-130,48.00%,,,
hard,116,Dalibor Svrcina,21,1.119,2604,51.88%,4,2-2,50.00%,0.091,44,28-16,63.64%,390,212-178,54.36%,,,
hard,87,Damir Dzumhur,17,0.855,2690,47.62%,8,2-6,25.00%,0.186,43,12-31,27.91%,430,192-238,44.65%,,,
hard,224,Dan Added,45,1.035,6377,50.10%,16,10-6,62.50%,0.155,103,55-48,53.40%,992,499-493,50.30%,,,
hard,378,Dan Martin,12,0.826,1788,48.60%,6,3-3,50.00%,0.214,28,12-16,42.86%,294,142-152,48.30%,,,
hard,121,Dane Sweeny,33,1.016,4760,50.63%,15,10-5,66.67%,0.197,76,42-34,55.26%,726,378-348,52.07%,,,
hard,93,Daniel Altmaier,24,0.852,3649,47.74%,11,6-5,54.55%,0.180,61,25-36,40.98%,578,267-311,46.19%,,,
hard,184,Daniel Evans,5,1.209,804,52.11%,2,1-1,50.00%,0.154,13,9-4,69.23%,127,70-57,55.12%,,,
hard,371,Daniel Masur,15,1.102,2491,49.38%,12,4-8,33.33%,0.324,37,17-20,45.95%,393,193-200,49.11%,,,
hard,296,Daniel Merida,20,1.138,2554,52.19%,3,1-2,33.33%,0.067,45,31-14,68.89%,406,228-178,56.16%,,,
hard,302,Daniel Michalski,12,1.021,1987,50.18%,5,4-1,80.00%,0.156,32,17-15,53.12%,321,161-160,50.16%,,,
hard,325,Daniel Milavsky,23,0.903,3203,49.42%,8,3-5,37.50%,0.148,54,26-28,48.15%,509,253-256,49.71%,,,
hard,207,Daniel Rincon,13,1.088,1937,50.44%,9,3-6,33.33%,0.290,31,16-15,51.61%,310,159-151,51.29%,,,
hard,167,Daniil Glinka,38,1.051,5738,50.91%,14,11-3,78.57%,0.154,91,55-36,60.44%,899,469-430,52.17%,,,
hard,6,Daniil Medvedev,42,1.284,6158,53.49%,19,7-12,36.84%,0.190,100,70-30,70.00%,978,564-414,57.67%,,,
hard,226,Darwin Blanch,32,1.004,5041,49.89%,14,9-5,64.29%,0.175,80,41-39,51.25%,801,398-403,49.69%,,,
hard,236,David Goffin,13,1.037,1963,48.40%,5,0-5,0.00%,0.152,33,11-22,33.33%,313,145-168,46.33%,,,
hard,188,David Jorda Sanchis,7,0.905,1036,49.32%,1,0-1,0.00%,0.062,16,5-11,31.25%,157,75-82,47.77%,,,
hard,58,Denis Shapovalov,29,1.091,4448,50.63%,8,5-3,62.50%,0.107,75,39-36,52.00%,714,368-346,51.54%,,,
hard,441,Denis Yevseyev,18,0.970,2790,49.07%,7,4-3,57.14%,0.152,46,21-25,45.65%,422,203-219,48.10%,,,
hard,436,Dhakshineswar Suresh,20,0.893,2755,49.51%,13,9-4,69.23%,0.289,45,27-18,60.00%,459,230-229,50.11%,,,
hard,551,Digvijaypratap Singh,6,0.747,801,45.19%,4,0-4,0.00%,0.308,13,1-12,7.69%,135,55-80,40.74%,,,
hard,375,Dimitar Kuzmanov,26,1.012,3413,50.69%,4,2-2,50.00%,0.068,59,31-28,52.54%,552,282-270,51.09%,,,
hard,84,Dino Prizmic,10,0.973,1482,49.53%,3,3-0,100.00%,0.100,30,14-16,46.67%,249,123-126,49.40%,,,
hard,652,Dmitry Popko,10,1.105,1387,50.18%,0,0-0,,0.000,23,10-13,43.48%,219,108-111,49.32%,,,
hard,357,Dominic Stricker,8,1.131,875,50.29%,1,1-0,100.00%,0.062,16,9-7,56.25%,147,75-72,51.02%,,,
hard,498,Dominik Palan,14,0.977,2174,48.90%,4,2-2,50.00%,0.121,33,15-18,45.45%,334,159-175,47.60%,,,
hard,307,Duje Ajdukovic,22,0.941,3418,49.50%,9,4-5,44.44%,0.167,54,27-27,50.00%,546,273-273,50.00%,,,
hard,1789,Duncan Chan,11,0.951,1594,49.44%,3,1-2,33.33%,0.115,26,12-14,46.15%,253,123-130,48.62%,,,
hard,152,Dusan Lajovic,5,1.032,573,50.26%,3,1-2,33.33%,0.333,9,4-5,44.44%,95,48-47,50.53%,,,
hard,225,Edas Butvilas,29,1.113,4093,51.31%,10,6-4,60.00%,0.149,67,36-31,53.73%,637,333-304,52.28%,,,
hard,391,Edward Winter,26,1.082,3862,51.29%,8,4-4,50.00%,0.129,62,35-27,56.45%,597,314-283,52.60%,,,
hard,486,Eero Vasa,5,0.972,730,49.86%,1,1-0,100.00%,0.083,12,6-6,50.00%,118,58-60,49.15%,,,
hard,314,Eliakim Coulibaly,29,1.042,4176,51.70%,13,7-6,53.85%,0.191,68,39-29,57.35%,669,358-311,53.51%,,,
hard,182,Elias Ymer,19,1.025,2835,50.90%,6,4-2,66.67%,0.125,48,26-22,54.17%,447,231-216,51.68%,,,
hard,91,Eliot Spizzirri,18,1.227,2960,51.55%,11,7-4,63.64%,0.224,49,29-20,59.18%,487,253-234,51.95%,,,
hard,190,Elmer Moller,5,0.631,609,45.48%,3,1-2,33.33%,0.300,10,2-8,20.00%,99,39-60,39.39%,,,
hard,547,Emil Ruusuvuori,11,0.933,1880,49.20%,10,4-6,40.00%,0.345,29,12-17,41.38%,308,149-159,48.38%,,,
hard,86,Emilio Nava,5,0.815,870,47.13%,2,0-2,0.00%,0.154,13,2-11,15.38%,131,54-77,41.22%,,,
hard,323,Enrico Dalla Valle,5,1.059,737,50.88%,2,1-1,50.00%,0.182,11,6-5,54.55%,110,56-54,50.91%,,,
hard,623,Erik Arutiunian,5,0.883,623,48.96%,1,0-1,0.00%,0.100,10,4-6,40.00%,97,47-50,48.45%,,,
hard,47,Ethan Quinn,19,0.913,2688,48.74%,12,7-5,58.33%,0.286,42,19-23,45.24%,438,211-227,48.17%,,,
hard,607,Evan Zhu,6,0.500,808,43.81%,3,0-3,0.00%,0.231,13,1-12,7.69%,125,46-79,36.80%,,,
hard,61,Fabian Marozsan,23,0.997,3514,50.11%,12,6-6,50.00%,0.207,58,28-30,48.28%,581,290-291,49.91%,,,
hard,351,Fabrizio Andaloro,5,0.838,642,46.88%,1,1-0,100.00%,0.111,9,4-5,44.44%,100,46-54,46.00%,,,
hard,107,Facundo Diaz Acosta,5,1.274,677,52.88%,2,1-1,50.00%,0.182,11,7-4,63.64%,104,58-46,55.77%,,,
hard,332,Facundo Mena,6,1.007,896,49.22%,3,1-2,33.33%,0.214,14,6-8,42.86%,145,71-74,48.97%,,,
hard,324,Fajing Sun,41,1.035,5864,50.10%,12,3-9,25.00%,0.126,95,46-49,48.42%,905,452-453,49.94%,,,
hard,191,Federico Agustin Gomez,13,1.110,2144,51.96%,6,2-4,33.33%,0.176,34,21-13,61.76%,335,185-150,55.22%,,,
hard,481,Federico Arnaboldi,5,0.904,873,48.57%,1,1-0,100.00%,0.077,13,5-8,38.46%,141,67-74,47.52%,,,
hard,184,Federico Cina,17,0.936,2274,50.70%,7,3-4,42.86%,0.189,37,20-17,54.05%,352,180-172,51.14%,,,
hard,607,Federico Iannaccone,5,0.916,638,50.47%,2,1-1,50.00%,0.167,12,7-5,58.33%,105,53-52,50.48%,,,
hard,29,Felix Auger-Aliassime,46,1.296,6962,52.24%,30,23-7,76.67%,0.278,108,76-32,70.37%,1120,608-512,54.29%,,,
hard,220,Felix Gill,10,1.021,1698,49.76%,7,5-2,71.43%,0.259,27,16-11,59.26%,266,131-135,49.25%,,,
hard,81,Filip Misolic,9,0.835,1288,47.36%,5,1-4,20.00%,0.263,19,4-15,21.05%,192,80-112,41.67%,,,
hard,488,Filip Peliwo,7,0.676,888,44.93%,1,0-1,0.00%,0.067,15,3-12,20.00%,135,55-80,40.74%,,,
hard,487,Filippo Moroni,5,0.850,733,49.93%,1,1-0,100.00%,0.083,12,6-6,50.00%,116,57-59,49.14%,,,
hard,300,Filippo Romano,9,1.053,1439,50.66%,5,4-1,80.00%,0.227,22,14-8,63.64%,227,118-109,51.98%,,,
hard,9,Flavio Cobolli,33,0.891,5225,49.00%,21,12-9,57.14%,0.259,81,40-41,49.38%,823,399-424,48.48%,,,
hard,247,Florent Bax,18,0.889,2753,49.65%,8,7-1,87.50%,0.186,43,22-21,51.16%,419,208-211,49.64%,,,
hard,20,Frances Tiafoe,29,0.957,4366,49.84%,11,7-4,63.64%,0.151,73,38-35,52.05%,707,351-356,49.65%,,,
hard,149,Francesco Maestrelli,18,1.031,2417,50.81%,6,3-3,50.00%,0.146,41,24-17,58.54%,386,203-183,52.59%,,,
hard,220,Francesco Passaro,19,0.919,3001,49.68%,10,8-2,80.00%,0.213,47,23-24,48.94%,479,237-242,49.48%,,,
hard,23,Francisco Cerundolo,24,0.936,3781,49.30%,10,7-3,70.00%,0.167,60,29-31,48.33%,588,283-305,48.13%,,,
hard,91,Francisco Comesana,14,0.839,2078,47.83%,6,3-3,50.00%,0.176,34,12-22,35.29%,342,154-188,45.03%,,,
hard,235,Frederico Ferreira Silva,31,1.155,4433,51.82%,10,4-6,40.00%,0.141,71,43-28,60.56%,691,370-321,53.55%,,,
hard,,Gabriel Debru,5,1.269,846,53.19%,1,1-0,100.00%,0.071,14,10-4,71.43%,134,76-58,56.72%,,,
hard,87,Gabriel Diallo,28,0.969,4261,49.96%,18,8-10,44.44%,0.265,68,32-36,47.06%,699,350-349,50.07%,,,
hard,373,Gabriele Piraino,6,0.811,916,46.72%,3,1-2,33.33%,0.200,15,4-11,26.67%,147,64-83,43.54%,,,
hard,52,Gael Monfils,9,1.059,1467,49.76%,3,3-0,100.00%,0.120,25,12-13,48.00%,234,114-120,48.72%,,,
hard,375,Garrett Johns,18,0.885,2633,47.59%,9,2-7,22.22%,0.225,40,12-28,30.00%,399,181-218,45.36%,,,
hard,178,Gauthier Onclin,21,1.161,2873,51.69%,9,5-4,55.56%,0.196,46,29-17,63.04%,434,233-201,53.69%,,,
hard,390,Geoffrey Blancaneaux,13,0.803,1715,47.35%,2,2-0,100.00%,0.067,30,11-19,36.67%,268,120-148,44.78%,,,
hard,247,George Loffhagen,13,1.116,1859,51.43%,1,0-1,0.00%,0.031,32,16-16,50.00%,292,152-140,52.05%,,,
hard,258,Giles Hussey,27,0.915,3593,48.96%,3,2-1,66.67%,0.048,62,30-32,48.39%,569,269-300,47.28%,,,
hard,230,Gilles Arnaud Bailly,12,0.924,1707,49.68%,2,1-1,50.00%,0.065,31,16-15,51.61%,273,137-136,50.18%,,,
hard,91,Giovanni Mpetshi Perricard,32,0.885,4935,48.83%,29,18-11,62.07%,0.367,79,36-43,45.57%,846,411-435,48.58%,,,
hard,153,Giulio Zeppieri,16,0.970,2162,50.51%,6,4-2,66.67%,0.158,38,18-20,47.37%,353,178-175,50.42%,,,
hard,146,Grigor Dimitrov,8,0.938,1203,49.29%,4,1-3,25.00%,0.211,19,8-11,42.11%,194,95-99,48.97%,,,
hard,568,Guillaume Dalmasso,6,0.653,675,46.67%,2,1-1,50.00%,0.167,12,4-8,33.33%,110,47-63,42.73%,,,
hard,195,Guy Den Ouden,11,1.074,1624,51.85%,2,1-1,50.00%,0.077,26,15-11,57.69%,248,134-114,54.03%,,,
hard,73,Hamad Medjedovic,16,0.865,2498,48.72%,15,9-6,60.00%,0.395,38,16-22,42.11%,393,184-209,46.82%,,,
hard,332,Hamish Stewart,24,1.176,3488,51.55%,13,6-7,46.15%,0.232,56,32-24,57.14%,545,290-255,53.21%,,,
hard,255,Harold Mayot,28,1.228,4142,51.79%,13,7-6,53.85%,0.200,65,42-23,64.62%,628,343-285,54.62%,,,
hard,205,Harry Wendelken,40,1.181,5829,51.96%,8,5-3,62.50%,0.082,97,61-36,62.89%,900,486-414,54.00%,,,
hard,309,Hayato Matsuoka,37,1.064,5390,49.93%,11,5-6,45.45%,0.129,85,44-41,51.76%,843,416-427,49.35%,,,
hard,214,Henri Squire,9,1.054,1368,49.49%,6,2-4,33.33%,0.273,22,9-13,40.91%,221,106-115,47.96%,,,
hard,123,Henrique Rocha,14,0.970,1963,50.28%,3,1-2,33.33%,0.091,33,16-17,48.48%,324,162-162,50.00%,,,
hard,408,Henry Bernet,6,0.758,940,46.70%,2,1-1,50.00%,0.125,16,5-11,31.25%,149,63-86,42.28%,,,
hard,273,Henry Searle,9,0.981,1123,49.15%,2,0-2,0.00%,0.105,19,7-12,36.84%,179,84-95,46.93%,,,
hard,442,Hikaru Shiraishi,7,0.803,1214,47.61%,3,0-3,0.00%,0.167,18,6-12,33.33%,183,85-98,46.45%,,,
hard,507,Hiroki Moriya,18,0.972,2753,48.93%,6,2-4,33.33%,0.140,43,18-25,41.86%,418,199-219,47.61%,,,
hard,11,Holger Rune,13,1.237,2139,52.22%,8,3-5,37.50%,0.250,32,21-11,65.62%,336,183-153,54.46%,,,
hard,18,Hubert Hurkacz,14,0.988,2121,50.45%,11,5-6,45.45%,0.333,33,15-18,45.45%,357,177-180,49.58%,,,
hard,109,Hugo Gaston,32,1.134,4372,51.51%,4,4-0,100.00%,0.053,76,45-31,59.21%,702,368-334,52.42%,,,
hard,221,Hugo Grenier,27,1.081,3850,51.32%,11,5-6,45.45%,0.172,64,36-28,56.25%,621,327-294,52.66%,,,
hard,644,Hyeon Chung,17,0.992,2394,48.37%,6,2-4,33.33%,0.158,38,16-22,42.11%,362,169-193,46.69%,,,
hard,268,Hynek Barton,16,1.091,2543,50.88%,10,5-5,50.00%,0.256,39,20-19,51.28%,385,197-188,51.17%,,,
hard,33,Ignacio Buse,7,0.795,1065,47.98%,4,3-1,75.00%,0.235,17,7-10,41.18%,163,72-91,44.17%,,,
hard,318,Igor Marcondes,5,1.122,593,51.43%,2,1-1,50.00%,0.200,10,6-4,60.00%,96,51-45,53.12%,,,
hard,304,Ilia Simakin,30,1.064,4517,51.23%,14,8-6,57.14%,0.192,73,41-32,56.16%,719,372-347,51.74%,,,
hard,406,Ilya Ivashka,24,1.327,3238,53.03%,9,5-4,55.56%,0.161,56,33-23,58.93%,498,273-225,54.82%,,,
hard,272,Inaki Montes-De La Torre,15,0.959,2230,51.08%,7,6-1,85.71%,0.206,34,20-14,58.82%,334,176-158,52.69%,,,
hard,351,Ioannis Xilas,20,1.065,2561,49.79%,0,0-0,,0.000,44,22-22,50.00%,397,197-200,49.62%,,,
hard,263,Ivan Gakhov,9,1.008,1410,50.21%,7,5-2,71.43%,0.333,21,12-9,57.14%,231,116-115,50.22%,,,
hard,369,Ivan Marrero Curbelo,6,1.302,862,51.39%,3,1-2,33.33%,0.214,14,7-7,50.00%,132,69-63,52.27%,,,
hard,585,Izan Almazan Valiente,5,0.942,786,49.49%,3,1-2,33.33%,0.250,12,6-6,50.00%,120,61-59,50.83%,,,
hard,563,J.J. Wolf,11,1.261,1662,52.35%,5,2-3,40.00%,0.192,26,17-9,65.38%,264,143-121,54.17%,,,
hard,143,Jack Draper,10,1.241,1570,51.91%,6,3-3,50.00%,0.231,26,15-11,57.69%,264,140-124,53.03%,,,
hard,389,Jack Kennedy,7,0.863,977,47.59%,1,1-0,100.00%,0.062,16,7-9,43.75%,148,65-83,43.92%,,,
hard,172,Jack Pinnington Jones,22,0.964,2629,51.69%,7,5-2,71.43%,0.152,46,29-17,63.04%,421,229-192,54.39%,,,
hard,86,Jacob Fearnley,28,0.953,4153,49.19%,10,5-5,50.00%,0.147,68,30-38,44.12%,653,313-340,47.93%,,,
hard,307,Jacopo Berrettini,7,0.969,907,47.74%,0,0-0,,0.000,16,4-12,25.00%,139,58-81,41.73%,,,
hard,79,Jaime Faria,8,1.004,1267,48.78%,2,0-2,0.00%,0.100,20,8-12,40.00%,191,89-102,46.60%,,,
hard,503,Jake Delaney,10,0.781,1387,47.08%,5,2-3,40.00%,0.217,23,6-17,26.09%,227,99-128,43.61%,,,
hard,17,Jakub Mensik,35,1.135,5546,51.71%,21,9-12,42.86%,0.239,88,54-34,61.36%,899,479-420,53.28%,,,
hard,522,Jakub Paul,7,0.907,1124,50.44%,3,2-1,66.67%,0.167,18,9-9,50.00%,172,89-83,51.74%,,,
hard,94,James Duckworth,38,1.020,5412,50.81%,17,6-11,35.29%,0.193,88,47-41,53.41%,863,452-411,52.38%,,,
hard,240,James McCabe,38,1.020,5466,50.18%,19,11-8,57.89%,0.221,86,47-39,54.65%,870,437-433,50.23%,,,
hard,442,James Trotter,22,0.938,3319,49.26%,12,4-8,33.33%,0.222,54,22-32,40.74%,531,254-277,47.83%,,,
hard,717,James Watt,5,0.905,751,49.93%,2,2-0,100.00%,0.167,12,6-6,50.00%,112,56-56,50.00%,,,
hard,88,Jan Choinski,7,0.767,1150,48.52%,5,2-3,40.00%,0.294,17,6-11,35.29%,182,86-96,47.25%,,,
hard,42,Jan-Lennard Struff,28,1.136,4611,50.38%,15,7-8,46.67%,0.197,76,37-39,48.68%,749,372-377,49.67%,,,
hard,1,Jannik Sinner,46,1.629,6328,56.13%,12,11-1,91.67%,0.107,112,96-16,85.71%,1045,653-392,62.49%,,,
hard,1107,Jason Jung,9,0.864,1317,47.76%,4,3-1,75.00%,0.182,22,7-15,31.82%,211,94-117,44.55%,,,
hard,179,Jason Kubler,9,1.073,1046,50.10%,0,0-0,,0.000,20,9-11,45.00%,174,83-91,47.70%,,,
hard,43,Jaume Munar,30,1.093,4327,51.70%,10,3-7,30.00%,0.141,71,40-31,56.34%,695,372-323,53.53%,,,
hard,373,Javier Barranco Cosano,7,0.836,832,46.51%,1,1-0,100.00%,0.071,14,4-10,28.57%,130,54-76,41.54%,,,
hard,239,Jay Clarke,18,1.058,2544,50.20%,5,2-3,40.00%,0.119,42,23-19,54.76%,399,207-192,51.88%,,,
hard,376,Jay Friend,28,1.154,4413,50.94%,10,4-6,40.00%,0.145,69,37-32,53.62%,680,358-322,52.65%,,,
hard,1091,Jenson Brooksby,25,1.092,3661,50.04%,8,5-3,62.50%,0.136,59,32-27,54.24%,577,289-288,50.09%,,,
hard,198,Jerome Kym,11,1.134,2109,49.50%,9,6-3,66.67%,0.273,33,15-18,45.45%,348,167-181,47.99%,,,
hard,98,Jesper de Jong,16,0.918,2419,48.95%,7,4-3,57.14%,0.175,40,15-25,37.50%,400,190-210,47.50%,,,
hard,470,Jie Cui,20,0.897,3088,48.70%,12,7-5,58.33%,0.245,49,22-27,44.90%,492,235-257,47.76%,,,
hard,12,Jiri Lehecka,37,1.215,5329,51.89%,14,8-6,57.14%,0.157,89,55-34,61.80%,850,454-396,53.41%,,,
hard,27,Joao Fonseca,21,1.085,3208,51.37%,13,8-5,61.54%,0.260,50,32-18,64.00%,521,275-246,52.78%,,,
hard,183,Joel Schwaerzler,15,0.894,2262,49.38%,6,6-0,100.00%,0.162,37,20-17,54.05%,357,175-182,49.02%,,,
hard,315,Johannus Monday,33,1.058,4775,51.16%,17,6-11,35.29%,0.218,78,43-35,55.13%,800,423-377,52.88%,,,
hard,314,Jonas Forejtek,7,0.918,1030,50.10%,4,2-2,50.00%,0.235,17,8-9,47.06%,167,84-83,50.30%,,,
hard,113,Jordan Thompson,15,1.066,2211,50.20%,7,4-3,57.14%,0.200,35,17-18,48.57%,343,171-172,49.85%,,,
hard,157,Juan Carlos Prado Angelo,6,0.844,881,48.58%,1,1-0,100.00%,0.071,14,6-8,42.86%,139,64-75,46.04%,,,
hard,52,Juan Manuel Cerundolo,15,1.082,2033,50.61%,4,3-1,75.00%,0.111,36,21-15,58.33%,321,167-154,52.02%,,,
hard,273,Juan Pablo Ficovich,14,1.049,1993,51.03%,5,0-5,0.00%,0.147,34,17-17,50.00%,328,172-156,52.44%,,,
hard,270,Juncheng Shang,16,0.918,2486,49.32%,7,3-4,42.86%,0.171,41,19-22,46.34%,400,196-204,49.00%,,,
hard,136,Jurij Rodionov,41,1.158,6064,51.83%,13,6-7,46.15%,0.131,99,59-40,59.60%,947,507-440,53.54%,,,
hard,393,Justin Boulais,24,0.913,3287,48.68%,5,4-1,80.00%,0.094,53,23-30,43.40%,509,236-273,46.37%,,,
hard,190,Justin Engel,28,1.033,4081,50.01%,19,12-7,63.16%,0.279,68,29-39,42.65%,661,315-346,47.66%,,,
hard,259,Kaichi Uchida,36,0.951,4967,49.73%,13,8-5,61.54%,0.155,84,42-42,50.00%,809,405-404,50.06%,,,
hard,117,Kamil Majchrzak,27,0.962,4493,50.01%,18,10-8,55.56%,0.261,69,35-34,50.72%,699,352-347,50.36%,,,
hard,554,Karan Singh,17,0.735,2413,45.67%,6,2-4,33.33%,0.154,39,8-31,20.51%,378,155-223,41.01%,,,
hard,39,Karen Khachanov,22,1.088,3777,50.38%,15,2-13,13.33%,0.250,60,25-35,41.67%,611,307-304,50.25%,,,
hard,518,Karim Bennani,5,1.036,643,50.23%,1,0-1,0.00%,0.083,12,6-6,50.00%,107,53-54,49.53%,,,
hard,611,Karl Poling,9,0.940,1472,49.66%,6,1-5,16.67%,0.286,21,9-12,42.86%,222,109-113,49.10%,,,
hard,421,Kasidit Samrej,15,0.921,2216,48.24%,6,0-6,0.00%,0.182,33,9-24,27.27%,340,154-186,45.29%,,,
hard,664,Kaylan Bigun,6,0.797,680,45.59%,0,0-0,,0.000,12,2-10,16.67%,105,41-64,39.05%,,,
hard,831,Keegan Rice,10,0.842,1606,49.19%,6,6-0,100.00%,0.231,26,14-12,53.85%,258,124-134,48.06%,,,
hard,209,Keegan Smith,37,1.052,5678,50.97%,21,9-12,42.86%,0.236,89,46-43,51.69%,901,460-441,51.05%,,,
hard,721,Kei Nishikori,9,1.023,1206,49.34%,2,0-2,0.00%,0.095,21,9-12,42.86%,197,97-100,49.24%,,,
hard,602,Kenta Miyoshi,12,1.281,1665,53.09%,1,0-1,0.00%,0.033,30,19-11,63.33%,271,151-120,55.72%,,,
hard,1340,Khololwam Montsi,5,1.209,763,51.25%,1,0-1,0.00%,0.083,12,7-5,58.33%,115,63-52,54.78%,,,
hard,199,Kimmer Coppejans,18,1.050,2919,49.85%,8,3-5,37.50%,0.174,46,20-26,43.48%,447,222-225,49.66%,,,
hard,478,Koki Matsuda,8,0.949,1201,48.38%,3,1-2,33.33%,0.158,19,9-10,47.37%,186,91-95,48.92%,,,
hard,534,Kokoro Isomura,16,0.779,2195,47.11%,4,2-2,50.00%,0.111,36,12-24,33.33%,341,150-191,43.99%,,,
hard,962,Kriish Tyagi,6,0.970,899,50.17%,3,3-0,100.00%,0.214,14,9-5,64.29%,144,72-72,50.00%,,,
hard,270,Kyrian Jacquet,24,1.127,3671,52.47%,9,5-4,55.56%,0.153,59,39-20,66.10%,576,317-259,55.03%,,,
hard,221,Laslo Djere,8,0.969,1277,48.24%,7,0-7,0.00%,0.368,19,4-15,21.05%,197,87-110,44.16%,,,
hard,473,Laurent Lokoli,12,0.957,1811,48.65%,4,2-2,50.00%,0.138,29,13-16,44.83%,276,129-147,46.74%,,,
hard,213,Lautaro Midon,5,1.070,753,51.39%,1,1-0,100.00%,0.083,12,8-4,66.67%,114,63-51,55.26%,,,
hard,117,Leandro Riedi,21,1.217,2957,51.81%,7,4-3,57.14%,0.143,49,31-18,63.27%,453,249-204,54.97%,,,
hard,19,Learner Tien,40,1.022,6130,50.60%,17,12-5,70.59%,0.159,107,66-41,61.68%,986,519-467,52.64%,,,
hard,549,Leo Borg,8,0.832,1069,46.30%,0,0-0,,0.000,19,9-10,47.37%,165,73-92,44.24%,,,
hard,651,Leo Vithoontien,7,0.795,995,48.64%,4,0-4,0.00%,0.250,16,6-10,37.50%,158,76-82,48.10%,,,
hard,350,Li Tu,19,1.038,2908,50.07%,9,6-3,66.67%,0.205,44,24-20,54.55%,457,227-230,49.67%,,,
hard,202,Liam Broady,31,1.274,4307,53.15%,11,6-5,54.55%,0.151,73,46-27,63.01%,678,383-295,56.49%,,,
hard,246,Liam Draxl,32,1.181,4393,51.24%,10,5-5,50.00%,0.139,72,41-31,56.94%,680,356-324,52.35%,,,
hard,186,Lloyd Harris,19,1.162,3001,51.75%,9,1-8,11.11%,0.188,48,29-19,60.42%,475,263-212,55.37%,,,
hard,477,Lorenzo Carboni,6,0.979,663,44.95%,0,0-0,,0.000,12,2-10,16.67%,105,41-64,39.05%,,,
hard,201,Lorenzo Giustino,18,0.971,2608,50.23%,10,6-4,60.00%,0.250,40,23-17,57.50%,402,205-197,51.00%,,,
hard,13,Lorenzo Musetti,40,1.154,5770,51.92%,12,5-7,41.67%,0.120,100,61-39,61.00%,947,511-436,53.96%,,,
hard,88,Lorenzo Sonego,21,1.042,3381,50.37%,11,5-6,45.45%,0.200,55,27-28,49.09%,538,273-265,50.74%,,,
hard,435,Luca Castelnuovo,12,0.942,1886,47.88%,6,3-3,50.00%,0.214,28,9-19,32.14%,283,128-155,45.23%,,,
hard,173,Luca Nardi,20,1.008,2750,49.89%,9,4-5,44.44%,0.196,46,24-22,52.17%,441,224-217,50.79%,,,
hard,425,Luca Potenza,11,0.951,1498,49.20%,4,1-3,25.00%,0.182,22,10-12,45.45%,228,110-118,48.25%,,,
hard,129,Luca Van Assche,21,1.128,2940,52.35%,5,2-3,40.00%,0.102,49,31-18,63.27%,459,250-209,54.47%,,,
hard,439,Lucas Poullain,13,0.853,1739,47.67%,1,1-0,100.00%,0.036,28,8-20,28.57%,268,117-151,43.66%,,,
hard,22,Luciano Darderi,22,0.871,3249,48.91%,9,4-5,44.44%,0.164,55,23-32,41.82%,526,250-276,47.53%,,,
hard,195,Luka Mikrut,5,0.970,842,49.76%,1,0-1,0.00%,0.071,14,6-8,42.86%,129,63-66,48.84%,,,
hard,208,Luka Pavlovic,13,0.984,1761,50.65%,6,4-2,66.67%,0.200,30,17-13,56.67%,288,148-140,51.39%,,,
hard,150,Lukas Klein,10,0.880,1533,48.73%,7,2-5,28.57%,0.292,24,10-14,41.67%,247,118-129,47.77%,,,
hard,173,Lukas Neumayer,12,0.942,1740,50.11%,6,3-3,50.00%,0.222,27,14-13,51.85%,273,142-131,52.01%,,,
hard,145,Mackenzie McDonald,22,0.953,3224,49.47%,11,5-6,45.45%,0.212,52,24-28,46.15%,519,258-261,49.71%,,,
hard,518,Mae Malige,13,0.866,1706,48.77%,3,0-3,0.00%,0.107,28,12-16,42.86%,259,123-136,47.49%,,,
hard,233,Maks Kasnikowski,21,1.018,2931,50.02%,8,2-6,25.00%,0.163,49,25-24,51.02%,461,237-224,51.41%,,,
hard,372,Manas Dhamne,12,1.080,1579,50.28%,3,1-2,33.33%,0.111,27,12-15,44.44%,262,131-131,50.00%,,,
hard,737,Manish Sureshkumar,7,0.875,837,47.07%,1,1-0,100.00%,0.067,15,6-9,40.00%,133,56-77,42.11%,,,
hard,381,Marat Sharipov,19,1.137,2858,51.19%,10,8-2,80.00%,0.227,44,25-19,56.82%,450,231-219,51.33%,,,
hard,366,Marc Polmans,10,0.764,1570,47.64%,4,2-2,50.00%,0.154,26,10-16,38.46%,253,119-134,47.04%,,,
hard,297,Marc-Andrea Huesler,24,1.020,3558,50.14%,10,5-5,50.00%,0.175,57,27-30,47.37%,572,282-290,49.30%,,,
hard,45,Marcos Giron,36,1.046,5632,50.67%,16,6-10,37.50%,0.176,91,48-43,52.75%,905,464-441,51.27%,,,
hard,336,Marek Gengel,27,0.975,3839,49.73%,8,0-8,0.00%,0.123,65,30-35,46.15%,610,303-307,49.67%,,,
hard,46,Mariano Navone,19,0.997,3085,50.15%,5,3-2,60.00%,0.102,49,26-23,53.06%,483,246-237,50.93%,,,
hard,182,Marin Cilic,25,0.897,3618,49.53%,15,6-9,40.00%,0.268,56,27-29,48.21%,592,294-298,49.66%,,,
hard,189,Mark Lajal,46,1.025,7427,51.07%,26,15-11,57.69%,0.226,115,68-47,59.13%,1156,608-548,52.60%,,,
hard,348,Marko Topo,7,1.000,948,51.37%,2,2-0,100.00%,0.125,16,11-5,68.75%,155,82-73,52.90%,,,
hard,326,Martin Damm,35,1.159,5153,51.33%,19,9-10,47.37%,0.229,83,49-34,59.04%,864,458-406,53.01%,,,
hard,261,Martin Krumich,8,1.032,1065,49.77%,2,1-1,50.00%,0.111,18,8-10,44.44%,174,84-90,48.28%,,,
hard,143,Martin Landaluce,30,1.059,4095,50.40%,9,4-5,44.44%,0.125,72,35-37,48.61%,650,326-324,50.15%,,,
hard,100,Marton Fucsovics,30,1.136,4068,51.01%,7,2-5,28.57%,0.104,67,37-30,55.22%,641,333-308,51.95%,,,
hard,418,Masamichi Imamura,19,0.974,2427,48.91%,3,1-2,33.33%,0.073,41,16-25,39.02%,382,179-203,46.86%,,,
hard,425,Massimo Giunta,7,0.900,1180,49.58%,6,2-4,33.33%,0.333,18,8-10,44.44%,189,92-97,48.68%,,,
hard,254,Matej Dodig,21,0.855,2920,49.18%,5,2-3,40.00%,0.104,48,23-25,47.92%,466,225-241,48.28%,,,
hard,377,Mathys Erhard,7,0.827,982,47.35%,4,2-2,50.00%,0.267,15,4-11,26.67%,153,65-88,42.48%,,,
hard,298,Mats Rosenkranz,33,1.047,4231,51.83%,14,4-10,28.57%,0.197,71,40-31,56.34%,679,367-312,54.05%,,,
hard,748,Matt Kuhar,5,0.872,617,48.14%,1,1-0,100.00%,0.091,11,5-6,45.45%,96,42-54,43.75%,,,
hard,35,Matteo Arnaldi,12,0.964,1843,48.35%,4,3-1,75.00%,0.129,31,11-20,35.48%,302,134-168,44.37%,,,
hard,35,Matteo Berrettini,21,1.054,2849,51.00%,11,5-6,45.45%,0.239,46,26-20,56.52%,474,243-231,51.27%,,,
hard,280,Matteo Martineau,28,0.935,4270,49.60%,18,10-8,55.56%,0.269,67,33-34,49.25%,679,335-344,49.34%,,,
hard,448,Matthew Dellavedova,8,0.783,979,45.15%,0,0-0,,0.000,19,5-14,26.32%,161,64-97,39.75%,,,
hard,101,Mattia Bellucci,24,0.997,3089,49.76%,6,4-2,66.67%,0.115,52,26-26,50.00%,492,241-251,48.98%,,,
hard,257,Max Basing,11,0.967,1708,49.41%,5,2-3,40.00%,0.185,27,12-15,44.44%,250,123-127,49.20%,,,
hard,339,Max Hans Rehberg,6,1.013,820,52.20%,2,1-1,50.00%,0.143,14,8-6,57.14%,129,71-58,55.04%,,,
hard,554,Max Wiskandt,14,0.977,1971,48.86%,4,1-3,25.00%,0.118,34,11-23,32.35%,325,148-177,45.54%,,,
hard,304,Maxim Mrva,22,1.003,3065,50.18%,5,2-3,40.00%,0.098,51,27-24,52.94%,474,242-232,51.05%,,,
hard,211,Maxim Zhukov,5,0.777,806,46.53%,2,1-1,50.00%,0.167,12,4-8,33.33%,115,49-66,42.61%,,,
hard,488,Maxime Chazal,6,0.972,806,49.75%,2,1-1,50.00%,0.154,13,6-7,46.15%,127,61-66,48.03%,,,
hard,572,Maxime Janvier,8,0.841,1357,48.71%,5,3-2,60.00%,0.250,20,8-12,40.00%,208,97-111,46.63%,,,
hard,419,Maximus Jones,31,0.908,4892,49.49%,13,5-8,38.46%,0.165,79,36-43,45.57%,760,376-384,49.47%,,,
hard,471,Mees Rottgering,8,0.721,1165,47.81%,2,2-0,100.00%,0.100,20,9-11,45.00%,177,81-96,45.76%,,,
hard,298,Mert Alkaya,18,1.025,2624,51.11%,7,2-5,28.57%,0.159,44,24-20,54.55%,417,223-194,53.48%,,,
hard,794,Micah Braswell,7,0.916,929,46.72%,2,2-0,100.00%,0.118,17,8-9,47.06%,150,69-81,46.00%,,,
hard,342,Michael Geerts,33,1.052,4638,50.15%,17,7-10,41.18%,0.227,75,39-36,52.00%,736,371-365,50.41%,,,
hard,187,Michael Mmoh,39,1.083,5523,51.35%,17,10-7,58.82%,0.195,87,52-35,59.77%,862,461-401,53.48%,,,
hard,754,Michael Zheng,24,1.177,3424,52.69%,4,2-2,50.00%,0.071,56,38-18,67.86%,532,299-233,56.20%,,,
hard,267,Michele Ribecai,5,0.654,825,47.39%,3,2-1,66.67%,0.231,13,6-7,46.15%,124,57-67,45.97%,,,
hard,286,Miguel Damas,5,0.870,590,46.95%,1,1-0,100.00%,0.091,11,5-6,45.45%,99,42-57,42.42%,,,
hard,473,Miguel Tobon,9,0.901,1458,48.22%,8,5-3,62.50%,0.333,24,11-13,45.83%,235,111-124,47.23%,,,
hard,415,Mika Brunold,12,1.153,1864,51.66%,6,4-2,66.67%,0.207,29,18-11,62.07%,291,156-135,53.61%,,,
hard,281,Mikhail Kukushkin,36,1.153,5081,51.39%,17,8-9,47.06%,0.207,82,45-37,54.88%,799,421-378,52.69%,,,
hard,714,Millen Hurrion,5,0.761,676,44.38%,3,1-2,33.33%,0.273,11,1-10,9.09%,109,41-68,37.61%,,,
hard,461,Milos Karol,8,1.038,1340,50.90%,8,1-7,12.50%,0.421,19,9-10,47.37%,210,110-100,52.38%,,,
hard,55,Miomir Kecmanovic,34,1.080,5460,50.48%,20,10-10,50.00%,0.233,86,43-43,50.00%,866,437-429,50.46%,,,
hard,364,Mitchell Krueger,24,1.177,3459,51.58%,10,2-8,20.00%,0.179,56,30-26,53.57%,534,282-252,52.81%,,,
hard,545,Mitsuki Wei Kang Leong,11,0.892,1589,48.33%,4,0-4,0.00%,0.154,26,9-17,34.62%,249,115-134,46.18%,,,
hard,425,Moerani Bouzige,18,0.775,2331,46.07%,6,2-4,33.33%,0.150,40,10-30,25.00%,374,157-217,41.98%,,,
hard,151,Moez Echargui,26,1.082,3656,51.53%,11,5-6,45.45%,0.183,60,34-26,56.67%,591,315-276,53.30%,,,
hard,213,Moise Kouame,13,0.920,1706,49.24%,2,1-1,50.00%,0.069,29,14-15,48.28%,262,128-134,48.85%,,,
hard,517,Mukund Sasikumar,12,0.964,1833,48.94%,8,5-3,62.50%,0.286,28,12-16,42.86%,291,135-156,46.39%,,,
hard,285,Murphy Cassone,40,0.897,5611,50.01%,16,8-8,50.00%,0.172,93,46-47,49.46%,891,448-443,50.28%,,,
hard,961,Naoya Honda,8,1.216,1063,50.33%,2,0-2,0.00%,0.105,19,9-10,47.37%,168,84-84,50.00%,,,
hard,425,Neil Oberleitner,9,0.890,1096,47.90%,1,1-0,100.00%,0.053,19,8-11,42.11%,179,81-98,45.25%,,,
hard,131,Nicolai Budkov Kjaer,36,1.036,4905,50.74%,8,4-4,50.00%,0.090,89,48-41,53.93%,787,410-377,52.10%,,,
hard,718,Nicolas Arseneault,5,0.890,757,47.95%,3,0-3,0.00%,0.231,13,4-9,30.77%,127,58-69,45.67%,,,
hard,155,Nicolas Jarry,5,0.954,729,46.36%,4,0-4,0.00%,0.364,11,0-11,0.00%,116,46-70,39.66%,,,
hard,223,Nicolas Mejia,31,0.849,4295,48.64%,13,6-7,46.15%,0.188,69,29-40,42.03%,671,315-356,46.94%,,,
hard,439,Niels Visker,13,0.915,1866,49.20%,9,6-3,66.67%,0.310,29,15-14,51.72%,296,145-151,48.99%,,,
hard,494,Nikolay Vylegzhanin,5,0.868,619,48.95%,1,0-1,0.00%,0.091,11,5-6,45.45%,98,48-50,48.98%,,,
hard,133,Nikoloz Basilashvili,14,0.944,1843,48.83%,7,3-4,42.86%,0.250,28,11-17,39.29%,291,138-153,47.42%,,,
hard,148,Nishesh Basavareddy,14,1.080,1853,51.00%,2,2-0,100.00%,0.054,37,20-17,54.05%,302,153-149,50.66%,,,
hard,423,Norbert Gombos,12,1.003,1883,49.28%,5,3-2,60.00%,0.161,31,14-17,45.16%,301,144-157,47.84%,,,
hard,8,Novak Djokovic,22,1.159,3918,52.58%,9,5-4,55.56%,0.136,66,44-22,66.67%,644,356-288,55.28%,,,
hard,36,Nuno Borges,32,0.916,5148,49.53%,19,9-10,47.37%,0.244,78,37-41,47.44%,819,403-416,49.21%,,,
hard,357,Ognjen Milic,14,0.961,1801,50.86%,4,2-2,50.00%,0.125,32,18-14,56.25%,298,157-141,52.68%,,,
hard,507,Olaf Pieczkowski,5,0.837,639,49.14%,3,1-2,33.33%,0.300,10,4-6,40.00%,92,45-47,48.91%,,,
hard,400,Oleg Prihodko,8,0.978,1160,52.07%,4,2-2,50.00%,0.200,20,13-7,65.00%,184,103-81,55.98%,,,
hard,237,Oliver Crawford,38,1.009,6034,51.34%,19,11-8,57.89%,0.200,95,55-40,57.89%,961,510-451,53.07%,,,
hard,348,Oliver Tarvet,12,0.865,1612,48.01%,3,2-1,66.67%,0.111,27,11-16,40.74%,257,117-140,45.53%,,,
hard,386,Olle Wallin,13,0.797,1895,46.75%,5,4-1,80.00%,0.161,31,10-21,32.26%,295,125-170,42.37%,,,
hard,520,Omar Jasika,19,0.822,2961,47.28%,10,4-6,40.00%,0.217,46,14-32,30.43%,450,196-254,43.56%,,,
hard,1215,Orel Kimhi,7,0.839,903,46.84%,2,1-1,50.00%,0.143,14,4-10,28.57%,140,63-77,45.00%,,,
hard,115,Otto Virtanen,25,1.161,3574,51.59%,14,9-5,64.29%,0.241,58,38-20,65.52%,584,312-272,53.42%,,,
hard,184,Pablo Carreno Busta,19,0.938,2734,49.71%,6,4-2,66.67%,0.133,45,24-21,53.33%,444,232-212,52.25%,,,
hard,129,Pablo Llamas Ruiz,14,1.128,2153,51.23%,4,0-4,0.00%,0.118,34,18-16,52.94%,323,168-155,52.01%,,,
hard,113,Patrick Kypson,31,1.177,4442,52.30%,16,10-6,62.50%,0.219,73,47-26,64.38%,719,394-325,54.80%,,,
hard,401,Patrick Zahraj,18,0.832,2506,47.13%,4,3-1,75.00%,0.103,39,13-26,33.33%,379,163-216,43.01%,,,
hard,679,Paul Inchauspe,9,0.979,1349,50.78%,6,3-3,50.00%,0.273,22,13-9,59.09%,213,111-102,52.11%,,,
hard,325,Paul Jubb,15,1.083,2407,50.15%,10,5-5,50.00%,0.270,37,19-18,51.35%,362,182-180,50.28%,,,
hard,243,Pavel Kotov,28,1.230,3844,51.35%,10,6-4,60.00%,0.152,66,40-26,60.61%,625,331-294,52.96%,,,
hard,528,Pavle Marinkov,8,0.747,1077,45.31%,2,1-1,50.00%,0.100,20,6-14,30.00%,181,75-106,41.44%,,,
hard,1025,Pavlos Tsitsipas,6,0.845,962,46.67%,3,1-2,33.33%,0.200,15,4-11,26.67%,148,63-85,42.57%,,,
hard,148,Pedro Martinez,14,0.962,1961,49.92%,6,3-3,50.00%,0.188,32,16-16,50.00%,306,154-152,50.33%,,,
hard,285,Petr Bar Biryukov,29,0.782,4108,48.64%,14,10-4,71.43%,0.200,70,34-36,48.57%,687,330-357,48.03%,,,
hard,340,Petr Brunclik,22,1.381,3070,52.74%,8,2-6,25.00%,0.157,51,31-20,60.78%,471,265-206,56.26%,,,
hard,396,Petr Nesterov,5,1.143,761,49.01%,2,2-0,100.00%,0.167,12,6-6,50.00%,119,57-62,47.90%,,,
hard,295,Philip Henning,15,1.358,1945,53.68%,2,2-0,100.00%,0.057,35,24-11,68.57%,305,172-133,56.39%,,,
hard,301,Philip Sekulic,38,0.926,5460,49.05%,17,9-8,52.94%,0.193,88,37-51,42.05%,862,410-452,47.56%,,,
hard,232,Pierre-Hugues Herbert,15,1.008,2179,50.21%,5,1-4,20.00%,0.143,35,17-18,48.57%,355,180-175,50.70%,,,
hard,446,Pietro Fellin,10,0.924,1260,49.37%,3,2-1,66.67%,0.150,20,8-12,40.00%,188,90-98,47.87%,,,
hard,222,Pol Martin Tiffon,13,1.194,1987,52.89%,4,4-0,100.00%,0.121,33,22-11,66.67%,312,174-138,55.77%,,,
hard,83,Quentin Halys,25,0.971,3741,49.35%,14,6-8,42.86%,0.237,59,21-38,35.59%,598,285-313,47.66%,,,
hard,466,Quinn Vandecasteele,12,0.982,1752,49.60%,6,4-2,66.67%,0.240,25,11-14,44.00%,260,127-133,48.85%,,,
hard,519,Radu Albot,10,0.952,1307,49.89%,1,1-0,100.00%,0.048,21,9-12,42.86%,193,91-102,47.15%,,,
hard,15,Rafael Jodar,56,1.262,6970,53.80%,8,3-5,37.50%,0.063,126,89-37,70.63%,1123,648-475,57.70%,,,
hard,38,Raphael Collignon,37,1.099,5627,51.18%,20,15-5,75.00%,0.230,87,55-32,63.22%,899,471-428,52.39%,,,
hard,410,Raphael Perot,7,0.893,1185,49.03%,2,0-2,0.00%,0.105,19,7-12,36.84%,184,89-95,48.37%,,,
hard,231,Raul Brancaccio,9,1.106,1268,50.00%,3,2-1,66.67%,0.150,20,10-10,50.00%,199,100-99,50.25%,,,
hard,150,Rei Sakamoto,27,1.209,3996,51.50%,14,7-7,50.00%,0.215,65,37-28,56.92%,634,332-302,52.37%,,,
hard,76,Reilly Opelka,18,0.838,2662,48.76%,16,8-8,50.00%,0.381,42,17-25,40.48%,463,224-239,48.38%,,,
hard,182,Remy Bertola,21,0.976,2878,49.48%,10,6-4,60.00%,0.213,47,21-26,44.68%,465,224-241,48.17%,,,
hard,330,Renta Tokuda,19,0.925,2683,48.01%,7,3-4,42.86%,0.152,46,18-28,39.13%,431,194-237,45.01%,,,
hard,836,Rigele Te,6,0.658,876,45.09%,4,1-3,25.00%,0.286,14,2-12,14.29%,136,54-82,39.71%,,,
hard,93,Rinky Hijikata,36,0.906,5130,49.92%,14,8-6,57.14%,0.167,84,43-41,51.19%,820,418-402,50.98%,,,
hard,216,Rio Noguchi,51,1.014,7014,50.76%,14,6-8,42.86%,0.122,115,65-50,56.52%,1101,570-531,51.77%,,,
hard,476,Robert Strombachs,14,0.997,2099,48.88%,9,3-6,33.33%,0.281,32,13-19,40.62%,328,156-172,47.56%,,,
hard,183,Roberto Bautista Agut,13,0.914,1921,47.53%,6,2-4,33.33%,0.200,30,11-19,36.67%,305,140-165,45.90%,,,
hard,176,Roberto Carballes Baena,6,0.937,1037,49.18%,4,2-2,50.00%,0.267,15,6-9,40.00%,160,78-82,48.75%,,,
hard,284,Robin Bertrand,25,1.014,3605,49.18%,4,1-3,25.00%,0.068,59,27-32,45.76%,555,267-288,48.11%,,,
hard,320,Rodrigo Pacheco Mendez,24,1.016,3331,50.50%,11,3-8,27.27%,0.208,53,26-27,49.06%,519,265-254,51.06%,,,
hard,132,Roman Safiullin,7,0.869,1156,47.75%,3,1-2,33.33%,0.158,19,6-13,31.58%,183,79-104,43.17%,,,
hard,231,Ryan Peniston,18,1.136,2737,51.15%,6,2-4,33.33%,0.143,42,21-21,50.00%,414,214-200,51.69%,,,
hard,995,Ryotaro Taguchi,5,0.783,636,46.23%,1,1-0,100.00%,0.091,11,3-8,27.27%,106,45-61,42.45%,,,
hard,565,Ryuki Matsuda,6,0.765,847,45.93%,1,0-1,0.00%,0.067,15,3-12,20.00%,139,58-81,41.73%,,,
hard,653,S D Prajwal Dev,5,0.481,486,39.71%,0,0-0,,0.000,9,0-9,0.00%,77,23-54,29.87%,,,
hard,665,Saba Purtseladze,9,0.594,1117,44.40%,2,1-1,50.00%,0.105,19,3-16,15.79%,179,69-110,38.55%,,,
hard,349,Samir Banerjee,11,1.197,1602,52.12%,4,2-2,50.00%,0.160,25,14-11,56.00%,244,131-113,53.69%,,,
hard,293,Sandro Kopp,8,0.841,1031,49.18%,1,0-1,0.00%,0.053,19,8-11,42.11%,161,77-84,47.83%,,,
hard,369,Sanhui Shin,13,0.929,1733,48.18%,2,1-1,50.00%,0.069,29,11-18,37.93%,266,122-144,45.86%,,,
hard,313,Sascha Gueymard Wayenburg,24,0.990,3369,49.93%,12,3-9,25.00%,0.222,54,24-30,44.44%,538,266-272,49.44%,,,
hard,28,Sebastian Baez,22,0.924,2935,50.02%,1,0-1,0.00%,0.020,49,26-23,53.06%,461,234-227,50.76%,,,
hard,36,Sebastian Korda,41,1.234,6152,52.13%,16,9-7,56.25%,0.162,99,61-38,61.62%,985,534-451,54.21%,,,
hard,124,Sebastian Ofner,18,1.081,2748,50.07%,8,5-3,62.50%,0.174,46,24-22,52.17%,452,225-227,49.78%,,,
hard,421,Semen Pankin,10,1.094,1484,50.74%,3,2-1,66.67%,0.120,25,15-10,60.00%,238,126-112,52.94%,,,
hard,302,Sergey Fomin,18,0.864,2586,48.53%,6,4-2,66.67%,0.140,43,20-23,46.51%,423,199-224,47.04%,,,
hard,452,Sergio Callejon Hernando,5,1.129,717,49.23%,0,0-0,,0.000,13,6-7,46.15%,109,52-57,47.71%,,,
hard,117,Shintaro Mochizuki,30,0.911,4319,48.53%,5,2-3,40.00%,0.069,72,31-41,43.06%,666,312-354,46.85%,,,
hard,194,Sho Shimabukuro,48,1.104,7035,50.96%,17,12-5,70.59%,0.149,114,68-46,59.65%,1110,581-529,52.34%,,,
hard,537,Shunsuke Mitsui,5,0.931,648,50.31%,4,2-2,50.00%,0.400,10,4-6,40.00%,100,49-51,49.00%,,,
hard,540,Sidharth Rawat,9,0.755,1208,45.70%,3,2-1,66.67%,0.150,20,5-15,25.00%,186,76-110,40.86%,,,
hard,158,Soonwoo Kwon,22,1.382,2999,54.35%,10,9-1,90.00%,0.204,49,40-9,81.63%,462,277-185,59.96%,,,
hard,524,Spencer Johnson,5,0.908,612,50.49%,2,2-0,100.00%,0.182,11,7-4,63.64%,105,55-50,52.38%,,,
hard,118,Stan Wawrinka,28,0.970,3905,50.93%,13,9-4,69.23%,0.206,63,37-26,58.73%,643,332-311,51.63%,,,
hard,261,Stefan Dostanic,17,1.288,2496,52.56%,6,2-4,33.33%,0.150,40,25-15,62.50%,390,216-174,55.38%,,,
hard,296,Stefan Kozlov,27,1.209,3994,51.08%,10,5-5,50.00%,0.149,67,37-30,55.22%,620,321-299,51.77%,,,
hard,229,Stefano Napolitano,12,1.019,1817,49.81%,6,2-4,33.33%,0.207,29,16-13,55.17%,291,151-140,51.89%,,,
hard,142,Stefano Travaglia,19,1.242,2790,52.54%,6,2-4,33.33%,0.130,46,29-17,63.04%,450,247-203,54.89%,,,
hard,153,Stefanos Sakellaridis,27,1.070,3924,50.59%,8,4-4,50.00%,0.119,67,34-33,50.75%,637,321-316,50.39%,,,
hard,11,Stefanos Tsitsipas,24,1.121,3469,51.40%,11,5-6,45.45%,0.193,57,32-25,56.14%,570,301-269,52.81%,,,
hard,384,Stuart Parker,9,1.122,1204,51.00%,2,1-1,50.00%,0.091,22,11-11,50.00%,191,99-92,51.83%,,,
hard,246,Sumit Nagal,13,1.075,1833,51.28%,5,1-4,20.00%,0.167,30,17-13,56.67%,287,154-133,53.66%,,,
hard,512,Tai Sach,12,0.873,1727,47.31%,2,2-0,100.00%,0.067,30,12-18,40.00%,267,116-151,43.45%,,,
hard,523,Takuya Kumasaka,9,0.774,1274,45.45%,4,0-4,0.00%,0.190,21,5-16,23.81%,194,73-121,37.63%,,,
hard,69,Tallon Griekspoor,27,0.968,3946,49.27%,16,7-9,43.75%,0.246,65,31-34,47.69%,667,325-342,48.73%,,,
hard,194,Taro Daniel,17,0.983,2669,50.28%,7,1-6,14.29%,0.159,44,22-22,50.00%,434,222-212,51.15%,,,
hard,8,Taylor Fritz,45,1.176,7524,51.67%,30,20-10,66.67%,0.263,114,68-46,59.65%,1199,627-572,52.29%,,,
hard,31,Taym Al Azmeh,5,0.880,716,49.86%,1,0-1,0.00%,0.091,11,6-5,54.55%,112,58-54,51.79%,,,
hard,46,Terence Atmane,27,0.941,3646,49.86%,4,2-2,50.00%,0.063,63,30-33,47.62%,601,300-301,49.92%,,,
hard,115,Thiago Agustin Tirante,16,1.204,2243,51.23%,3,2-1,66.67%,0.081,37,22-15,59.46%,352,185-167,52.56%,,,
hard,321,Thomas Faurel,5,0.875,611,48.12%,0,0-0,,0.000,11,5-6,45.45%,101,47-54,46.53%,,,
hard,371,Tiago Pereira,12,0.866,1839,47.91%,6,2-4,33.33%,0.207,29,9-20,31.03%,293,133-160,45.39%,,,
hard,427,Tiago Torres,5,0.889,883,48.81%,1,1-0,100.00%,0.071,14,7-7,50.00%,131,63-68,48.09%,,,
hard,500,Tibo Colson,8,0.986,1357,48.05%,4,2-2,50.00%,0.200,20,8-12,40.00%,196,89-107,45.41%,,,
hard,961,Timo Legout,10,1.249,1266,52.21%,0,0-0,,0.000,21,15-6,71.43%,194,110-84,56.70%,,,
hard,150,Timofey Skatov,19,1.110,2638,50.64%,7,1-6,14.29%,0.167,42,22-20,52.38%,424,220-204,51.89%,,,
hard,185,Titouan Droguet,29,1.073,4479,50.48%,14,13-1,92.86%,0.194,72,42-30,58.33%,708,358-350,50.56%,,,
hard,112,Toby Samuel,33,1.350,4044,55.44%,6,5-1,83.33%,0.086,70,56-14,80.00%,639,397-242,62.13%,,,
hard,186,Tom Gentzsch,22,0.936,3294,50.46%,12,6-6,50.00%,0.235,51,27-24,52.94%,512,259-253,50.59%,,,
hard,372,Tom Paris,14,0.929,1984,49.75%,8,4-4,50.00%,0.250,32,14-18,43.75%,325,161-164,49.54%,,,
hard,139,Tomas Barrios Vera,5,0.932,748,49.33%,4,1-3,25.00%,0.364,11,4-7,36.36%,119,56-63,47.06%,,,
hard,43,Tomas Machac,19,0.908,2626,49.85%,5,2-3,40.00%,0.106,47,26-21,55.32%,425,219-206,51.53%,,,
hard,30,Tomas Martin Etcheverry,24,0.983,3677,50.39%,15,9-6,60.00%,0.254,59,32-27,54.24%,595,302-293,50.76%,,,
hard,21,Tommy Paul,24,1.187,4099,51.38%,15,8-7,53.33%,0.231,65,36-29,55.38%,662,344-318,51.96%,,,
hard,436,Trevor Svajda,13,0.896,1848,49.62%,5,2-3,40.00%,0.172,29,12-17,41.38%,289,140-149,48.44%,,,
hard,162,Tristan Boyer,9,1.092,1290,49.92%,2,1-1,50.00%,0.095,21,10-11,47.62%,207,102-105,49.28%,,,
hard,604,Tristan McCormick,5,0.797,821,47.50%,4,2-2,50.00%,0.333,12,4-8,33.33%,120,54-66,45.00%,,,
hard,148,Tristan Schoolkate,24,1.011,3739,49.88%,15,5-10,33.33%,0.259,58,24-34,41.38%,593,288-305,48.57%,,,
hard,612,Tsung-Hao Huang,8,0.822,1209,48.97%,4,2-2,50.00%,0.211,19,8-11,42.11%,178,84-94,47.19%,,,
hard,329,Tung-Lin Wu,35,1.024,5444,49.96%,19,9-10,47.37%,0.218,87,43-44,49.43%,851,421-430,49.47%,,,
hard,343,Tyler Zink,35,0.993,4706,49.26%,15,6-9,40.00%,0.192,78,32-46,41.03%,767,366-401,47.72%,,,
hard,173,Ugo Blanchet,23,0.869,3678,48.53%,15,9-6,60.00%,0.268,56,24-32,42.86%,572,272-300,47.55%,,,
hard,28,Ugo Humbert,34,1.033,4798,50.90%,19,12-7,63.16%,0.244,78,43-35,55.13%,793,408-385,51.45%,,,
hard,416,Vadym Ursu,14,0.855,2141,48.20%,5,1-4,20.00%,0.147,34,12-22,35.29%,319,144-175,45.14%,,,
hard,203,Valentin Royer,28,0.906,4557,49.77%,20,9-11,45.00%,0.290,69,30-39,43.48%,715,348-367,48.67%,,,
hard,18,Valentin Vacherot,33,1.068,4873,51.59%,15,10-5,66.67%,0.188,80,50-30,62.50%,787,422-365,53.62%,,,
hard,493,Viktor Durasovic,21,0.902,3089,47.56%,11,8-3,72.73%,0.220,50,20-30,40.00%,493,223-270,45.23%,,,
hard,128,Vilius Gaubas,8,0.968,1394,52.01%,7,2-5,28.57%,0.333,21,13-8,61.90%,213,120-93,56.34%,,,
hard,125,Vit Kopriva,15,0.995,2137,49.23%,4,3-1,75.00%,0.118,34,18-16,52.94%,333,163-170,48.95%,,,
hard,215,Vitaliy Sachko,8,0.771,1204,47.26%,3,2-1,66.67%,0.150,20,8-12,40.00%,198,88-110,44.44%,,,
hard,287,Yanki Erel,13,1.170,2098,50.19%,9,5-4,55.56%,0.281,32,16-16,50.00%,324,164-160,50.62%,,,
hard,98,Yannick Hanfmann,22,1.149,3226,51.24%,9,3-6,33.33%,0.167,54,29-25,53.70%,528,276-252,52.27%,,,
hard,312,Yasutaka Uchiyama,32,1.022,4859,50.50%,14,6-8,42.86%,0.182,77,39-38,50.65%,769,396-373,51.50%,,,
hard,662,Ye Cong Mo,5,0.921,589,48.73%,0,0-0,,0.000,11,5-6,45.45%,98,47-51,47.96%,,,
hard,239,Yi Zhou,30,1.055,4378,50.27%,15,6-9,40.00%,0.205,73,36-37,49.32%,713,354-359,49.65%,,,
hard,106,Yibing Wu,14,0.982,1912,49.58%,8,6-2,75.00%,0.258,31,17-14,54.84%,315,159-156,50.48%,,,
hard,131,Yoshihito Nishioka,22,1.075,3234,50.83%,7,4-3,57.14%,0.130,54,33-21,61.11%,521,271-250,52.02%,,,
hard,316,Yosuke Watanuki,18,0.955,2549,50.53%,5,4-1,80.00%,0.114,44,25-19,56.82%,398,207-191,52.01%,,,
hard,222,Yu Hsiou Hsu,30,0.933,4340,49.84%,8,4-4,50.00%,0.116,69,34-35,49.28%,664,330-334,49.70%,,,
hard,578,Yuki Mochizuki,5,0.565,551,41.20%,1,0-1,0.00%,0.100,10,0-10,0.00%,88,27-61,30.68%,,,
hard,109,Yunchaokete Bu,33,1.086,4892,50.98%,17,7-10,41.18%,0.224,76,44-32,57.89%,769,407-362,52.93%,,,
hard,670,Yusuke Takahashi,12,0.787,1748,46.80%,4,2-2,50.00%,0.143,28,9-19,32.14%,269,114-155,42.38%,,,
hard,383,Yuta Shimizu,37,0.978,5911,49.30%,17,9-8,52.94%,0.189,90,40-50,44.44%,900,432-468,48.00%,,,
hard,165,Zachary Svajda,16,0.934,2387,50.10%,7,5-2,71.43%,0.175,40,23-17,57.50%,391,199-192,50.90%,,,
hard,154,Zdenek Kolar,10,0.997,1703,50.44%,4,1-3,25.00%,0.167,24,12-12,50.00%,245,126-119,51.43%,,,
hard,156,Zhizhen Zhang,21,0.901,3136,50.13%,13,5-8,38.46%,0.271,48,24-24,50.00%,497,249-248,50.10%,,,
hard,34,Zizou Bergs,32,1.017,4790,49.65%,18,9-9,50.00%,0.237,76,36-40,47.37%,769,373-396,48.50%,,,
hard,119,Zsombor Piros,12,1.072,1793,51.98%,4,4-0,100.00%,0.143,28,21-7,75.00%,279,157-122,56.27%,,,
