surface,ranking,player_name,matches_played,break_point_conversion_pct,break_points_converted,break_point_chances,break_points_per_game,break_points_per_set,break_points_per_match,breaks_per_set,breaks_per_match,break_point_save_pct,break_points_saved,break_points_faced,break_points_faced_per_game,break_points_faced_per_set,break_points_faced_per_match,times_broken_per_set,times_broken_per_match
all,261,Abdullah Shelbayh,38,41.55%,118,284,0.68,3.19,7.47,1.33,3.11,60.00%,174,290,0.7,3.26,7.63,1.3,3.05
all,91,Adam Walton,60,41.32%,157,380,0.51,2.52,6.33,1.04,2.62,60.60%,223,368,0.5,2.44,6.13,0.96,2.42
all,777,Adhithya Ganesan,7,38.89%,14,36,0.44,2.12,5.14,0.82,2,51.85%,28,54,0.62,3.18,7.71,1.53,3.71
all,975,Aditya Vishal Balsekar,7,54.55%,6,11,0.17,0.73,1.57,0.4,0.86,54.39%,31,57,0.92,3.8,8.14,1.73,3.71
all,65,Adolfo Daniel Vallejo,73,45.60%,285,625,0.81,3.72,8.56,1.7,3.9,58.68%,267,455,0.59,2.71,6.23,1.12,2.58
all,373,Adria Soriano Barrera,10,23.53%,8,34,0.26,1.36,3.4,0.32,0.8,59.32%,35,59,0.48,2.36,5.9,0.96,2.4
all,874,Adrian Andreev,8,30.61%,15,49,0.58,2.72,6.12,0.83,1.88,48.28%,28,58,0.72,3.22,7.25,1.67,3.75
all,73,Adrian Mannarino,48,40.54%,120,296,0.5,2.45,6.17,0.99,2.5,59.70%,197,330,0.56,2.73,6.88,1.1,2.77
all,659,Aidan Kim,5,31.03%,9,29,0.62,2.64,5.8,0.82,1.8,64.29%,27,42,0.86,3.82,8.4,1.36,3
all,689,Aidan Mayo,14,25.23%,28,111,0.61,3.17,7.93,0.8,2,61.73%,50,81,0.45,2.31,5.79,0.89,2.21
all,293,Akira Santillan,25,41.29%,64,155,0.59,2.67,6.2,1.1,2.56,50.68%,74,146,0.54,2.52,5.84,1.24,2.88
all,444,Alafia Ayeni,15,29.73%,33,111,0.63,3.08,7.4,0.92,2.2,62.96%,68,108,0.6,3,7.2,1.11,2.67
all,650,Alan Magadan,14,34.55%,38,110,0.68,3.33,7.86,1.15,2.71,55.86%,62,111,0.69,3.36,7.93,1.48,3.5
all,265,Alastair Gray,30,38.14%,74,194,0.58,2.69,6.47,1.03,2.47,64.55%,122,189,0.55,2.62,6.3,0.93,2.23
all,354,Albert Ramos-Vinolas,5,40.62%,13,32,0.54,2.67,6.4,1.08,2.6,63.64%,28,44,0.75,3.67,8.8,1.33,3.2
all,618,Alberto Barroso Campos,10,47.54%,29,61,0.59,2.54,6.1,1.21,2.9,55.07%,38,69,0.66,2.88,6.9,1.29,3.1
all,20,Alejandro Davidovich Fokina,51,40.00%,126,315,0.51,2.48,6.18,0.99,2.47,65.31%,209,320,0.52,2.52,6.27,0.87,2.18
all,222,Alejandro Moro Canas,57,40.09%,170,424,0.64,3.07,7.44,1.23,2.98,60.70%,244,402,0.61,2.91,7.05,1.14,2.77
all,26,Alejandro Tabilo,77,39.50%,190,481,0.53,2.56,6.25,1.01,2.47,66.27%,277,418,0.45,2.22,5.43,0.75,1.83
all,450,Alejo Sanchez Quilez,18,56.14%,64,114,0.58,2.71,6.33,1.52,3.56,56.95%,86,151,0.75,3.6,8.39,1.55,3.61
all,108,Aleksandar Kovacevic,45,32.99%,64,194,0.35,1.72,4.31,0.57,1.42,61.92%,148,239,0.42,2.12,5.31,0.81,2.02
all,67,Aleksandar Vukic,40,34.55%,76,220,0.46,2.16,5.5,0.75,1.9,58.91%,162,275,0.57,2.7,6.88,1.11,2.83
all,84,Aleksandr Shevchenko,12,40.82%,40,98,0.73,3.38,8.17,1.38,3.33,63.29%,50,79,0.57,2.72,6.58,1,2.42
all,264,Alex Barrena,50,44.06%,152,345,0.65,2.97,6.9,1.31,3.04,55.81%,216,387,0.73,3.34,7.74,1.47,3.42
all,157,Alex Bolt,36,39.55%,87,220,0.57,2.68,6.11,1.06,2.42,64.86%,120,185,0.46,2.26,5.14,0.79,1.81
all,498,Alex Hernandez,25,40.00%,66,165,0.57,2.7,6.6,1.08,2.64,54.79%,120,219,0.78,3.59,8.76,1.62,3.96
all,517,Alex Marti Pujolras,6,51.35%,19,37,0.63,3.08,6.17,1.58,3.17,53.45%,31,58,1.02,4.83,9.67,2.25,4.5
all,355,Alex Martinez,20,50.41%,62,123,0.56,2.67,6.15,1.35,3.1,54.55%,72,132,0.61,2.87,6.6,1.3,3
all,41,Alex Michelsen,57,41.42%,152,367,0.55,2.58,6.44,1.07,2.67,61.67%,214,347,0.51,2.44,6.09,0.94,2.33
all,81,Alex Molcan,49,42.02%,158,376,0.75,3.42,7.67,1.44,3.22,61.85%,167,270,0.54,2.45,5.51,0.94,2.1
all,332,Alex Rybakov,26,40.51%,64,158,0.56,2.63,6.08,1.07,2.46,61.62%,122,198,0.71,3.3,7.62,1.27,2.92
all,7,Alex de Minaur,69,42.63%,211,495,0.61,2.89,7.17,1.23,3.06,67.17%,313,466,0.57,2.73,6.75,0.89,2.22
all,479,Alexander Binda,10,53.45%,31,58,0.58,2.64,5.8,1.41,3.1,53.25%,41,77,0.75,3.5,7.7,1.64,3.6
all,205,Alexander Blockx,57,39.43%,138,350,0.51,2.4,6.14,0.95,2.42,68.15%,214,314,0.45,2.15,5.51,0.68,1.75
all,11,Alexander Bublik,58,37.46%,115,307,0.42,2.09,5.29,0.78,1.98,68.71%,191,278,0.38,1.89,4.79,0.59,1.5
all,549,Alexander Donski,15,37.97%,30,79,0.41,2.08,5.27,0.79,2,66.06%,72,109,0.56,2.87,7.27,0.97,2.47
all,496,Alexander Ritschard,16,45.83%,55,120,0.71,3.24,7.5,1.49,3.44,60.38%,64,106,0.63,2.86,6.62,1.14,2.62
all,100,Alexander Shevchenko,40,33.47%,81,242,0.51,2.44,6.05,0.82,2.02,59.48%,160,269,0.58,2.72,6.72,1.1,2.73
all,592,Alexander Vasilev,16,44.00%,44,100,0.67,3.03,6.25,1.33,2.75,63.50%,87,137,0.94,4.15,8.56,1.52,3.12
all,3,Alexander Zverev,73,40.33%,194,481,0.52,2.52,6.59,1.02,2.66,59.43%,167,281,0.3,1.47,3.85,0.6,1.56
all,464,Alexandr Binda,8,55.32%,26,47,0.52,2.47,5.88,1.37,3.25,51.67%,31,60,0.68,3.16,7.5,1.53,3.62
all,132,Alexandre Muller,36,36.69%,62,169,0.42,1.97,4.69,0.72,1.72,61.23%,169,276,0.67,3.21,7.67,1.24,2.97
all,25,Alexei Popyrin,35,32.93%,54,164,0.39,1.89,4.69,0.62,1.54,52.57%,92,175,0.42,2.01,5,0.95,2.37
all,413,Alexey Vatutin,9,40.98%,25,61,0.58,2.77,6.78,1.14,2.78,65.22%,60,92,0.9,4.18,10.22,1.45,3.56
all,200,Alexis Galarneau,56,41.05%,156,380,0.58,2.81,6.79,1.16,2.79,60.75%,243,400,0.6,2.96,7.14,1.16,2.8
all,409,Alfredo Perez,17,37.50%,39,104,0.56,2.74,6.12,1.03,2.29,65.42%,70,107,0.59,2.82,6.29,0.97,2.18
all,272,Alvaro Guillen Meza,61,42.70%,228,534,0.75,3.61,8.75,1.54,3.74,54.12%,256,473,0.68,3.2,7.75,1.47,3.56
all,725,Amit Vales,6,35.71%,15,42,0.69,3,7,1.07,2.5,51.35%,19,37,0.63,2.64,6.17,1.29,3
all,248,Andre Ilagan,53,41.94%,164,391,0.62,3.05,7.38,1.28,3.09,64.83%,282,435,0.7,3.4,8.21,1.2,2.89
all,304,Andrea Collarini,35,43.64%,127,291,0.74,3.46,8.31,1.51,3.63,54.65%,141,258,0.65,3.07,7.37,1.39,3.34
all,227,Andrea Guerrieri,28,43.97%,102,232,0.73,3.57,8.29,1.57,3.64,59.17%,142,240,0.77,3.69,8.57,1.51,3.5
all,137,Andrea Pellegrino,41,41.90%,119,284,0.62,2.87,6.93,1.2,2.9,56.49%,148,262,0.57,2.65,6.39,1.15,2.78
all,393,Andrea Picchione,8,45.16%,28,62,0.76,3.44,7.75,1.56,3.5,55.10%,27,49,0.58,2.72,6.12,1.22,2.75
all,614,Andrea Vavassori,11,40.62%,26,64,0.48,2.29,5.82,0.93,2.36,68.00%,51,75,0.55,2.68,6.82,0.86,2.18
all,404,Andrej Martin,19,35.25%,43,122,0.61,2.84,6.42,1,2.26,55.26%,63,114,0.57,2.65,6,1.19,2.68
all,244,Andrej Nedic,39,50.33%,151,300,0.74,3.37,7.69,1.7,3.87,55.22%,148,268,0.67,3.01,6.87,1.35,3.08
all,223,Andres Andrade,27,40.78%,73,179,0.63,2.93,6.63,1.2,2.7,58.95%,112,190,0.68,3.11,7.04,1.28,2.89
all,381,Andres Martin,42,37.23%,105,282,0.57,2.79,6.71,1.04,2.5,57.53%,168,292,0.58,2.89,6.95,1.23,2.95
all,726,Andres Santamarta Roig,13,52.27%,46,88,0.69,3.26,6.77,1.7,3.54,57.41%,62,108,0.87,4,8.31,1.7,3.54
all,399,Andrew Fenty,17,36.47%,31,85,0.45,2.18,5,0.79,1.82,59.82%,67,112,0.58,2.87,6.59,1.15,2.65
all,642,Andrew Paulson,8,36.21%,21,58,0.67,3.05,7.25,1.11,2.62,61.29%,38,62,0.68,3.26,7.75,1.26,3
all,16,Andrey Rublev,49,37.47%,142,379,0.59,2.92,7.73,1.09,2.9,66.14%,209,316,0.5,2.43,6.45,0.82,2.18
all,262,Andy Andrade,14,48.94%,46,94,0.59,2.94,6.71,1.44,3.29,56.14%,64,114,0.73,3.56,8.14,1.56,3.57
all,348,Antoine Escoffier,7,48.15%,26,54,0.69,3.38,7.71,1.62,3.71,55.10%,27,49,0.64,3.06,7,1.38,3.14
all,352,Antoine Ghibaudo,35,39.01%,71,182,0.5,2.33,5.2,0.91,2.03,64.84%,142,219,0.58,2.81,6.26,0.99,2.2
all,373,Anton Matusevich,8,37.84%,14,37,0.44,2.06,4.62,0.78,1.75,60.00%,36,60,0.67,3.33,7.5,1.33,3
all,911,Aoran Wang,5,50.00%,7,14,0.23,1.17,2.8,0.58,1.4,56.52%,13,23,0.4,1.92,4.6,0.83,2
all,808,Arda Azkara,12,39.66%,23,58,0.43,2.23,4.83,0.88,1.92,63.64%,49,77,0.59,2.96,6.42,1.08,2.33
all,492,Aristotelis Thanos,8,44.00%,22,50,0.59,2.78,6.25,1.22,2.75,50.77%,33,65,0.78,3.61,8.12,1.78,4
all,769,Arklon Huertas Del Pino Cordova,9,37.14%,26,70,0.66,3.33,7.78,1.24,2.89,61.90%,39,63,0.62,3,7,1.14,2.67
all,439,Arthur Bouquier,14,31.96%,31,97,0.53,2.62,6.93,0.84,2.21,69.17%,83,120,0.66,3.24,8.57,1,2.64
all,73,Arthur Cazaux,21,38.58%,49,127,0.51,2.49,6.05,0.96,2.33,67.83%,78,115,0.47,2.25,5.48,0.73,1.76
all,114,Arthur Fery,45,40.11%,144,359,0.63,3.07,7.98,1.23,3.2,60.55%,155,256,0.45,2.19,5.69,0.86,2.24
all,24,Arthur Fils,35,38.50%,82,213,0.56,2.66,6.09,1.02,2.34,67.28%,109,162,0.42,2.02,4.63,0.66,1.51
all,127,Arthur Gea,51,43.80%,159,363,0.63,3,7.12,1.31,3.12,63.58%,206,324,0.55,2.68,6.35,0.98,2.31
all,29,Arthur Rinderknech,53,34.82%,109,313,0.44,2.22,5.91,0.77,2.06,71.48%,218,305,0.43,2.16,5.75,0.62,1.64
all,417,Arthur Weber,8,34.69%,17,49,0.59,2.72,6.12,0.94,2.12,54.10%,33,61,0.73,3.39,7.62,1.56,3.5
all,414,Aryan Shah,12,35.38%,23,65,0.47,2.17,5.42,0.77,1.92,56.82%,50,88,0.66,2.93,7.33,1.27,3.17
all,227,August Holmgren,46,33.46%,91,272,0.5,2.45,5.91,0.82,1.98,63.16%,156,247,0.46,2.23,5.37,0.82,1.98
all,664,Aziz Dougaz,7,33.33%,14,42,0.46,2.33,6,0.78,2,64.29%,27,42,0.49,2.33,6,0.83,2.14
all,525,Aziz Ouakaa,12,40.91%,18,44,0.37,1.63,3.67,0.67,1.5,48.04%,49,102,0.89,3.78,8.5,1.96,4.42
all,300,Beibit Zhukayev,25,33.33%,46,138,0.47,2.26,5.52,0.75,1.84,66.12%,121,183,0.63,3,7.32,1.02,2.48
all,746,Ben Jones,5,42.86%,6,14,0.27,1.27,2.8,0.55,1.2,58.33%,14,24,0.47,2.18,4.8,0.91,2
all,10,Ben Shelton,48,33.88%,82,242,0.37,1.88,5.04,0.64,1.71,71.24%,166,233,0.35,1.81,4.85,0.52,1.4
all,70,Benjamin Bonzi,41,36.33%,93,256,0.48,2.35,6.24,0.85,2.27,61.67%,148,240,0.45,2.2,5.85,0.84,2.24
all,506,Benjamin Hassan,28,39.66%,71,179,0.55,2.67,6.39,1.06,2.54,55.05%,120,218,0.7,3.25,7.79,1.46,3.5
all,732,Benjamin Torrealba,6,37.14%,13,35,0.55,2.5,5.83,0.93,2.17,43.40%,23,53,0.88,3.79,8.83,2.14,5
all,917,Benoit Paire,5,47.62%,10,21,0.38,1.62,4.2,0.77,2,60.00%,33,55,0.98,4.23,11,1.69,4.4
all,834,Bernabe Zapata Miralles,8,45.00%,18,40,0.51,2.11,5,0.95,2.25,43.24%,32,74,0.94,3.89,9.25,2.21,5.25
all,171,Bernard Tomic,43,37.30%,116,311,0.62,2.99,7.23,1.12,2.7,66.20%,188,284,0.57,2.73,6.6,0.92,2.23
all,155,Billy Harris,40,33.46%,88,263,0.52,2.6,6.58,0.87,2.2,61.92%,161,260,0.52,2.57,6.5,0.98,2.48
all,344,Blaise Bicknell,33,30.89%,59,191,0.5,2.39,5.79,0.74,1.79,59.63%,130,218,0.57,2.73,6.61,1.1,2.67
all,502,Blake Ellis,27,29.01%,47,162,0.48,2.45,6,0.71,1.74,68.31%,125,183,0.55,2.77,6.78,0.88,2.15
all,443,Bor Artnak,8,32.73%,18,55,0.7,3.06,6.88,1,2.25,53.85%,35,65,0.76,3.61,8.12,1.67,3.75
all,169,Borna Gojo,31,42.21%,84,199,0.56,2.76,6.42,1.17,2.71,66.40%,83,125,0.35,1.74,4.03,0.58,1.35
all,70,Botic van de Zandschulp,43,40.07%,113,282,0.52,2.56,6.56,1.03,2.63,58.96%,181,307,0.57,2.79,7.14,1.15,2.93
all,234,Braden Shick,20,46.83%,59,126,0.59,2.74,6.3,1.28,2.95,58.33%,84,144,0.65,3.13,7.2,1.3,3
all,109,Brandon Holt,15,38.61%,39,101,0.54,2.59,6.73,1,2.6,60.58%,63,104,0.56,2.67,6.93,1.05,2.73
all,31,Brandon Nakashima,54,41.32%,131,317,0.46,2.31,5.87,0.96,2.43,63.05%,157,249,0.36,1.82,4.61,0.67,1.7
all,628,Bruno Fernandez,15,39.02%,48,123,0.68,3.32,8.2,1.3,3.2,51.24%,62,121,0.66,3.27,8.07,1.59,3.93
all,616,Bruno Kuzuhara,7,32.56%,14,43,0.5,2.39,6.14,0.78,2,52.94%,27,51,0.6,2.83,7.29,1.33,3.43
all,251,Buvaysar Gadamauri,41,41.58%,121,291,0.62,2.97,7.1,1.23,2.95,61.73%,171,277,0.59,2.83,6.76,1.08,2.59
all,291,Calvin Hemery,43,36.32%,77,212,0.48,2.21,4.93,0.8,1.79,65.04%,160,246,0.55,2.56,5.72,0.9,2
all,48,Cameron Norrie,52,38.71%,132,341,0.52,2.58,6.56,1,2.54,64.44%,212,329,0.5,2.49,6.33,0.89,2.25
all,95,Camilo Ugo Carabelli,47,38.36%,122,318,0.59,2.81,6.77,1.08,2.6,59.05%,199,337,0.63,2.98,7.17,1.22,2.94
all,435,Cannon Kingsley,28,39.87%,63,158,0.48,2.36,5.64,0.94,2.25,62.78%,113,180,0.54,2.69,6.43,1,2.39
all,436,Carl Emil Overbeck,12,35.62%,26,73,0.59,2.92,6.08,1.04,2.17,47.83%,22,46,0.37,1.84,3.83,0.96,2
all,389,Carlo Alberto Caniato,23,35.43%,45,127,0.47,2.31,5.52,0.82,1.96,61.07%,91,149,0.55,2.71,6.48,1.05,2.52
all,2,Carlos Alcaraz,44,40.82%,149,365,0.7,3.26,8.3,1.33,3.39,66.06%,109,165,0.32,1.47,3.75,0.5,1.27
all,551,Carlos Lopez Montagud,7,44.90%,22,49,0.68,3.06,7,1.38,3.14,55.81%,24,43,0.6,2.69,6.14,1.19,2.71
all,412,Carlos Maria Zarate,21,44.17%,53,120,0.53,2.45,5.71,1.08,2.52,59.12%,107,181,0.79,3.69,8.62,1.51,3.52
all,366,Carlos Sanchez Jover,28,48.28%,98,203,0.65,3.17,7.25,1.53,3.5,56.45%,162,287,0.93,4.48,10.25,1.95,4.46
all,405,Carlos Taberner,19,36.98%,71,192,0.96,4.27,10.11,1.58,3.74,57.05%,85,149,0.75,3.31,7.84,1.42,3.37
all,14,Casper Ruud,52,42.20%,138,327,0.53,2.57,6.29,1.09,2.65,67.29%,181,269,0.43,2.12,5.17,0.69,1.69
all,320,Cedrik-Marcel Stebe,25,40.31%,79,196,0.72,3.32,7.84,1.34,3.16,63.55%,129,203,0.74,3.44,8.12,1.25,2.96
all,609,Cesar Bouchelaghem,5,28.57%,8,28,0.54,2.55,5.6,0.73,1.6,55.17%,16,29,0.56,2.64,5.8,1.18,2.6
all,262,Cezar Cretu,27,48.98%,96,196,0.72,3.21,7.26,1.57,3.56,50.53%,96,190,0.7,3.11,7.04,1.54,3.48
all,283,Charles Broom,33,42.11%,88,209,0.53,2.55,6.33,1.07,2.67,56.86%,116,204,0.53,2.49,6.18,1.07,2.67
all,884,Charlie Robertson,5,36.73%,18,49,1.04,4.45,9.8,1.64,3.6,51.52%,17,33,0.73,3,6.6,1.45,3.2
all,191,Chris Rodesch,38,37.78%,85,225,0.52,2.59,5.92,0.98,2.24,63.49%,120,189,0.43,2.17,4.97,0.79,1.82
all,467,Christian Langmo,26,36.75%,43,117,0.41,1.98,4.5,0.73,1.65,64.46%,107,166,0.6,2.81,6.38,1,2.27
all,424,Christoph Negritu,26,32.04%,58,181,0.55,2.78,6.96,0.89,2.23,65.38%,119,182,0.56,2.8,7,0.97,2.42
all,64,Christopher O'Connell,31,36.00%,54,150,0.45,2.24,4.84,0.81,1.74,61.39%,97,158,0.48,2.36,5.1,0.91,1.97
all,234,Chun-Hsin Tseng,37,46.33%,120,259,0.65,3.05,7,1.41,3.24,60.58%,166,274,0.7,3.22,7.41,1.27,2.92
all,204,Clement Chidekh,55,36.99%,182,492,0.78,3.73,8.95,1.38,3.31,59.61%,214,359,0.57,2.72,6.53,1.1,2.64
all,159,Clement Tabur,44,44.33%,133,300,0.55,2.7,6.82,1.2,3.02,64.00%,192,300,0.55,2.7,6.82,0.97,2.45
all,108,Coleman Wong,56,41.10%,127,309,0.46,2.31,5.52,0.95,2.27,64.23%,228,355,0.53,2.65,6.34,0.95,2.27
all,511,Colin Sinclair,6,35.00%,7,20,0.27,1.33,3.33,0.47,1.17,55.32%,26,47,0.65,3.13,7.83,1.4,3.5
all,174,Colton Smith,33,41.71%,88,211,0.58,2.85,6.39,1.19,2.67,65.32%,162,248,0.69,3.35,7.52,1.16,2.61
all,639,Conner Huertas del Pino,13,41.33%,31,75,0.54,2.68,5.77,1.11,2.38,63.95%,55,86,0.62,3.07,6.62,1.11,2.38
all,507,Constantin Bittoun Kouzmine,11,40.00%,26,65,0.55,2.6,5.91,1.04,2.36,66.67%,60,90,0.76,3.6,8.18,1.2,2.73
all,496,Corentin Denolly,18,38.53%,42,109,0.56,2.6,6.06,1,2.33,61.90%,104,168,0.89,4,9.33,1.52,3.56
all,69,Corentin Moutet,47,41.45%,126,304,0.54,2.62,6.47,1.09,2.68,63.84%,226,354,0.64,3.05,7.53,1.1,2.72
all,778,Cosme Rolland De Ravel,6,46.15%,18,39,0.59,2.79,6.5,1.29,3,74.07%,40,54,0.82,3.86,9,1,2.33
all,114,Cristian Garin,31,42.09%,125,297,0.81,3.81,9.58,1.6,4.03,57.14%,132,231,0.62,2.96,7.45,1.27,3.19
all,612,Cruz Hewitt,11,29.33%,22,75,0.61,2.88,6.82,0.85,2,58.57%,41,70,0.56,2.69,6.36,1.12,2.64
all,305,Dali Blanch,39,40.49%,132,326,0.75,3.51,8.36,1.42,3.38,57.59%,148,257,0.6,2.76,6.59,1.17,2.79
all,116,Dalibor Svrcina,42,49.17%,177,360,0.83,3.75,8.57,1.84,4.21,58.41%,191,327,0.76,3.41,7.79,1.42,3.24
all,87,Damir Dzumhur,47,41.18%,133,323,0.59,2.78,6.87,1.15,2.83,56.17%,223,397,0.72,3.42,8.45,1.5,3.7
all,224,Dan Added,52,41.49%,134,323,0.57,2.74,6.21,1.14,2.58,61.28%,220,359,0.64,3.04,6.9,1.18,2.67
all,378,Dan Martin,18,36.14%,30,83,0.38,1.98,4.61,0.71,1.67,62.83%,71,113,0.52,2.69,6.28,1,2.33
all,121,Dane Sweeny,39,39.43%,110,279,0.64,3.07,7.15,1.21,2.82,61.48%,158,257,0.59,2.82,6.59,1.09,2.54
all,93,Daniel Altmaier,58,36.68%,128,349,0.51,2.41,6.02,0.88,2.21,58.89%,212,360,0.52,2.48,6.21,1.02,2.55
all,689,Daniel Antonio Nunez,7,46.88%,15,32,0.44,2,4.57,0.94,2.14,46.51%,20,43,0.62,2.69,6.14,1.44,3.29
all,413,Daniel Dutra da Silva,33,41.38%,96,232,0.67,3.14,7.03,1.3,2.91,51.17%,131,256,0.72,3.46,7.76,1.69,3.79
all,290,Daniel Elahi Galan,33,37.45%,88,235,0.58,2.9,7.12,1.09,2.67,55.79%,135,242,0.6,2.99,7.33,1.32,3.24
all,184,Daniel Evans,6,42.11%,24,57,0.73,3.56,9.5,1.5,4,51.61%,16,31,0.42,1.94,5.17,0.94,2.5
all,371,Daniel Masur,16,39.47%,45,114,0.56,2.92,7.12,1.15,2.81,57.66%,64,111,0.56,2.85,6.94,1.21,2.94
all,296,Daniel Merida,62,43.90%,223,508,0.72,3.34,8.19,1.47,3.6,58.87%,249,423,0.6,2.78,6.82,1.14,2.81
all,302,Daniel Michalski,32,48.93%,114,233,0.65,3.07,7.28,1.5,3.56,46.19%,103,223,0.62,2.93,6.97,1.58,3.75
all,325,Daniel Milavsky,27,42.24%,68,161,0.56,2.6,5.96,1.1,2.52,64.84%,118,182,0.65,2.94,6.74,1.03,2.37
all,207,Daniel Rincon,48,46.36%,159,343,0.63,3.01,7.15,1.39,3.31,57.10%,213,373,0.7,3.27,7.77,1.4,3.33
all,167,Daniil Glinka,56,38.55%,138,358,0.57,2.75,6.39,1.06,2.46,64.01%,217,339,0.54,2.61,6.05,0.94,2.18
all,6,Daniil Medvedev,60,41.72%,204,489,0.68,3.24,8.15,1.35,3.4,62.90%,195,310,0.43,2.05,5.17,0.76,1.92
all,675,Daniil Ostapenkov,6,30.95%,13,42,0.54,2.8,7,0.87,2.17,38.46%,10,26,0.34,1.73,4.33,1.07,2.67
all,226,Darwin Blanch,51,38.75%,124,320,0.52,2.52,6.27,0.98,2.43,61.86%,206,333,0.54,2.62,6.53,1,2.49
all,236,David Goffin,14,34.48%,40,116,0.71,3.31,8.29,1.14,2.86,43.48%,40,92,0.57,2.63,6.57,1.49,3.71
all,188,David Jorda Sanchis,42,41.20%,124,301,0.64,3.04,7.17,1.25,2.95,60.85%,171,281,0.6,2.84,6.69,1.11,2.62
all,58,Denis Shapovalov,40,37.97%,112,295,0.61,2.89,7.38,1.1,2.8,57.89%,165,285,0.59,2.79,7.12,1.18,3
all,441,Denis Yevseyev,29,37.45%,88,235,0.72,3.31,8.1,1.24,3.03,54.62%,130,238,0.73,3.35,8.21,1.52,3.72
all,463,Dennis Novak,6,44.19%,19,43,0.63,2.87,7.17,1.27,3.17,24.32%,9,37,0.54,2.47,6.17,1.87,4.67
all,436,Dhakshineswar Suresh,20,37.50%,30,80,0.37,1.78,4,0.67,1.5,69.44%,75,108,0.49,2.4,5.4,0.73,1.65
all,252,Diego Dedura,42,43.27%,135,312,0.69,3.22,7.43,1.39,3.21,60.14%,175,291,0.63,3,6.93,1.2,2.76
all,551,Digvijaypratap Singh,8,27.59%,8,29,0.33,1.71,3.62,0.47,1,57.50%,23,40,0.47,2.35,5,1,2.12
all,375,Dimitar Kuzmanov,49,45.11%,157,348,0.67,3.05,7.1,1.38,3.2,55.50%,207,373,0.71,3.27,7.61,1.46,3.39
all,84,Dino Prizmic,34,39.64%,88,222,0.55,2.39,6.53,0.95,2.59,62.30%,119,191,0.45,2.05,5.62,0.77,2.12
all,652,Dmitry Popko,17,38.53%,42,109,0.6,2.79,6.41,1.08,2.47,55.56%,60,108,0.6,2.77,6.35,1.23,2.82
all,357,Dominic Stricker,21,40.18%,45,112,0.53,2.55,5.33,1.02,2.14,63.30%,69,109,0.53,2.48,5.19,0.91,1.9
all,580,Dominik Kellovsky,5,25.93%,7,27,0.47,2.25,5.4,0.58,1.4,67.50%,27,40,0.68,3.33,8,1.08,2.6
all,498,Dominik Palan,14,30.77%,24,78,0.47,2.36,5.57,0.73,1.71,66.29%,59,89,0.55,2.7,6.36,0.91,2.14
all,307,Duje Ajdukovic,48,41.82%,133,318,0.59,2.92,6.62,1.22,2.77,59.89%,215,359,0.67,3.29,7.48,1.32,3
all,1789,Duncan Chan,11,50.00%,25,50,0.4,1.92,4.55,0.96,2.27,56.72%,38,67,0.53,2.58,6.09,1.12,2.64
all,152,Dusan Lajovic,42,38.03%,116,305,0.65,3.18,7.26,1.21,2.76,55.56%,155,279,0.6,2.91,6.64,1.29,2.95
all,556,Dylan Dietrich,9,27.27%,21,77,0.75,3.67,8.56,1,2.33,69.57%,32,46,0.46,2.19,5.11,0.67,1.56
all,225,Edas Butvilas,50,38.37%,132,344,0.64,2.99,6.88,1.15,2.64,62.39%,204,327,0.61,2.84,6.54,1.07,2.46
all,375,Eduardo Ribeiro,28,44.23%,92,208,0.67,3.25,7.43,1.44,3.29,52.38%,99,189,0.61,2.95,6.75,1.41,3.21
all,391,Edward Winter,26,36.61%,82,224,0.77,3.61,8.62,1.32,3.15,59.65%,102,171,0.58,2.76,6.58,1.11,2.65
all,486,Eero Vasa,15,51.65%,47,91,0.53,2.53,6.07,1.31,3.13,59.69%,77,129,0.76,3.58,8.6,1.44,3.47
all,314,Eliakim Coulibaly,41,46.97%,124,264,0.6,2.78,6.44,1.31,3.02,62.99%,177,281,0.63,2.96,6.85,1.09,2.54
all,182,Elias Ymer,30,43.02%,77,179,0.55,2.56,5.97,1.1,2.57,55.03%,104,189,0.58,2.7,6.3,1.21,2.83
all,91,Eliot Spizzirri,22,44.20%,61,138,0.48,2.3,6.27,1.02,2.77,48.94%,46,94,0.33,1.57,4.27,0.8,2.18
all,190,Elmer Moller,40,46.13%,137,297,0.74,3.41,7.42,1.57,3.42,54.97%,188,342,0.85,3.93,8.55,1.77,3.85
all,547,Emil Ruusuvuori,13,45.28%,24,53,0.32,1.61,4.08,0.73,1.85,64.79%,46,71,0.42,2.15,5.46,0.76,1.92
all,520,Emile Hudd,5,28.57%,6,21,0.38,1.75,4.2,0.5,1.2,50.00%,10,20,0.35,1.67,4,0.83,2
all,588,Emilien Demanet,6,43.14%,22,51,0.81,3.64,8.5,1.57,3.67,55.56%,20,36,0.57,2.57,6,1.14,2.67
all,86,Emilio Nava,45,36.64%,107,292,0.57,2.73,6.49,1,2.38,65.41%,208,318,0.61,2.97,7.07,1.03,2.44
all,323,Enrico Dalla Valle,39,37.05%,93,251,0.59,2.85,6.44,1.06,2.38,59.43%,126,212,0.51,2.41,5.44,0.98,2.21
all,595,Ergi Kirkin,6,40.91%,9,22,0.37,1.69,3.67,0.69,1.5,57.41%,31,54,0.89,4.15,9,1.77,3.83
all,532,Eric Vanshelboim,6,38.10%,16,42,0.66,3,7,1.14,2.67,55.81%,24,43,0.68,3.07,7.17,1.36,3.17
all,623,Erik Arutiunian,5,37.50%,9,24,0.5,2.4,4.8,0.9,1.8,62.96%,17,27,0.56,2.7,5.4,1,2
all,47,Ethan Quinn,39,34.57%,65,188,0.37,1.98,4.82,0.68,1.67,63.55%,136,214,0.42,2.25,5.49,0.82,2
all,607,Evan Zhu,6,50.00%,6,12,0.19,0.92,2,0.46,1,59.18%,29,49,0.82,3.77,8.17,1.54,3.33
all,61,Fabian Marozsan,44,31.94%,84,263,0.49,2.39,5.98,0.76,1.91,60.62%,157,259,0.48,2.35,5.89,0.93,2.32
all,351,Fabrizio Andaloro,6,43.40%,23,53,0.83,4.42,8.83,1.92,3.83,54.84%,34,62,0.97,5.17,10.33,2.33,4.67
all,431,Facundo Bagnis,6,42.86%,21,49,0.69,3.06,8.17,1.31,3.5,45.45%,15,33,0.45,2.06,5.5,1.12,3
all,107,Facundo Diaz Acosta,76,43.34%,283,653,0.76,3.55,8.59,1.54,3.72,61.16%,307,502,0.57,2.73,6.61,1.06,2.57
all,332,Facundo Mena,32,38.20%,89,233,0.65,3.11,7.28,1.19,2.78,64.73%,134,207,0.59,2.76,6.47,0.97,2.28
all,324,Fajing Sun,41,37.63%,105,279,0.62,2.94,6.8,1.11,2.56,63.43%,170,268,0.61,2.82,6.54,1.03,2.39
all,191,Federico Agustin Gomez,47,37.50%,120,320,0.6,2.81,6.81,1.05,2.55,60.59%,186,307,0.56,2.69,6.53,1.06,2.57
all,481,Federico Arnaboldi,13,29.67%,27,91,0.61,2.94,7,0.87,2.08,52.99%,62,117,0.78,3.77,9,1.77,4.23
all,346,Federico Bondioli,33,39.43%,97,246,0.61,2.93,7.45,1.15,2.94,61.11%,176,288,0.72,3.43,8.73,1.33,3.39
all,184,Federico Cina,43,45.31%,116,256,0.53,2.49,5.95,1.13,2.7,64.26%,196,305,0.63,2.96,7.09,1.06,2.53
all,779,Federico Coria,10,38.46%,25,65,0.6,2.83,6.5,1.09,2.5,60.00%,54,90,0.82,3.91,9,1.57,3.6
all,607,Federico Iannaccone,7,61.54%,24,39,0.55,2.29,5.57,1.41,3.43,46.43%,26,56,0.78,3.29,8,1.76,4.29
all,807,Felipe Meligeni Alves,14,45.33%,34,75,0.49,2.21,5.36,1,2.43,62.04%,67,108,0.7,3.18,7.71,1.21,2.93
all,29,Felix Auger-Aliassime,69,39.19%,165,421,0.47,2.39,6.1,0.94,2.39,69.00%,207,300,0.34,1.7,4.35,0.53,1.35
all,248,Felix Balshaw,19,42.28%,63,149,0.71,3.24,7.84,1.37,3.32,61.11%,66,108,0.51,2.35,5.68,0.91,2.21
all,220,Felix Gill,31,27.65%,60,217,0.56,2.68,7,0.74,1.94,63.33%,133,210,0.55,2.59,6.77,0.95,2.48
all,279,Filip Cristian Jianu,35,43.42%,99,228,0.63,2.89,6.51,1.25,2.83,60.75%,161,265,0.72,3.35,7.57,1.32,2.97
all,81,Filip Misolic,12,26.83%,22,82,0.62,3.04,6.83,0.81,1.83,61.90%,52,84,0.62,3.11,7,1.19,2.67
all,488,Filip Peliwo,7,38.46%,15,39,0.59,2.6,5.57,1,2.14,58.21%,39,67,0.99,4.47,9.57,1.87,4
all,487,Filippo Moroni,6,54.17%,26,48,0.72,3.43,8,1.86,4.33,48.28%,28,58,0.89,4.14,9.67,2.14,5
all,300,Filippo Romano,30,41.62%,72,173,0.5,2.37,5.77,0.99,2.4,64.14%,152,237,0.66,3.25,7.9,1.16,2.83
all,9,Flavio Cobolli,60,38.13%,151,396,0.52,2.52,6.6,0.96,2.52,64.19%,276,430,0.56,2.74,7.17,0.98,2.57
all,247,Florent Bax,27,32.05%,50,156,0.51,2.44,5.78,0.78,1.85,66.89%,99,148,0.47,2.31,5.48,0.77,1.81
all,292,Florian Broska,14,45.57%,36,79,0.46,2.14,5.64,0.97,2.57,61.82%,34,55,0.31,1.49,3.93,0.57,1.5
all,20,Frances Tiafoe,51,43.37%,144,332,0.47,2.35,6.51,1.02,2.82,66.57%,225,338,0.49,2.4,6.63,0.8,2.22
all,371,Francesco Forti,22,31.36%,53,169,0.69,3.31,7.68,1.04,2.41,60.93%,92,151,0.6,2.96,6.86,1.16,2.68
all,149,Francesco Maestrelli,40,36.80%,92,250,0.55,2.6,6.25,0.96,2.3,64.50%,169,262,0.58,2.73,6.55,0.97,2.33
all,220,Francesco Passaro,39,38.50%,77,200,0.43,2.15,5.13,0.83,1.97,64.05%,155,242,0.52,2.6,6.21,0.94,2.23
all,23,Francisco Cerundolo,53,40.71%,184,452,0.72,3.42,8.53,1.39,3.47,62.06%,247,398,0.65,3.02,7.51,1.14,2.85
all,91,Francisco Comesana,34,37.33%,84,225,0.5,2.47,6.62,0.92,2.47,53.50%,130,243,0.53,2.67,7.15,1.24,3.32
all,767,Francisco Rocha,6,28.57%,8,28,0.56,2.55,4.67,0.73,1.33,50.00%,20,40,0.85,3.64,6.67,1.82,3.33
all,265,Franco Agamenone,45,45.38%,172,379,0.75,3.58,8.42,1.62,3.82,60.35%,239,396,0.79,3.74,8.8,1.48,3.49
all,725,Franco Ribero,7,41.38%,12,29,0.33,1.61,4.14,0.67,1.71,56.86%,29,51,0.6,2.83,7.29,1.22,3.14
all,225,Franco Roncadelli,52,46.97%,194,413,0.76,3.44,7.94,1.62,3.73,55.08%,233,423,0.76,3.52,8.13,1.58,3.65
all,235,Frederico Ferreira Silva,67,43.03%,219,509,0.67,3.18,7.6,1.37,3.27,60.15%,314,522,0.68,3.26,7.79,1.3,3.1
all,331,Gabi Adrian Boitan,13,46.48%,33,71,0.51,2.37,5.46,1.1,2.54,51.76%,44,85,0.62,2.83,6.54,1.37,3.15
all,,Gabriel Debru,5,41.07%,23,56,0.84,4,11.2,1.64,4.6,57.58%,19,33,0.5,2.36,6.6,1,2.8
all,87,Gabriel Diallo,41,41.24%,80,194,0.39,1.9,4.73,0.78,1.95,57.46%,131,228,0.45,2.24,5.56,0.95,2.37
all,613,Gabriele Pennaforti,5,47.06%,8,17,0.31,1.55,3.4,0.73,1.6,45.71%,16,35,0.67,3.18,7,1.73,3.8
all,373,Gabriele Piraino,17,39.81%,43,108,0.57,2.63,6.35,1.05,2.53,53.85%,77,143,0.76,3.49,8.41,1.61,3.88
all,52,Gael Monfils,13,37.11%,36,97,0.57,2.62,7.46,0.97,2.77,59.63%,65,109,0.64,2.95,8.38,1.19,3.38
all,375,Garrett Johns,31,35.61%,73,205,0.6,2.93,6.61,1.04,2.35,59.91%,136,227,0.67,3.24,7.32,1.3,2.94
all,589,Gastao Elias,5,38.46%,5,13,0.25,1.08,2.6,0.42,1,56.10%,23,41,0.79,3.42,8.2,1.5,3.6
all,178,Gauthier Onclin,35,40.38%,107,265,0.69,3.27,7.57,1.32,3.06,61.02%,144,236,0.62,2.91,6.74,1.14,2.63
all,200,Genaro Alberto Olivieri,48,42.47%,155,365,0.68,3.12,7.6,1.32,3.23,57.04%,239,419,0.78,3.58,8.73,1.54,3.75
all,390,Geoffrey Blancaneaux,27,39.16%,56,143,0.52,2.27,5.3,0.89,2.07,55.90%,109,195,0.71,3.1,7.22,1.37,3.19
all,247,George Loffhagen,19,38.85%,54,139,0.65,3.09,7.32,1.2,2.84,55.65%,64,115,0.54,2.56,6.05,1.13,2.68
all,632,Gerard Campana Lee,12,41.56%,32,77,0.56,2.66,6.42,1.1,2.67,48.94%,46,94,0.69,3.24,7.83,1.66,4
all,196,Gianluca Cadenasso,33,43.40%,125,288,0.83,3.74,8.73,1.62,3.79,50.92%,111,218,0.62,2.83,6.61,1.39,3.24
all,435,Gianmarco Ferrari,6,40.00%,12,30,0.45,2.14,5,0.86,2,72.09%,31,43,0.65,3.07,7.17,0.86,2
all,1126,Gijs Brouwer,6,50.00%,16,32,0.5,2.13,5.33,1.07,2.67,46.81%,22,47,0.77,3.13,7.83,1.67,4.17
all,258,Giles Hussey,32,44.33%,90,203,0.61,2.78,6.34,1.23,2.81,54.31%,126,232,0.69,3.18,7.25,1.45,3.31
all,230,Gilles Arnaud Bailly,35,41.11%,111,270,0.68,3.1,7.71,1.28,3.17,56.30%,152,270,0.69,3.1,7.71,1.36,3.37
all,454,Giovanni Fonio,6,35.90%,14,39,0.53,2.6,6.5,0.93,2.33,60.00%,24,40,0.55,2.67,6.67,1.07,2.67
all,91,Giovanni Mpetshi Perricard,44,31.25%,55,176,0.3,1.59,4,0.5,1.25,63.86%,129,202,0.35,1.82,4.59,0.66,1.66
all,153,Giulio Zeppieri,16,38.46%,30,78,0.45,2.05,4.88,0.79,1.88,65.17%,58,89,0.51,2.34,5.56,0.82,1.94
all,160,Gonzalo Bueno,64,46.41%,220,474,0.7,3.2,7.41,1.49,3.44,56.86%,311,547,0.82,3.7,8.55,1.59,3.69
all,320,Gonzalo Villanueva,45,42.74%,156,365,0.76,3.51,8.11,1.5,3.47,54.40%,204,375,0.78,3.61,8.33,1.64,3.8
all,146,Grigor Dimitrov,24,36.81%,53,144,0.47,2.32,6,0.85,2.21,54.55%,66,121,0.39,1.95,5.04,0.89,2.29
all,223,Guido Ivan Justo,67,46.60%,247,530,0.76,3.49,7.91,1.62,3.69,55.81%,264,473,0.68,3.11,7.06,1.38,3.12
all,568,Guillaume Dalmasso,7,34.62%,9,26,0.42,1.86,3.71,0.64,1.29,46.15%,18,39,0.6,2.79,5.57,1.5,3
all,141,Gustavo Heide,46,40.89%,157,384,0.79,3.59,8.35,1.47,3.41,60.77%,158,260,0.54,2.43,5.65,0.95,2.22
all,1036,Guto Miguel,5,37.78%,17,45,0.88,4.09,9,1.55,3.4,48.39%,15,31,0.6,2.82,6.2,1.45,3.2
all,195,Guy Den Ouden,36,43.54%,118,271,0.71,3.19,7.53,1.39,3.28,55.23%,132,239,0.62,2.81,6.64,1.26,2.97
all,334,Hady Habib,16,40.37%,44,109,0.53,2.66,6.81,1.07,2.75,65.38%,85,130,0.64,3.17,8.12,1.1,2.81
all,73,Hamad Medjedovic,35,37.38%,80,214,0.48,2.4,6.11,0.9,2.29,67.09%,157,234,0.54,2.63,6.69,0.87,2.2
all,332,Hamish Stewart,26,35.71%,65,182,0.63,2.98,7,1.07,2.5,55.83%,67,120,0.42,1.97,4.62,0.87,2.04
all,255,Harold Mayot,35,37.46%,109,291,0.76,3.55,8.31,1.33,3.11,54.90%,112,204,0.54,2.49,5.83,1.12,2.63
all,205,Harry Wendelken,47,42.05%,172,409,0.76,3.59,8.7,1.51,3.66,58.76%,208,354,0.67,3.11,7.53,1.28,3.11
all,309,Hayato Matsuoka,38,38.02%,92,242,0.57,2.78,6.37,1.06,2.42,58.40%,139,238,0.56,2.74,6.26,1.14,2.61
all,214,Henri Squire,55,37.90%,155,409,0.66,3.17,7.44,1.2,2.82,61.04%,224,367,0.59,2.84,6.67,1.11,2.6
all,123,Henrique Rocha,54,46.11%,178,386,0.63,3.09,7.15,1.42,3.3,57.14%,192,336,0.55,2.69,6.22,1.15,2.67
all,408,Henry Bernet,17,38.37%,33,86,0.42,1.95,5.06,0.75,1.94,57.81%,74,128,0.62,2.91,7.53,1.23,3.18
all,273,Henry Searle,19,39.45%,43,109,0.54,2.6,5.74,1.02,2.26,71.26%,62,87,0.43,2.07,4.58,0.6,1.32
all,409,Hernan Casanova,30,46.46%,105,226,0.77,3.48,7.53,1.62,3.5,53.93%,103,191,0.66,2.94,6.37,1.35,2.93
all,442,Hikaru Shiraishi,7,44.44%,20,45,0.49,2.5,6.43,1.11,2.86,65.15%,43,66,0.75,3.67,9.43,1.28,3.29
all,507,Hiroki Moriya,18,39.85%,53,133,0.64,3.09,7.39,1.23,2.94,58.45%,83,142,0.7,3.3,7.89,1.37,3.28
all,11,Holger Rune,15,43.64%,48,110,0.58,2.97,7.33,1.3,3.2,60.76%,48,79,0.42,2.14,5.27,0.84,2.07
all,18,Hubert Hurkacz,34,36.36%,76,209,0.45,2.27,6.15,0.83,2.24,67.54%,129,191,0.4,2.08,5.62,0.67,1.82
all,143,Hugo Dellien,45,40.64%,152,374,0.76,3.53,8.31,1.43,3.38,60.98%,200,328,0.65,3.09,7.29,1.21,2.84
all,109,Hugo Gaston,54,41.44%,167,403,0.67,3.05,7.46,1.27,3.09,62.32%,253,406,0.67,3.08,7.52,1.16,2.83
all,221,Hugo Grenier,33,44.95%,98,218,0.59,2.79,6.61,1.26,2.97,60.77%,127,209,0.58,2.68,6.33,1.05,2.48
all,644,Hyeon Chung,17,43.48%,60,138,0.78,3.63,8.12,1.58,3.53,54.05%,80,148,0.85,3.89,8.71,1.79,4
all,268,Hynek Barton,54,37.78%,150,397,0.61,3.01,7.35,1.14,2.78,61.88%,211,341,0.53,2.58,6.31,0.98,2.41
all,33,Ignacio Buse,61,43.08%,196,455,0.63,2.99,7.46,1.29,3.21,62.05%,278,448,0.61,2.95,7.34,1.12,2.79
all,693,Ignacio Monzon,8,44.90%,22,49,0.64,3.06,6.12,1.38,2.75,52.86%,37,70,0.93,4.38,8.75,2.06,4.12
all,318,Igor Marcondes,24,35.23%,62,176,0.64,3.09,7.33,1.09,2.58,57.24%,83,145,0.54,2.54,6.04,1.09,2.58
all,304,Ilia Simakin,41,40.08%,97,242,0.5,2.42,5.9,0.97,2.37,63.77%,176,276,0.56,2.76,6.73,1,2.44
all,406,Ilya Ivashka,26,39.23%,71,181,0.69,3.02,6.96,1.18,2.73,62.68%,89,142,0.54,2.37,5.46,0.88,2.04
all,272,Inaki Montes-De La Torre,37,42.62%,127,298,0.75,3.43,8.05,1.46,3.43,54.55%,150,275,0.69,3.16,7.43,1.44,3.38
all,351,Ioannis Xilas,27,43.46%,93,214,0.8,3.63,7.93,1.58,3.44,49.07%,105,214,0.8,3.63,7.93,1.85,4.04
all,263,Ivan Gakhov,29,44.86%,83,185,0.57,2.72,6.38,1.22,2.86,58.57%,147,251,0.77,3.69,8.66,1.53,3.59
all,584,Ivan Ivanov,15,35.48%,22,62,0.39,1.88,4.13,0.67,1.47,61.11%,88,144,0.93,4.36,9.6,1.7,3.73
all,369,Ivan Marrero Curbelo,15,39.20%,49,125,0.84,3.68,8.33,1.44,3.27,51.16%,44,86,0.6,2.53,5.73,1.24,2.8
all,585,Izan Almazan Valiente,6,34.88%,15,43,0.65,3.07,7.17,1.07,2.5,58.14%,25,43,0.65,3.07,7.17,1.29,3
all,563,J.J. Wolf,14,45.88%,39,85,0.52,2.58,6.07,1.18,2.79,55.22%,37,67,0.41,2.03,4.79,0.91,2.14
all,143,Jack Draper,15,43.02%,37,86,0.48,2.32,5.73,1,2.47,52.73%,29,55,0.3,1.49,3.67,0.7,1.73
all,389,Jack Kennedy,16,54.07%,73,135,0.73,3.46,8.44,1.87,4.56,51.41%,73,142,0.8,3.64,8.88,1.77,4.31
all,426,Jack Loge,5,47.83%,22,46,0.7,3.29,9.2,1.57,4.4,54.72%,29,53,0.79,3.79,10.6,1.71,4.8
all,172,Jack Pinnington Jones,33,44.39%,83,187,0.53,2.53,5.67,1.12,2.52,63.16%,132,209,0.6,2.82,6.33,1.04,2.33
all,86,Jacob Fearnley,47,40.96%,145,354,0.61,2.93,7.53,1.2,3.09,56.89%,194,341,0.59,2.82,7.26,1.21,3.13
all,307,Jacopo Berrettini,14,34.02%,33,97,0.64,2.94,6.93,1,2.36,44.57%,41,92,0.63,2.79,6.57,1.55,3.64
all,362,Jacopo Vasami,25,34.88%,45,129,0.51,2.39,5.16,0.83,1.8,62.42%,103,165,0.63,3.06,6.6,1.15,2.48
all,79,Jaime Faria,54,38.08%,171,449,0.65,3.16,8.31,1.2,3.17,55.28%,199,360,0.52,2.54,6.67,1.13,2.98
all,503,Jake Delaney,11,23.68%,9,38,0.32,1.52,3.45,0.36,0.82,63.89%,46,72,0.6,2.88,6.55,1.04,2.36
all,17,Jakub Mensik,50,34.10%,133,390,0.59,2.83,7.8,0.96,2.66,62.11%,177,285,0.42,2.07,5.7,0.78,2.16
all,522,Jakub Paul,8,42.25%,30,71,0.74,3.55,8.88,1.5,3.75,61.33%,46,75,0.79,3.75,9.38,1.45,3.62
all,94,James Duckworth,56,36.42%,126,346,0.53,2.54,6.18,0.93,2.25,72.39%,236,326,0.49,2.4,5.82,0.66,1.61
all,240,James McCabe,44,37.65%,93,247,0.51,2.49,5.61,0.94,2.11,60.75%,161,265,0.54,2.68,6.02,1.05,2.36
all,442,James Trotter,24,31.71%,39,123,0.44,2.12,5.12,0.67,1.62,60.94%,78,128,0.45,2.21,5.33,0.86,2.08
all,717,James Watt,6,29.27%,12,41,0.59,2.73,6.83,0.8,2,63.64%,28,44,0.59,2.93,7.33,1.07,2.67
all,931,Jamie Mackenzie,8,38.46%,20,52,0.55,2.6,6.5,1,2.5,57.14%,24,42,0.46,2.1,5.25,0.9,2.25
all,88,Jan Choinski,63,39.41%,186,472,0.64,3.08,7.49,1.22,2.95,63.03%,237,376,0.51,2.46,5.97,0.91,2.21
all,508,Jan Kumstat,15,43.30%,42,97,0.6,2.77,6.47,1.2,2.8,61.64%,45,73,0.45,2.09,4.87,0.8,1.87
all,42,Jan-Lennard Struff,49,36.97%,122,330,0.48,2.37,6.73,0.88,2.49,61.56%,205,333,0.49,2.4,6.8,0.92,2.61
all,1,Jannik Sinner,72,42.81%,253,591,0.72,3.27,8.21,1.4,3.51,70.95%,149,210,0.25,1.16,2.92,0.34,0.85
all,1107,Jason Jung,12,40.26%,31,77,0.6,2.75,6.42,1.11,2.58,45.56%,41,90,0.7,3.21,7.5,1.75,4.08
all,179,Jason Kubler,10,42.55%,20,47,0.51,2.14,4.7,0.91,2,48.72%,19,39,0.41,1.77,3.9,0.91,2
all,43,Jaume Munar,47,42.21%,130,308,0.57,2.7,6.55,1.14,2.77,60.07%,179,298,0.54,2.61,6.34,1.04,2.53
all,373,Javier Barranco Cosano,13,48.75%,39,80,0.66,2.96,6.15,1.44,3,58.10%,61,105,0.9,3.89,8.08,1.63,3.38
all,239,Jay Clarke,51,43.50%,174,400,0.69,3.23,7.84,1.4,3.41,62.92%,224,356,0.62,2.87,6.98,1.06,2.59
all,376,Jay Friend,28,38.14%,82,215,0.64,3.12,7.68,1.19,2.93,63.16%,108,171,0.51,2.48,6.11,0.91,2.25
all,501,Jelle Sels,21,37.40%,49,131,0.66,2.85,6.24,1.07,2.33,54.44%,92,169,0.84,3.67,8.05,1.67,3.67
all,1091,Jenson Brooksby,39,37.84%,98,259,0.58,2.78,6.64,1.05,2.51,57.09%,145,254,0.57,2.73,6.51,1.17,2.79
all,198,Jerome Kym,26,32.14%,54,168,0.44,2.33,6.46,0.75,2.08,61.59%,101,164,0.43,2.28,6.31,0.88,2.42
all,98,Jesper de Jong,43,42.06%,143,340,0.61,2.88,7.91,1.21,3.33,60.23%,206,342,0.6,2.9,7.95,1.15,3.16
all,470,Jie Cui,20,39.84%,49,123,0.51,2.51,6.15,1,2.45,51.24%,62,121,0.51,2.47,6.05,1.2,2.95
all,12,Jiri Lehecka,56,34.08%,121,355,0.53,2.54,6.34,0.86,2.16,66.53%,165,248,0.36,1.77,4.43,0.59,1.48
all,448,Joao Eduardo Schiessl,19,34.68%,43,124,0.65,2.95,6.53,1.02,2.26,56.38%,84,149,0.77,3.55,7.84,1.55,3.42
all,27,Joao Fonseca,42,42.07%,114,271,0.49,2.42,6.45,1.02,2.71,66.92%,174,260,0.47,2.32,6.19,0.77,2.05
all,259,Joao Lucas Reis Da Silva,48,42.86%,132,308,0.58,2.66,6.42,1.14,2.75,60.00%,216,360,0.68,3.1,7.5,1.24,3
all,582,Joaquin Aguilar Cardozo,15,45.95%,51,111,0.72,3.08,7.4,1.42,3.4,53.54%,68,127,0.81,3.53,8.47,1.64,3.93
all,183,Joel Schwaerzler,53,40.13%,122,304,0.5,2.41,5.74,0.97,2.3,65.66%,239,364,0.59,2.89,6.87,0.99,2.36
all,560,Johan Alexander Rodriguez,12,36.26%,33,91,0.71,3.37,7.58,1.22,2.75,63.10%,53,84,0.64,3.11,7,1.15,2.58
all,412,Johan Nikles,12,44.55%,45,101,0.8,3.48,8.42,1.55,3.75,57.76%,67,116,0.89,4,9.67,1.69,4.08
all,315,Johannus Monday,36,42.70%,76,178,0.44,2.12,4.94,0.9,2.11,67.72%,107,158,0.39,1.88,4.39,0.61,1.42
all,314,Jonas Forejtek,28,40.66%,74,182,0.56,2.68,6.5,1.09,2.64,64.29%,135,210,0.64,3.09,7.5,1.1,2.68
all,113,Jordan Thompson,15,29.00%,29,100,0.59,2.86,6.67,0.83,1.93,65.00%,52,80,0.48,2.29,5.33,0.8,1.87
all,678,Joshua Sheehy,6,26.92%,7,26,0.32,1.73,4.33,0.47,1.17,70.59%,24,34,0.42,2.27,5.67,0.67,1.67
all,765,Josip Simundza,5,60.00%,9,15,0.32,1.36,3,0.82,1.8,52.27%,23,44,0.9,4,8.8,1.91,4.2
all,801,Jozef Kovalik,5,53.57%,15,28,0.51,2.33,5.6,1.25,3,41.67%,15,36,0.64,3,7.2,1.75,4.2
all,276,Juan Bautista Torres,52,48.89%,221,452,0.78,3.65,8.69,1.78,4.25,55.46%,254,458,0.8,3.69,8.81,1.65,3.92
all,157,Juan Carlos Prado Angelo,58,42.18%,178,422,0.64,3.13,7.28,1.32,3.07,61.96%,303,489,0.74,3.62,8.43,1.38,3.21
all,457,Juan Cruz Martin Manzano,11,44.29%,31,70,0.57,2.59,6.36,1.15,2.82,54.74%,52,95,0.77,3.52,8.64,1.59,3.91
all,343,Juan Estevez,19,40.24%,68,169,0.79,3.76,8.89,1.51,3.58,54.11%,79,146,0.69,3.24,7.68,1.49,3.53
all,52,Juan Manuel Cerundolo,55,41.75%,162,388,0.59,2.81,7.05,1.17,2.95,61.58%,218,354,0.55,2.57,6.44,0.99,2.47
all,287,Juan Manuel La Serna,44,46.52%,174,374,0.78,3.53,8.5,1.64,3.95,56.83%,208,366,0.75,3.45,8.32,1.49,3.59
all,273,Juan Pablo Ficovich,38,45.02%,113,251,0.58,2.73,6.61,1.23,2.97,60.17%,139,231,0.53,2.51,6.08,1,2.42
all,274,Juan Pablo Varillas,54,45.01%,167,371,0.63,3.02,6.87,1.36,3.09,64.02%,258,403,0.7,3.28,7.46,1.18,2.69
all,562,Juan Sebastian Gomez,14,39.22%,40,102,0.68,3.19,7.29,1.25,2.86,41.49%,39,94,0.61,2.94,6.71,1.72,3.93
all,840,Juan Sebastian Osorio,5,27.78%,10,36,0.62,2.77,7.2,0.77,2,52.94%,18,34,0.57,2.62,6.8,1.23,3.2
all,270,Juncheng Shang,16,40.74%,33,81,0.41,1.98,5.06,0.8,2.06,62.50%,60,96,0.49,2.34,6,0.88,2.25
all,136,Jurij Rodionov,63,41.10%,180,438,0.62,2.92,6.95,1.2,2.86,61.72%,237,384,0.53,2.56,6.1,0.98,2.33
all,393,Justin Boulais,24,39.86%,57,143,0.57,2.7,5.96,1.08,2.38,59.38%,114,192,0.76,3.62,8,1.47,3.25
all,190,Justin Engel,45,37.55%,86,229,0.44,2.06,5.09,0.77,1.91,61.09%,190,311,0.58,2.8,6.91,1.09,2.69
all,259,Kaichi Uchida,38,43.58%,78,179,0.43,2.03,4.71,0.89,2.05,59.91%,130,217,0.52,2.47,5.71,0.99,2.29
all,117,Kamil Majchrzak,43,36.92%,103,279,0.51,2.51,6.49,0.93,2.4,64.64%,170,263,0.48,2.37,6.12,0.84,2.16
all,554,Karan Singh,20,30.00%,27,90,0.42,2,4.5,0.6,1.35,60.61%,80,132,0.63,2.93,6.6,1.16,2.6
all,39,Karen Khachanov,39,39.08%,102,261,0.48,2.35,6.69,0.92,2.62,65.87%,166,252,0.46,2.27,6.46,0.77,2.21
all,518,Karim Bennani,9,33.33%,15,45,0.44,1.96,5,0.65,1.67,54.90%,28,51,0.48,2.22,5.67,1,2.56
all,611,Karl Poling,14,40.00%,36,90,0.56,2.73,6.43,1.09,2.57,56.19%,59,105,0.65,3.18,7.5,1.39,3.29
all,421,Kasidit Samrej,15,33.78%,25,74,0.44,2.24,4.93,0.76,1.67,61.62%,61,99,0.59,3,6.6,1.15,2.53
all,664,Kaylan Bigun,9,33.33%,14,42,0.51,2.1,4.67,0.7,1.56,50.88%,29,57,0.69,2.85,6.33,1.4,3.11
all,831,Keegan Rice,10,51.43%,36,70,0.56,2.69,7,1.38,3.6,54.55%,54,99,0.78,3.81,9.9,1.73,4.5
all,209,Keegan Smith,45,38.91%,93,239,0.46,2.23,5.31,0.87,2.07,67.84%,173,255,0.48,2.38,5.67,0.77,1.82
all,721,Kei Nishikori,13,45.45%,35,77,0.54,2.48,5.92,1.13,2.69,45.16%,28,62,0.45,2,4.77,1.1,2.62
all,602,Kenta Miyoshi,13,43.70%,52,119,0.83,3.72,9.15,1.62,4,45.33%,34,75,0.51,2.34,5.77,1.28,3.15
all,1340,Khololwam Montsi,5,44.00%,22,50,0.88,4.17,10,1.83,4.4,55.56%,20,36,0.63,3,7.2,1.33,3.2
all,520,Khumoyun Sultanov,5,21.05%,4,19,0.45,2.11,3.8,0.44,0.8,48.15%,13,27,0.6,3,5.4,1.56,2.8
all,242,Kilian Feldbausch,39,46.22%,165,357,0.85,3.97,9.15,1.83,4.23,57.46%,154,268,0.66,2.98,6.87,1.27,2.92
all,199,Kimmer Coppejans,52,42.04%,214,509,0.87,4.1,9.79,1.73,4.12,56.94%,238,418,0.72,3.37,8.04,1.45,3.46
all,478,Koki Matsuda,8,42.00%,21,50,0.54,2.63,6.25,1.11,2.62,66.13%,41,62,0.69,3.26,7.75,1.11,2.62
all,534,Kokoro Isomura,16,37.33%,28,75,0.45,2.08,4.69,0.78,1.75,61.42%,78,127,0.75,3.53,7.94,1.36,3.06
all,962,Kriish Tyagi,6,42.50%,17,40,0.56,2.86,6.67,1.21,2.83,53.85%,21,39,0.56,2.79,6.5,1.29,3
all,270,Kyrian Jacquet,40,40.81%,131,321,0.68,3.18,8.03,1.3,3.27,60.00%,153,255,0.53,2.52,6.38,1.01,2.55
all,221,Laslo Djere,33,35.29%,84,238,0.65,3.22,7.21,1.14,2.55,54.84%,102,186,0.51,2.51,5.64,1.14,2.55
all,473,Laurent Lokoli,18,39.20%,49,125,0.63,2.91,6.94,1.14,2.72,60.90%,95,156,0.79,3.63,8.67,1.42,3.39
all,213,Lautaro Midon,55,45.95%,210,457,0.71,3.34,8.31,1.53,3.82,55.13%,258,468,0.73,3.42,8.51,1.53,3.82
all,117,Leandro Riedi,25,35.44%,73,206,0.78,3.49,8.24,1.24,2.92,64.19%,95,148,0.55,2.51,5.92,0.9,2.12
all,19,Learner Tien,57,41.51%,181,436,0.61,2.78,7.65,1.15,3.18,59.35%,238,401,0.55,2.55,7.04,1.04,2.86
all,549,Leo Borg,8,42.00%,21,50,0.6,2.63,6.25,1.11,2.62,47.37%,27,57,0.7,3,7.12,1.58,3.75
all,646,Leo Raquillet,7,44.74%,17,38,0.47,2.24,5.43,1,2.43,49.15%,29,59,0.74,3.47,8.43,1.76,4.29
all,651,Leo Vithoontien,7,39.39%,13,33,0.43,2.06,4.71,0.81,1.86,62.50%,25,40,0.51,2.5,5.71,0.94,2.14
all,350,Li Tu,21,34.48%,40,116,0.47,2.42,5.52,0.83,1.9,59.82%,67,112,0.46,2.33,5.33,0.94,2.14
all,202,Liam Broady,41,41.33%,143,346,0.79,3.6,8.44,1.49,3.49,58.82%,140,238,0.54,2.48,5.8,1.02,2.39
all,246,Liam Draxl,39,36.88%,111,301,0.73,3.38,7.72,1.25,2.85,56.09%,129,230,0.56,2.58,5.9,1.13,2.59
all,298,Lilian Marmousez,12,51.95%,40,77,0.55,2.57,6.42,1.33,3.33,50.00%,39,78,0.56,2.6,6.5,1.3,3.25
all,186,Lloyd Harris,24,42.01%,71,169,0.62,2.96,7.04,1.25,2.96,60.83%,73,120,0.45,2.11,5,0.82,1.96
all,593,Lorenzo Angelini,6,54.35%,25,46,0.75,3.29,7.67,1.79,4.17,52.38%,33,63,1.05,4.5,10.5,2.14,5
all,477,Lorenzo Carboni,17,36.97%,44,119,0.68,3.05,7,1.13,2.59,46.34%,57,123,0.72,3.15,7.24,1.69,3.88
all,201,Lorenzo Giustino,52,40.63%,154,379,0.67,3.13,7.29,1.27,2.96,61.07%,229,375,0.65,3.1,7.21,1.21,2.81
all,454,Lorenzo Joaquin Rodriguez,21,35.46%,50,141,0.67,3.07,6.71,1.09,2.38,57.36%,74,129,0.61,2.8,6.14,1.2,2.62
all,13,Lorenzo Musetti,50,40.87%,132,323,0.57,2.69,6.46,1.1,2.64,64.34%,166,258,0.46,2.15,5.16,0.77,1.84
all,88,Lorenzo Sonego,37,34.62%,81,234,0.47,2.29,6.32,0.79,2.19,64.00%,160,250,0.5,2.45,6.76,0.88,2.43
all,539,Louis Wessels,7,37.50%,12,32,0.46,1.88,4.57,0.71,1.71,63.46%,33,52,0.75,3.06,7.43,1.12,2.71
all,435,Luca Castelnuovo,15,29.35%,27,92,0.51,2.56,6.13,0.75,1.8,61.17%,63,103,0.58,2.86,6.87,1.11,2.67
all,173,Luca Nardi,29,38.60%,83,215,0.64,3.07,7.41,1.19,2.86,64.76%,147,227,0.68,3.24,7.83,1.14,2.76
all,425,Luca Potenza,13,35.05%,34,97,0.73,3.73,7.46,1.31,2.62,51.19%,43,84,0.63,3.23,6.46,1.58,3.15
all,589,Luca Staeheli,5,44.44%,16,36,0.64,3,7.2,1.33,3.2,60.00%,27,45,0.8,3.75,9,1.5,3.6
all,129,Luca Van Assche,52,49.88%,206,413,0.68,3.13,7.94,1.56,3.96,62.92%,246,391,0.64,2.96,7.52,1.1,2.79
all,813,Lucas Andrade Da Silva,6,25.00%,10,40,0.56,2.86,6.67,0.71,1.67,50.00%,13,26,0.38,1.86,4.33,0.93,2.17
all,439,Lucas Poullain,15,36.46%,35,96,0.63,3,6.4,1.09,2.33,51.67%,62,120,0.78,3.75,8,1.81,3.87
all,22,Luciano Darderi,63,42.33%,185,437,0.59,2.82,6.94,1.19,2.94,60.05%,239,398,0.54,2.57,6.32,1.03,2.52
all,311,Luciano Emanuel Ambrogi,38,48.15%,117,243,0.58,2.67,6.39,1.29,3.08,56.13%,151,269,0.65,2.96,7.08,1.3,3.11
all,380,Lucio Ratti,14,37.14%,39,105,0.71,3.18,7.5,1.18,2.79,57.45%,54,94,0.64,2.85,6.71,1.21,2.86
all,405,Lui Maxted,6,40.74%,11,27,0.39,1.8,4.5,0.73,1.83,67.35%,33,49,0.73,3.27,8.17,1.07,2.67
all,195,Luka Mikrut,38,44.37%,130,293,0.68,3.12,7.71,1.38,3.42,63.41%,156,246,0.56,2.62,6.47,0.96,2.37
all,208,Luka Pavlovic,42,38.43%,83,216,0.46,2.14,5.14,0.82,1.98,62.98%,182,289,0.62,2.86,6.88,1.06,2.55
all,150,Lukas Klein,14,34.29%,24,70,0.44,2.19,5,0.75,1.71,59.70%,40,67,0.42,2.09,4.79,0.84,1.93
all,173,Lukas Neumayer,50,42.13%,166,394,0.73,3.43,7.88,1.44,3.32,60.96%,203,333,0.62,2.9,6.66,1.13,2.6
all,597,Lukas Pokorny,6,41.30%,19,46,0.68,3.07,7.67,1.27,3.17,62.75%,32,51,0.74,3.4,8.5,1.27,3.17
all,145,Mackenzie McDonald,34,40.11%,73,182,0.46,2.27,5.35,0.91,2.15,57.22%,111,194,0.51,2.42,5.71,1.04,2.44
all,518,Mae Malige,13,45.07%,32,71,0.56,2.54,5.46,1.14,2.46,58.95%,56,95,0.73,3.39,7.31,1.39,3
all,233,Maks Kasnikowski,41,42.54%,114,268,0.58,2.71,6.54,1.15,2.78,57.45%,135,235,0.52,2.37,5.73,1.01,2.44
all,372,Manas Dhamne,28,42.66%,93,218,0.66,3.25,7.79,1.39,3.32,56.52%,117,207,0.63,3.09,7.39,1.34,3.21
all,737,Manish Sureshkumar,7,33.33%,11,33,0.49,2.2,4.71,0.73,1.57,56.25%,27,48,0.74,3.2,6.86,1.4,3
all,381,Marat Sharipov,29,36.36%,72,198,0.62,3,6.83,1.09,2.48,58.76%,104,177,0.54,2.68,6.1,1.11,2.52
all,366,Marc Polmans,14,36.71%,29,79,0.49,2.32,5.64,0.85,2.07,61.90%,65,105,0.64,3.09,7.5,1.18,2.86
all,297,Marc-Andrea Huesler,32,29.94%,53,177,0.48,2.36,5.53,0.71,1.66,66.48%,117,176,0.47,2.35,5.5,0.79,1.84
all,174,Marco Cecchinato,68,38.60%,188,487,0.65,3.06,7.16,1.18,2.76,63.21%,280,443,0.57,2.79,6.51,1.03,2.4
all,95,Marco Trungelliti,57,37.72%,195,517,0.77,3.75,9.07,1.41,3.42,62.43%,236,378,0.56,2.74,6.63,1.03,2.49
all,45,Marcos Giron,50,39.87%,126,316,0.48,2.41,6.32,0.96,2.52,63.69%,200,314,0.48,2.4,6.28,0.87,2.28
all,336,Marek Gengel,28,42.42%,84,198,0.64,2.96,7.07,1.25,3,56.19%,109,194,0.63,2.9,6.93,1.27,3.04
all,624,Mariano Kestelboim,9,60.71%,17,28,0.33,1.47,3.11,0.89,1.89,48.61%,35,72,0.87,3.79,8,1.95,4.11
all,46,Mariano Navone,61,43.32%,243,561,0.78,3.72,9.2,1.61,3.98,56.00%,238,425,0.59,2.81,6.97,1.24,3.07
all,182,Marin Cilic,39,39.02%,64,164,0.36,1.82,4.21,0.71,1.64,60.95%,128,210,0.46,2.33,5.38,0.91,2.1
all,189,Mark Lajal,60,40.09%,170,424,0.58,2.85,7.07,1.14,2.83,63.85%,249,390,0.53,2.62,6.5,0.95,2.35
all,348,Marko Topo,28,39.52%,66,167,0.52,2.46,5.96,0.97,2.36,58.91%,119,202,0.64,2.97,7.21,1.22,2.96
all,326,Martin Damm,49,33.85%,88,260,0.43,2.2,5.31,0.75,1.8,67.13%,145,216,0.36,1.83,4.41,0.6,1.45
all,261,Martin Krumich,38,41.05%,133,324,0.72,3.48,8.53,1.43,3.5,52.81%,141,267,0.6,2.87,7.03,1.35,3.32
all,143,Martin Landaluce,56,39.95%,149,373,0.55,2.59,6.66,1.03,2.66,64.13%,236,368,0.56,2.56,6.57,0.92,2.36
all,100,Marton Fucsovics,40,36.40%,103,283,0.62,3.01,7.08,1.1,2.58,59.75%,141,236,0.53,2.51,5.9,1.01,2.38
all,372,Marvin Moeller,16,40.94%,52,127,0.72,3.34,7.94,1.37,3.25,55.66%,59,106,0.6,2.79,6.62,1.24,2.94
all,418,Masamichi Imamura,19,44.72%,55,123,0.65,3,6.47,1.34,2.89,48.44%,62,128,0.68,3.12,6.74,1.61,3.47
all,425,Massimo Giunta,8,38.46%,15,39,0.38,1.95,4.88,0.75,1.88,72.88%,43,59,0.57,2.95,7.38,0.8,2
all,254,Matej Dodig,49,38.91%,121,311,0.56,2.64,6.35,1.03,2.47,60.25%,191,317,0.57,2.69,6.47,1.07,2.57
all,548,Mateus Alves,13,34.29%,24,70,0.52,2.33,5.38,0.8,1.85,55.21%,53,96,0.72,3.2,7.38,1.43,3.31
all,297,Matheus Pucinelli De Almeida,39,50.90%,170,334,0.79,3.59,8.56,1.83,4.36,57.14%,172,301,0.7,3.24,7.72,1.39,3.31
all,377,Mathys Erhard,38,40.45%,89,220,0.55,2.65,5.79,1.07,2.34,58.97%,138,234,0.59,2.82,6.16,1.16,2.53
all,296,Matias Soto,44,44.44%,124,279,0.6,2.76,6.34,1.23,2.82,59.74%,187,313,0.67,3.1,7.11,1.25,2.86
all,298,Mats Rosenkranz,33,48.66%,91,187,0.56,2.63,5.67,1.28,2.76,66.12%,121,183,0.55,2.58,5.55,0.87,1.88
all,748,Matt Kuhar,5,50.00%,13,26,0.55,2.36,5.2,1.18,2.6,47.37%,18,38,0.79,3.45,7.6,1.82,4
all,35,Matteo Arnaldi,31,37.16%,97,261,0.6,2.93,8.42,1.09,3.13,59.83%,143,239,0.55,2.69,7.71,1.08,3.1
all,35,Matteo Berrettini,46,40.24%,99,246,0.43,2.16,5.35,0.87,2.15,65.78%,148,225,0.39,1.97,4.89,0.68,1.67
all,280,Matteo Martineau,42,39.82%,88,221,0.47,2.26,5.26,0.9,2.1,62.98%,182,289,0.61,2.95,6.88,1.09,2.55
all,448,Matthew Dellavedova,8,42.86%,18,42,0.52,2.21,5.25,0.95,2.25,45.16%,28,62,0.78,3.26,7.75,1.79,4.25
all,499,Matthew William Donald,5,45.71%,16,35,0.66,3.18,7,1.45,3.2,47.22%,17,36,0.72,3.27,7.2,1.73,3.8
all,101,Mattia Bellucci,49,41.83%,110,263,0.49,2.37,5.37,0.99,2.24,62.46%,183,293,0.55,2.64,5.98,0.99,2.24
all,700,Matyas Cerny,7,35.09%,20,57,0.72,3.17,8.14,1.11,2.86,38.46%,15,39,0.51,2.17,5.57,1.33,3.43
all,704,Matyas Fuele,5,42.11%,16,38,0.63,2.92,7.6,1.23,3.2,53.66%,22,41,0.71,3.15,8.2,1.46,3.8
all,181,Max Alcala Gurri,32,46.08%,141,306,0.92,4.19,9.56,1.93,4.41,52.02%,103,198,0.61,2.71,6.19,1.3,2.97
all,257,Max Basing,16,33.58%,46,137,0.74,3.34,8.56,1.12,2.88,59.18%,87,147,0.78,3.59,9.19,1.46,3.75
all,1378,Max Dahlin,5,25.00%,9,36,0.49,2.57,7.2,0.64,1.8,54.17%,13,24,0.33,1.71,4.8,0.79,2.2
all,339,Max Hans Rehberg,23,44.68%,63,141,0.53,2.56,6.13,1.15,2.74,71.74%,99,138,0.53,2.51,6,0.71,1.7
all,241,Max Houkes,27,43.78%,81,185,0.63,2.94,6.85,1.29,3,59.63%,130,218,0.75,3.46,8.07,1.4,3.26
all,310,Max Schoenhaus,19,40.00%,50,125,0.57,2.72,6.58,1.09,2.63,56.80%,71,125,0.55,2.72,6.58,1.17,2.84
all,554,Max Wiskandt,20,34.46%,51,148,0.69,3.15,7.4,1.09,2.55,46.32%,63,136,0.61,2.89,6.8,1.55,3.65
all,304,Maxim Mrva,51,48.79%,202,414,0.71,3.39,8.12,1.66,3.96,50.12%,214,427,0.74,3.5,8.37,1.75,4.18
all,211,Maxim Zhukov,5,31.71%,13,41,0.72,3.42,8.2,1.08,2.6,59.62%,31,52,0.93,4.33,10.4,1.75,4.2
all,488,Maxime Chazal,11,36.84%,21,57,0.47,2.28,5.18,0.84,1.91,62.03%,49,79,0.68,3.16,7.18,1.2,2.73
all,572,Maxime Janvier,13,36.62%,26,71,0.49,2.37,5.46,0.87,2,60.58%,63,104,0.71,3.47,8,1.37,3.15
all,832,Maximilian Neuchrist,7,22.22%,4,18,0.21,1.06,2.57,0.24,0.57,60.47%,26,43,0.53,2.53,6.14,1,2.43
all,625,Maximo Zeitune,11,39.29%,22,56,0.46,2.15,5.09,0.85,2,55.43%,51,92,0.77,3.54,8.36,1.58,3.73
all,419,Maximus Jones,33,42.15%,94,223,0.57,2.69,6.76,1.13,2.85,62.18%,171,275,0.69,3.31,8.33,1.25,3.15
all,542,Maxwell Mckennon,6,17.24%,5,29,0.55,2.42,4.83,0.42,0.83,58.54%,24,41,0.8,3.42,6.83,1.42,2.83
all,471,Mees Rottgering,11,48.08%,25,52,0.46,2,4.73,0.96,2.27,58.54%,48,82,0.73,3.15,7.45,1.31,3.09
all,298,Mert Alkaya,25,42.51%,71,167,0.62,2.83,6.68,1.2,2.84,59.86%,88,147,0.52,2.49,5.88,1,2.36
all,794,Micah Braswell,7,36.00%,18,50,0.67,2.94,7.14,1.06,2.57,44.19%,19,43,0.59,2.53,6.14,1.41,3.43
all,690,Michael Bassem Sobhy,5,35.71%,10,28,0.47,2.33,5.6,0.83,2,58.33%,21,36,0.62,3,7.2,1.25,3
all,342,Michael Geerts,38,39.82%,88,221,0.53,2.54,5.82,1.01,2.32,62.83%,142,226,0.55,2.6,5.95,0.97,2.21
all,187,Michael Mmoh,44,44.63%,133,298,0.63,3.04,6.77,1.36,3.02,60.23%,159,264,0.55,2.69,6,1.07,2.39
all,744,Michael Vrbensky,6,35.29%,12,34,0.54,2.43,5.67,0.86,2,55.56%,25,45,0.73,3.21,7.5,1.43,3.33
all,754,Michael Zheng,31,42.63%,107,251,0.66,3.18,8.1,1.35,3.45,63.68%,135,212,0.56,2.68,6.84,0.97,2.48
all,267,Michele Ribecai,29,48.02%,97,202,0.62,2.85,6.97,1.37,3.34,59.92%,142,237,0.73,3.34,8.17,1.34,3.28
all,286,Miguel Damas,44,43.49%,147,338,0.73,3.35,7.68,1.46,3.34,53.12%,196,369,0.78,3.65,8.39,1.71,3.93
all,473,Miguel Tobon,30,41.14%,72,175,0.51,2.36,5.83,0.97,2.4,56.72%,135,238,0.7,3.22,7.93,1.39,3.43
all,415,Mika Brunold,27,41.18%,84,204,0.65,3.19,7.56,1.31,3.11,56.18%,100,178,0.58,2.78,6.59,1.22,2.89
all,434,Mika Petkovic,8,38.30%,18,47,0.51,2.47,5.88,0.95,2.25,54.93%,39,71,0.77,3.74,8.88,1.68,4
all,281,Mikhail Kukushkin,40,40.00%,108,270,0.61,2.93,6.75,1.17,2.7,57.35%,121,211,0.49,2.29,5.28,0.98,2.25
all,352,Mili Poljicak,32,36.82%,95,258,0.74,3.39,8.06,1.25,2.97,57.35%,117,204,0.58,2.68,6.38,1.14,2.72
all,714,Millen Hurrion,5,25.00%,5,20,0.38,1.82,4,0.45,1,40.00%,12,30,0.57,2.73,6,1.64,3.6
all,461,Milos Karol,18,40.52%,47,116,0.51,2.52,6.44,1.02,2.61,64.55%,71,110,0.47,2.39,6.11,0.85,2.17
all,55,Miomir Kecmanovic,54,39.89%,148,371,0.54,2.63,6.87,1.05,2.74,62.23%,234,376,0.55,2.67,6.96,1.01,2.63
all,497,Mirza Basic,5,46.67%,14,30,0.57,2.73,6,1.27,2.8,50.00%,15,30,0.6,2.73,6,1.36,3
all,364,Mitchell Krueger,31,40.33%,98,243,0.68,3.28,7.84,1.32,3.16,59.14%,110,186,0.54,2.51,6,1.03,2.45
all,545,Mitsuki Wei Kang Leong,12,37.84%,28,74,0.56,2.64,6.17,1,2.33,60.22%,56,93,0.7,3.32,7.75,1.32,3.08
all,425,Moerani Bouzige,18,33.33%,24,72,0.39,1.8,4,0.6,1.33,54.46%,61,112,0.62,2.8,6.22,1.27,2.83
all,151,Moez Echargui,36,37.89%,86,227,0.58,2.73,6.31,1.04,2.39,56.72%,114,201,0.5,2.42,5.58,1.05,2.42
all,213,Moise Kouame,21,33.33%,48,144,0.59,2.77,6.86,0.92,2.29,65.27%,109,167,0.7,3.21,7.95,1.12,2.76
all,517,Mukund Sasikumar,12,31.94%,23,72,0.51,2.57,6,0.82,1.92,54.55%,42,77,0.54,2.75,6.42,1.25,2.92
all,317,Murkel Dellien,41,41.99%,139,331,0.8,3.52,8.07,1.48,3.39,56.11%,170,303,0.74,3.22,7.39,1.41,3.24
all,285,Murphy Cassone,44,43.98%,106,241,0.49,2.3,5.48,1.01,2.41,65.31%,209,320,0.65,3.05,7.27,1.06,2.52
all,961,Naoya Honda,10,38.24%,26,68,0.64,2.83,6.8,1.08,2.6,54.24%,32,59,0.56,2.46,5.9,1.12,2.7
all,425,Neil Oberleitner,11,32.08%,17,53,0.49,2.3,4.82,0.74,1.55,52.31%,34,65,0.6,2.83,5.91,1.35,2.82
all,235,Nerman Fatic,27,39.52%,83,210,0.68,3.39,7.78,1.34,3.07,60.40%,122,202,0.67,3.26,7.48,1.29,2.96
all,267,Nick Hardt,19,54.55%,72,132,0.63,2.81,6.95,1.53,3.79,61.88%,99,160,0.77,3.4,8.42,1.3,3.21
all,131,Nicolai Budkov Kjaer,53,41.23%,134,325,0.6,2.6,6.13,1.07,2.53,57.47%,177,308,0.56,2.46,5.81,1.05,2.47
all,475,Nicolas Alvarez Varona,12,44.59%,33,74,0.58,2.55,6.17,1.14,2.75,51.81%,43,83,0.66,2.86,6.92,1.38,3.33
all,718,Nicolas Arseneault,5,50.00%,12,24,0.38,1.85,4.8,0.92,2.4,53.12%,17,32,0.52,2.46,6.4,1.15,3
all,155,Nicolas Jarry,11,29.58%,21,71,0.57,2.84,6.45,0.84,1.91,62.00%,31,50,0.42,2,4.55,0.76,1.73
all,369,Nicolas Kicker,44,50.71%,142,280,0.62,2.83,6.36,1.43,3.23,60.18%,201,334,0.75,3.37,7.59,1.34,3.02
all,223,Nicolas Mejia,61,37.56%,163,434,0.64,3.06,7.11,1.15,2.67,65.14%,284,436,0.63,3.07,7.15,1.07,2.49
all,544,Nicolas Moreno De Alboran,6,28.00%,7,25,0.39,1.92,4.17,0.54,1.17,62.50%,20,32,0.48,2.46,5.33,0.92,2
all,664,Nicolas Villalon,9,44.05%,37,84,0.74,3.65,9.33,1.61,4.11,59.52%,50,84,0.76,3.65,9.33,1.48,3.78
all,802,Nicolas Zanellato,5,42.42%,14,33,0.54,2.54,6.6,1.08,2.8,40.00%,18,45,0.74,3.46,9,2.08,5.4
all,509,Niels McDonald,13,39.39%,39,99,0.7,3.41,7.62,1.34,3,60.00%,66,110,0.77,3.79,8.46,1.52,3.38
all,439,Niels Visker,19,25.58%,22,86,0.43,2.1,4.53,0.54,1.16,65.26%,62,95,0.47,2.32,5,0.8,1.74
all,214,Nikolas Sanchez Izquierdo,63,39.50%,220,557,0.8,3.76,8.84,1.49,3.49,54.17%,221,408,0.59,2.76,6.48,1.26,2.97
all,494,Nikolay Vylegzhanin,5,46.88%,15,32,0.67,2.91,6.4,1.36,3,57.89%,22,38,0.78,3.45,7.6,1.45,3.2
all,133,Nikoloz Basilashvili,32,37.17%,71,191,0.53,2.58,5.97,0.96,2.22,59.73%,135,226,0.62,3.05,7.06,1.23,2.84
all,148,Nishesh Basavareddy,32,42.40%,92,217,0.61,2.61,6.78,1.11,2.88,60.59%,123,203,0.56,2.45,6.34,0.96,2.5
all,423,Norbert Gombos,33,37.13%,75,202,0.55,2.56,6.12,0.95,2.27,55.70%,127,228,0.63,2.89,6.91,1.28,3.06
all,8,Novak Djokovic,32,41.27%,104,252,0.52,2.4,7.88,0.99,3.25,69.86%,153,219,0.44,2.09,6.84,0.63,2.06
all,36,Nuno Borges,61,35.60%,136,382,0.51,2.55,6.26,0.91,2.23,64.71%,231,357,0.48,2.38,5.85,0.84,2.07
all,357,Ognjen Milic,22,40.44%,55,136,0.57,2.57,6.18,1.04,2.5,58.33%,84,144,0.59,2.72,6.55,1.13,2.73
all,507,Olaf Pieczkowski,5,41.67%,10,24,0.53,2.4,4.8,1,2,75.00%,30,40,0.91,4,8,1,2
all,400,Oleg Prihodko,21,45.76%,54,118,0.53,2.51,5.62,1.15,2.57,62.76%,91,145,0.65,3.09,6.9,1.15,2.57
all,237,Oliver Crawford,43,43.66%,124,284,0.53,2.63,6.6,1.15,2.88,62.92%,168,267,0.49,2.47,6.21,0.92,2.3
all,348,Oliver Tarvet,18,38.39%,43,112,0.55,2.6,6.22,1,2.39,58.54%,72,123,0.6,2.86,6.83,1.19,2.83
all,386,Olle Wallin,23,39.55%,53,134,0.53,2.44,5.83,0.96,2.3,57.41%,93,162,0.67,2.95,7.04,1.25,3
all,520,Omar Jasika,19,34.48%,40,116,0.53,2.52,6.11,0.87,2.11,60.69%,105,173,0.79,3.76,9.11,1.48,3.58
all,1215,Orel Kimhi,7,43.14%,22,51,0.75,3.64,7.29,1.57,3.14,50.00%,29,58,0.84,4.14,8.29,2.07,4.14
all,319,Oriol Roca Batalla,12,33.85%,22,65,0.5,2.5,5.42,0.85,1.83,56.94%,41,72,0.55,2.77,6,1.19,2.58
all,115,Otto Virtanen,51,39.04%,130,333,0.54,2.71,6.53,1.06,2.55,64.20%,165,257,0.42,2.09,5.04,0.75,1.8
all,184,Pablo Carreno Busta,62,41.53%,206,496,0.66,3.1,8,1.29,3.32,58.00%,232,400,0.53,2.5,6.45,1.05,2.71
all,129,Pablo Llamas Ruiz,51,41.28%,161,390,0.69,3.22,7.65,1.33,3.16,61.20%,183,299,0.53,2.47,5.86,0.96,2.27
all,113,Patrick Kypson,37,45.62%,99,217,0.49,2.36,5.86,1.08,2.68,64.53%,131,203,0.46,2.21,5.49,0.78,1.95
all,781,Patrick Maloney,5,37.50%,9,24,0.5,2.18,4.8,0.82,1.8,56.76%,21,37,0.77,3.36,7.4,1.45,3.2
all,401,Patrick Zahraj,23,38.36%,56,146,0.59,2.86,6.35,1.1,2.43,57.94%,124,214,0.89,4.2,9.3,1.76,3.91
all,679,Paul Inchauspe,9,38.89%,21,54,0.52,2.45,6,0.95,2.33,72.88%,43,59,0.57,2.68,6.56,0.73,1.78
all,325,Paul Jubb,16,38.16%,58,152,0.8,3.8,9.5,1.45,3.62,52.42%,65,124,0.65,3.1,7.75,1.48,3.69
all,503,Paulo Andre Saraiva Dos Santos,16,38.52%,47,122,0.62,2.98,7.62,1.15,2.94,55.74%,68,122,0.63,2.98,7.62,1.32,3.38
all,243,Pavel Kotov,35,35.09%,80,228,0.59,2.75,6.51,0.96,2.29,61.27%,106,173,0.45,2.08,4.94,0.81,1.91
all,528,Pavle Marinkov,8,48.57%,17,35,0.38,1.75,4.38,0.85,2.12,47.46%,28,59,0.67,2.95,7.38,1.55,3.88
all,1025,Pavlos Tsitsipas,6,36.59%,15,41,0.57,2.73,6.83,1,2.5,50.00%,26,52,0.71,3.47,8.67,1.73,4.33
all,594,Pedro Araujo,5,39.39%,13,33,0.67,3,6.6,1.18,2.6,41.67%,20,48,0.92,4.36,9.6,2.55,5.6
all,256,Pedro Boscardin Dias,47,46.05%,140,304,0.6,2.81,6.47,1.3,2.98,55.44%,209,377,0.75,3.49,8.02,1.56,3.57
all,148,Pedro Martinez,44,39.16%,130,332,0.69,3.22,7.55,1.26,2.95,55.45%,168,303,0.64,2.94,6.89,1.31,3.07
all,496,Pedro Sakamoto,19,42.62%,52,122,0.57,2.77,6.42,1.18,2.74,62.30%,119,191,0.89,4.34,10.05,1.64,3.79
all,530,Pedro Vives Marcos,5,41.67%,10,24,0.63,2.67,4.8,1.11,2,61.76%,21,34,0.85,3.78,6.8,1.44,2.6
all,787,Peter Bertran,7,41.30%,19,46,0.61,2.71,6.57,1.12,2.71,62.75%,32,51,0.69,3,7.29,1.12,2.71
all,567,Peter Fajta,6,37.21%,16,43,0.7,3.31,7.17,1.23,2.67,51.43%,18,35,0.55,2.69,5.83,1.31,2.83
all,558,Peter Makk,5,36.00%,9,25,0.43,2.08,5,0.75,1.8,47.06%,16,34,0.59,2.83,6.8,1.5,3.6
all,285,Petr Bar Biryukov,36,37.36%,65,174,0.41,1.98,4.83,0.74,1.81,63.49%,160,252,0.59,2.86,7,1.05,2.56
all,340,Petr Brunclik,38,39.07%,118,302,0.76,3.47,7.95,1.36,3.11,62.72%,143,228,0.58,2.62,6,0.98,2.24
all,396,Petr Nesterov,13,41.94%,39,93,0.66,3.1,7.15,1.3,3,58.82%,50,85,0.6,2.83,6.54,1.17,2.69
all,295,Philip Henning,24,39.30%,79,201,0.81,3.59,8.38,1.41,3.29,63.74%,116,182,0.74,3.25,7.58,1.18,2.75
all,301,Philip Sekulic,38,45.28%,96,212,0.5,2.41,5.58,1.09,2.53,59.52%,172,289,0.68,3.28,7.61,1.33,3.08
all,839,Pierluigi Basile,12,45.00%,27,60,0.48,2.14,5,0.96,2.25,60.00%,57,95,0.76,3.39,7.92,1.36,3.17
all,232,Pierre-Hugues Herbert,22,37.50%,54,144,0.54,2.67,6.55,1,2.45,63.87%,99,155,0.57,2.87,7.05,1.04,2.55
all,446,Pietro Fellin,15,37.89%,36,95,0.68,3.06,6.33,1.16,2.4,55.66%,59,106,0.76,3.42,7.07,1.52,3.13
all,222,Pol Martin Tiffon,45,36.12%,121,335,0.66,3.13,7.44,1.13,2.69,61.64%,196,318,0.64,2.97,7.07,1.14,2.71
all,83,Quentin Halys,46,34.57%,84,243,0.45,2.19,5.28,0.76,1.83,65.41%,174,266,0.48,2.4,5.78,0.83,2
all,466,Quinn Vandecasteele,13,29.07%,25,86,0.64,3.19,6.62,0.93,1.92,64.52%,60,93,0.67,3.44,7.15,1.22,2.54
all,519,Radu Albot,23,37.56%,74,197,0.81,3.79,8.57,1.42,3.22,57.14%,116,203,0.83,3.9,8.83,1.67,3.78
all,15,Rafael Jodar,82,45.02%,294,653,0.74,3.27,7.96,1.47,3.59,62.70%,274,437,0.48,2.19,5.33,0.81,1.99
all,38,Raphael Collignon,69,41.00%,180,439,0.54,2.66,6.36,1.09,2.61,63.10%,224,355,0.43,2.15,5.14,0.79,1.9
all,410,Raphael Perot,12,37.50%,30,80,0.59,2.76,6.67,1.03,2.5,55.13%,43,78,0.58,2.69,6.5,1.21,2.92
all,231,Raul Brancaccio,40,38.70%,113,292,0.66,3.07,7.3,1.19,2.83,59.34%,162,273,0.62,2.87,6.83,1.17,2.77
all,538,Reda Bennani,5,34.78%,8,23,0.35,1.77,4.6,0.62,1.6,67.50%,27,40,0.65,3.08,8,1,2.6
all,150,Rei Sakamoto,35,39.39%,78,198,0.5,2.41,5.66,0.95,2.23,61.33%,111,181,0.47,2.21,5.17,0.85,2
all,76,Reilly Opelka,21,23.64%,13,55,0.21,1.1,2.62,0.26,0.62,71.28%,67,94,0.35,1.88,4.48,0.54,1.29
all,182,Remy Bertola,48,37.59%,106,282,0.56,2.59,5.88,0.97,2.21,60.30%,199,330,0.63,3.03,6.88,1.2,2.73
all,330,Renta Tokuda,19,40.19%,43,107,0.5,2.33,5.63,0.93,2.26,56.55%,82,145,0.69,3.15,7.63,1.37,3.32
all,836,Rigele Te,6,36.00%,9,25,0.38,1.79,4.17,0.64,1.5,63.49%,40,63,0.94,4.5,10.5,1.64,3.83
all,93,Rinky Hijikata,54,42.99%,144,335,0.53,2.54,6.2,1.09,2.67,61.21%,232,379,0.59,2.87,7.02,1.11,2.72
all,216,Rio Noguchi,53,46.11%,172,373,0.65,3.11,7.04,1.43,3.25,56.36%,195,346,0.61,2.88,6.53,1.26,2.85
all,476,Robert Strombachs,18,37.19%,45,121,0.57,2.81,6.72,1.05,2.5,57.63%,68,118,0.55,2.74,6.56,1.16,2.78
all,183,Roberto Bautista Agut,26,35.00%,49,140,0.47,2.3,5.38,0.8,1.88,54.75%,98,179,0.61,2.93,6.88,1.33,3.12
all,176,Roberto Carballes Baena,40,40.34%,119,295,0.66,3.01,7.38,1.21,2.98,58.33%,154,264,0.59,2.69,6.6,1.12,2.75
all,284,Robin Bertrand,28,41.23%,94,228,0.73,3.51,8.14,1.45,3.36,54.55%,126,231,0.76,3.55,8.25,1.62,3.75
all,579,Robin Catry,5,37.93%,11,29,0.48,2.42,5.8,0.92,2.2,66.67%,28,42,0.71,3.5,8.4,1.17,2.8
all,320,Rodrigo Pacheco Mendez,45,34.86%,114,327,0.65,3.11,7.27,1.09,2.53,63.77%,176,276,0.56,2.63,6.13,0.95,2.22
all,152,Roman Andres Burruchaga,65,43.39%,256,590,0.8,3.76,9.08,1.63,3.94,59.01%,275,466,0.64,2.97,7.17,1.22,2.94
all,132,Roman Safiullin,38,41.64%,127,305,0.62,2.93,8.03,1.22,3.34,60.47%,156,258,0.52,2.48,6.79,0.98,2.68
all,484,Rudolf Molleker,14,33.66%,34,101,0.6,2.89,7.21,0.97,2.43,58.10%,61,105,0.63,3,7.5,1.26,3.14
all,594,Ryan Dickerson,10,40.38%,21,52,0.53,2.36,5.2,0.95,2.1,58.89%,53,90,0.91,4.09,9,1.68,3.7
all,488,Ryan Nijboer,9,39.13%,18,46,0.51,2.42,5.11,0.95,2,62.30%,38,61,0.69,3.21,6.78,1.21,2.56
all,231,Ryan Peniston,18,46.63%,76,163,0.79,3.88,9.06,1.81,4.22,51.49%,69,134,0.67,3.19,7.44,1.55,3.61
all,750,Ryan Seggerman,7,28.33%,17,60,0.72,3.53,8.57,1,2.43,67.44%,29,43,0.52,2.53,6.14,0.82,2
all,995,Ryotaro Taguchi,5,21.74%,5,23,0.43,2.09,4.6,0.45,1,61.29%,19,31,0.61,2.82,6.2,1.09,2.4
all,565,Ryuki Matsuda,6,43.75%,14,32,0.46,2.13,5.33,0.93,2.33,50.98%,26,51,0.74,3.4,8.5,1.67,4.17
all,653,S D Prajwal Dev,6,23.33%,7,30,0.57,2.5,5,0.58,1.17,60.66%,37,61,1.2,5.08,10.17,2,4
all,665,Saba Purtseladze,15,32.14%,18,56,0.37,1.7,3.73,0.55,1.2,54.03%,67,124,0.81,3.76,8.27,1.73,3.8
all,349,Samir Banerjee,11,42.68%,35,82,0.69,3.28,7.45,1.4,3.18,58.46%,38,65,0.54,2.6,5.91,1.08,2.45
all,656,Samuel Alejandro Linde Palacios,10,40.91%,18,44,0.46,2,4.4,0.82,1.8,54.29%,57,105,1.15,4.77,10.5,2.18,4.8
all,727,Samuel Heredia,11,33.80%,24,71,0.55,2.63,6.45,0.89,2.18,61.29%,57,93,0.73,3.44,8.45,1.33,3.27
all,400,Samuele Pieri,14,42.05%,37,88,0.53,2.59,6.29,1.09,2.64,56.03%,65,116,0.72,3.41,8.29,1.5,3.64
all,293,Sandro Kopp,39,40.77%,117,287,0.64,3.02,7.36,1.23,3,58.85%,153,260,0.59,2.74,6.67,1.13,2.74
all,369,Sanhui Shin,13,46.24%,43,93,0.7,3.21,7.15,1.48,3.31,50.93%,55,108,0.82,3.72,8.31,1.83,4.08
all,625,Santiago De La Fuente,10,54.10%,33,61,0.54,2.65,6.1,1.43,3.3,52.99%,62,117,1.05,5.09,11.7,2.39,5.5
all,384,Santiago Rodriguez Taverna,35,35.83%,86,240,0.57,2.7,6.86,0.97,2.46,58.70%,145,247,0.58,2.78,7.06,1.15,2.91
all,313,Sascha Gueymard Wayenburg,45,40.55%,103,254,0.52,2.49,5.64,1.01,2.29,59.42%,183,308,0.62,3.02,6.84,1.23,2.78
all,341,Sean Cuenin,6,35.48%,11,31,0.54,2.82,5.17,1,1.83,56.76%,21,37,0.65,3.36,6.17,1.45,2.67
all,28,Sebastian Baez,54,44.41%,159,358,0.61,2.89,6.63,1.28,2.94,62.65%,260,415,0.72,3.35,7.69,1.25,2.87
all,516,Sebastian Gima,15,38.27%,31,81,0.54,2.53,5.4,0.97,2.07,52.29%,57,109,0.74,3.41,7.27,1.62,3.47
all,36,Sebastian Korda,41,37.41%,107,286,0.6,2.89,6.98,1.08,2.61,62.63%,119,190,0.39,1.92,4.63,0.72,1.73
all,124,Sebastian Ofner,49,37.54%,122,325,0.55,2.69,6.63,1.01,2.49,63.45%,184,290,0.5,2.4,5.92,0.88,2.16
all,421,Semen Pankin,10,39.19%,29,74,0.64,2.96,7.4,1.16,2.9,61.90%,39,63,0.53,2.52,6.3,0.96,2.4
all,302,Sergey Fomin,29,42.86%,78,182,0.55,2.6,6.28,1.11,2.69,52.40%,109,208,0.62,2.97,7.17,1.41,3.41
all,452,Sergio Callejon Hernando,11,46.67%,42,90,0.75,3.33,8.18,1.56,3.82,52.81%,47,89,0.75,3.3,8.09,1.56,3.82
all,117,Shintaro Mochizuki,44,41.64%,147,353,0.69,3.24,8.02,1.35,3.34,57.52%,218,379,0.76,3.48,8.61,1.48,3.66
all,194,Sho Shimabukuro,60,39.13%,153,391,0.56,2.73,6.52,1.07,2.55,62.64%,223,356,0.52,2.49,5.93,0.93,2.22
all,537,Shunsuke Mitsui,5,44.00%,11,25,0.52,2.5,5,1.1,2.2,61.29%,19,31,0.65,3.1,6.2,1.2,2.4
all,540,Sidharth Rawat,9,40.82%,20,49,0.53,2.45,5.44,1,2.22,55.42%,46,83,0.91,4.15,9.22,1.85,4.11
all,158,Soonwoo Kwon,25,42.62%,78,183,0.72,3.21,7.32,1.37,3.12,68.00%,85,125,0.48,2.19,5,0.7,1.6
all,524,Spencer Johnson,5,45.45%,10,22,0.43,2,4.4,0.91,2,59.09%,13,22,0.42,2,4.4,0.82,1.8
all,118,Stan Wawrinka,40,33.80%,72,213,0.44,2.22,5.33,0.75,1.8,62.91%,134,213,0.43,2.22,5.33,0.82,1.98
all,261,Stefan Dostanic,30,41.30%,95,230,0.69,3.24,7.67,1.34,3.17,58.72%,101,172,0.52,2.42,5.73,1,2.37
all,296,Stefan Kozlov,38,40.24%,132,328,0.77,3.49,8.63,1.4,3.47,54.02%,141,261,0.61,2.78,6.87,1.28,3.16
all,411,Stefan Palosi,19,39.13%,54,138,0.68,3.07,7.26,1.2,2.84,53.85%,84,156,0.77,3.47,8.21,1.6,3.79
all,229,Stefano Napolitano,40,40.45%,108,267,0.61,2.87,6.67,1.16,2.7,57.43%,116,202,0.46,2.17,5.05,0.92,2.15
all,142,Stefano Travaglia,58,43.49%,217,499,0.76,3.64,8.6,1.58,3.74,57.46%,204,355,0.54,2.59,6.12,1.1,2.6
all,153,Stefanos Sakellaridis,47,44.85%,135,301,0.55,2.62,6.4,1.17,2.87,53.96%,150,278,0.5,2.42,5.91,1.11,2.72
all,11,Stefanos Tsitsipas,43,35.45%,95,268,0.51,2.53,6.23,0.9,2.21,64.85%,131,202,0.38,1.91,4.7,0.67,1.65
all,660,Strong Kirchheimer,6,39.47%,15,38,0.52,2.53,6.33,1,2.5,52.27%,23,44,0.6,2.93,7.33,1.4,3.5
all,384,Stuart Parker,9,54.10%,33,61,0.64,2.77,6.78,1.5,3.67,50.00%,28,56,0.6,2.55,6.22,1.27,3.11
all,246,Sumit Nagal,47,42.60%,167,392,0.76,3.56,8.34,1.52,3.55,60.27%,220,365,0.72,3.32,7.77,1.32,3.09
all,584,Svyatoslav Gulin,14,42.31%,44,104,0.65,2.97,7.43,1.26,3.14,46.96%,54,115,0.71,3.29,8.21,1.74,4.36
all,587,Taha Baadi,6,22.22%,4,18,0.34,1.38,3,0.31,0.67,51.22%,21,41,0.8,3.15,6.83,1.54,3.33
all,512,Tai Sach,12,34.52%,29,84,0.64,2.8,7,0.97,2.42,48.39%,45,93,0.7,3.1,7.75,1.6,4
all,523,Takuya Kumasaka,9,40.00%,16,40,0.42,1.9,4.44,0.76,1.78,56.32%,49,87,0.92,4.14,9.67,1.81,4.22
all,69,Tallon Griekspoor,41,31.51%,69,219,0.43,2.13,5.34,0.67,1.68,62.72%,143,228,0.44,2.21,5.56,0.83,2.07
all,194,Taro Daniel,33,45.37%,103,227,0.59,2.84,6.88,1.29,3.12,62.80%,130,207,0.54,2.59,6.27,0.96,2.33
all,8,Taylor Fritz,61,31.64%,118,373,0.46,2.33,6.11,0.74,1.93,70.43%,212,301,0.36,1.88,4.93,0.56,1.46
all,31,Taym Al Azmeh,5,63.16%,24,38,0.69,3.45,7.6,2.18,4.8,52.17%,24,46,0.82,4.18,9.2,2,4.4
all,46,Terence Atmane,43,35.38%,75,212,0.42,2.02,4.93,0.71,1.74,61.13%,151,247,0.48,2.35,5.74,0.91,2.23
all,456,Thanasi Kokkinakis,9,35.94%,23,64,0.5,2.37,7.11,0.85,2.56,71.43%,40,56,0.44,2.07,6.22,0.59,1.78
all,115,Thiago Agustin Tirante,59,43.05%,161,374,0.55,2.67,6.34,1.15,2.73,61.16%,200,327,0.48,2.34,5.54,0.91,2.15
all,722,Thiago Cigarran,8,40.30%,27,67,0.76,3.53,8.38,1.42,3.38,59.76%,49,82,0.93,4.32,10.25,1.74,4.12
all,303,Thiago Monteiro,37,42.99%,95,221,0.54,2.63,5.97,1.13,2.57,56.93%,115,202,0.5,2.4,5.46,1.04,2.35
all,206,Thiago Seyboth Wild,37,48.55%,117,241,0.61,2.8,6.51,1.36,3.16,62.75%,155,247,0.61,2.87,6.68,1.07,2.49
all,529,Thijs Boogaard,7,31.37%,16,51,0.61,2.68,7.29,0.84,2.29,55.77%,29,52,0.6,2.74,7.43,1.21,3.29
all,321,Thomas Faurel,19,44.86%,48,107,0.48,2.33,5.63,1.04,2.53,62.18%,97,156,0.71,3.39,8.21,1.28,3.11
all,371,Tiago Pereira,33,40.82%,80,196,0.54,2.55,5.94,1.04,2.42,49.82%,137,275,0.77,3.57,8.33,1.79,4.18
all,427,Tiago Torres,10,43.37%,36,83,0.8,3.46,8.3,1.5,3.6,59.38%,57,96,0.9,4,9.6,1.62,3.9
all,500,Tibo Colson,13,25.81%,24,93,0.6,2.91,7.15,0.75,1.85,58.11%,43,74,0.48,2.31,5.69,0.97,2.38
all,961,Timo Legout,10,46.43%,39,84,0.86,4,8.4,1.86,3.9,59.68%,37,62,0.65,2.95,6.2,1.19,2.5
all,150,Timofey Skatov,54,43.45%,156,359,0.61,2.87,6.65,1.25,2.89,57.56%,217,377,0.64,3.02,6.98,1.28,2.96
all,185,Titouan Droguet,59,39.89%,144,361,0.53,2.49,6.12,0.99,2.44,61.40%,210,342,0.5,2.36,5.8,0.91,2.24
all,112,Toby Samuel,55,45.41%,193,425,0.74,3.35,7.73,1.52,3.51,64.29%,216,336,0.57,2.65,6.11,0.94,2.18
all,186,Tom Gentzsch,54,42.14%,142,337,0.56,2.7,6.24,1.14,2.63,66.67%,238,357,0.58,2.86,6.61,0.95,2.2
all,372,Tom Paris,16,38.10%,32,84,0.48,2.27,5.25,0.86,2,53.33%,48,90,0.5,2.43,5.62,1.14,2.62
all,139,Tomas Barrios Vera,50,43.31%,165,381,0.69,3.28,7.62,1.42,3.3,60.53%,207,342,0.62,2.95,6.84,1.16,2.7
all,43,Tomas Machac,30,42.69%,73,171,0.48,2.22,5.7,0.95,2.43,60.66%,111,183,0.52,2.38,6.1,0.94,2.4
all,30,Tomas Martin Etcheverry,55,38.89%,126,324,0.47,2.33,5.89,0.91,2.29,57.05%,170,298,0.44,2.14,5.42,0.92,2.33
all,567,Tomasz Berkieta,10,35.29%,18,51,0.5,2.43,5.1,0.86,1.8,59.65%,34,57,0.58,2.71,5.7,1.1,2.3
all,358,Tommaso Compagnucci,13,52.94%,36,68,0.49,2.34,5.23,1.24,2.77,59.38%,57,96,0.69,3.31,7.38,1.34,3
all,21,Tommy Paul,48,39.95%,147,368,0.57,2.81,7.67,1.12,3.06,62.13%,169,272,0.42,2.08,5.67,0.79,2.15
all,436,Trevor Svajda,13,41.11%,37,90,0.63,3.1,6.92,1.28,2.85,62.04%,67,108,0.76,3.72,8.31,1.41,3.15
all,162,Tristan Boyer,31,45.89%,95,207,0.57,2.69,6.68,1.23,3.06,58.90%,139,236,0.64,3.06,7.61,1.26,3.13
all,604,Tristan McCormick,10,40.00%,20,50,0.44,2.17,5,0.87,2,68.54%,61,89,0.81,3.87,8.9,1.22,2.8
all,148,Tristan Schoolkate,38,31.66%,82,259,0.56,2.76,6.82,0.87,2.16,60.45%,133,220,0.47,2.34,5.79,0.93,2.29
all,612,Tsung-Hao Huang,9,40.00%,22,55,0.58,2.62,6.11,1.05,2.44,58.11%,43,74,0.78,3.52,8.22,1.48,3.44
all,644,Tuncay Duran,5,41.38%,12,29,0.48,2.23,5.8,0.92,2.4,60.98%,25,41,0.68,3.15,8.2,1.23,3.2
all,329,Tung-Lin Wu,35,34.94%,87,249,0.6,2.86,7.11,1,2.49,61.28%,144,235,0.57,2.7,6.71,1.05,2.6
all,343,Tyler Zink,42,33.07%,84,254,0.56,2.67,6.05,0.88,2,60.85%,157,258,0.57,2.72,6.14,1.06,2.4
all,173,Ugo Blanchet,30,35.57%,53,149,0.42,2.07,4.97,0.74,1.77,64.63%,148,229,0.64,3.18,7.63,1.12,2.7
all,28,Ugo Humbert,56,39.78%,111,279,0.43,2.08,4.98,0.83,1.98,67.11%,204,304,0.46,2.27,5.43,0.75,1.79
all,416,Vadym Ursu,16,44.44%,56,126,0.7,3.23,7.88,1.44,3.5,54.00%,81,150,0.84,3.85,9.38,1.77,4.31
all,203,Valentin Royer,55,40.06%,129,322,0.49,2.37,5.85,0.95,2.35,62.10%,231,372,0.56,2.74,6.76,1.04,2.56
all,18,Valentin Vacherot,47,37.42%,113,302,0.54,2.6,6.43,0.97,2.4,70.72%,186,263,0.46,2.27,5.6,0.66,1.64
all,442,Valerio Aboian,25,44.13%,79,179,0.67,3.14,7.16,1.39,3.16,59.28%,131,221,0.84,3.88,8.84,1.58,3.6
all,493,Viktor Durasovic,25,36.42%,55,151,0.51,2.48,6.04,0.9,2.2,51.41%,91,177,0.61,2.9,7.08,1.41,3.44
all,128,Vilius Gaubas,54,41.51%,181,436,0.66,3.18,8.07,1.32,3.35,62.66%,292,466,0.69,3.4,8.63,1.27,3.22
all,125,Vit Kopriva,60,41.98%,170,405,0.6,2.81,6.75,1.18,2.83,58.99%,246,417,0.62,2.9,6.95,1.19,2.85
all,215,Vitaliy Sachko,37,39.06%,100,256,0.59,2.81,6.92,1.1,2.7,59.85%,161,269,0.62,2.96,7.27,1.19,2.92
all,530,Vladyslav Orlov,8,34.43%,21,61,0.63,3.05,7.62,1.05,2.62,50.65%,39,77,0.79,3.85,9.62,1.9,4.75
all,801,Wilson Leite,6,34.21%,13,38,0.67,2.71,6.33,0.93,2.17,46.81%,22,47,0.81,3.36,7.83,1.79,4.17
all,287,Yanki Erel,14,32.08%,34,106,0.6,3.03,7.57,0.97,2.43,61.73%,50,81,0.47,2.31,5.79,0.89,2.21
all,98,Yannick Hanfmann,53,35.96%,123,342,0.53,2.65,6.45,0.95,2.32,60.59%,143,236,0.37,1.83,4.45,0.72,1.75
all,312,Yasutaka Uchiyama,32,39.90%,81,203,0.54,2.64,6.34,1.05,2.53,62.78%,113,180,0.48,2.34,5.62,0.87,2.09
all,662,Ye Cong Mo,5,53.85%,14,26,0.52,2.36,5.2,1.27,2.8,40.00%,10,25,0.52,2.27,5,1.36,3
all,239,Yi Zhou,37,39.66%,94,237,0.55,2.63,6.41,1.04,2.54,61.73%,150,243,0.56,2.7,6.57,1.03,2.51
all,106,Yibing Wu,30,38.19%,76,199,0.57,2.76,6.63,1.06,2.53,59.28%,99,167,0.47,2.32,5.57,0.94,2.27
all,131,Yoshihito Nishioka,23,43.60%,75,172,0.64,3.07,7.48,1.34,3.26,56.00%,84,150,0.57,2.68,6.52,1.18,2.87
all,316,Yosuke Watanuki,21,52.54%,62,118,0.53,2.31,5.62,1.22,2.95,59.06%,88,149,0.66,2.92,7.1,1.2,2.9
all,222,Yu Hsiou Hsu,37,43.03%,105,244,0.61,2.84,6.59,1.22,2.84,57.52%,153,266,0.65,3.09,7.19,1.31,3.05
all,578,Yuki Mochizuki,5,37.50%,6,16,0.37,1.6,3.2,0.6,1.2,42.50%,17,40,0.91,4,8,2.3,4.6
all,109,Yunchaokete Bu,44,39.46%,103,261,0.53,2.58,5.93,1.02,2.34,69.81%,148,212,0.43,2.1,4.82,0.63,1.45
all,670,Yusuke Takahashi,12,38.46%,25,65,0.49,2.32,5.42,0.89,2.08,51.65%,47,91,0.69,3.25,7.58,1.57,3.67
all,383,Yuta Shimizu,37,36.01%,103,286,0.64,3.18,7.73,1.14,2.78,59.73%,175,293,0.67,3.26,7.92,1.31,3.19
all,165,Zachary Svajda,28,40.64%,76,187,0.49,2.34,6.68,0.95,2.71,56.32%,107,190,0.49,2.38,6.79,1.04,2.96
all,154,Zdenek Kolar,77,41.18%,252,612,0.75,3.5,7.95,1.44,3.27,58.32%,284,487,0.6,2.78,6.32,1.16,2.64
all,156,Zhizhen Zhang,36,34.76%,65,187,0.44,2.2,5.19,0.76,1.81,67.86%,152,224,0.52,2.64,6.22,0.85,2
all,34,Zizou Bergs,57,40.58%,153,377,0.54,2.64,6.61,1.07,2.68,56.19%,186,331,0.48,2.31,5.81,1.01,2.54
all,119,Zsombor Piros,43,42.73%,141,330,0.71,3.27,7.67,1.4,3.28,65.35%,166,254,0.53,2.51,5.91,0.87,2.05
clay,261,Abdullah Shelbayh,8,27.03%,20,74,0.75,3.52,9.25,0.95,2.5,51.90%,41,79,0.82,3.76,9.88,1.81,4.75
clay,91,Adam Walton,5,35.29%,12,34,0.52,2.27,6.8,0.8,2.4,68.33%,41,60,0.94,4,12,1.27,3.8
clay,65,Adolfo Daniel Vallejo,70,45.53%,275,604,0.83,3.77,8.63,1.72,3.93,58.96%,250,424,0.58,2.65,6.06,1.09,2.49
clay,874,Adrian Andreev,5,26.32%,10,38,0.67,3.17,7.6,0.83,2,54.55%,24,44,0.79,3.67,8.8,1.67,4
clay,73,Adrian Mannarino,8,23.40%,11,47,0.53,2.47,5.88,0.58,1.38,57.89%,44,76,0.9,4,9.5,1.68,4
clay,650,Alan Magadan,9,37.84%,28,74,0.69,3.36,8.22,1.27,3.11,58.67%,44,75,0.71,3.41,8.33,1.41,3.44
clay,20,Alejandro Davidovich Fokina,10,40.26%,31,77,0.6,2.85,7.7,1.15,3.1,60.67%,54,89,0.69,3.3,8.9,1.3,3.5
clay,222,Alejandro Moro Canas,36,42.09%,117,278,0.67,3.23,7.72,1.36,3.25,60.23%,156,259,0.62,3.01,7.19,1.2,2.86
clay,26,Alejandro Tabilo,42,40.58%,127,313,0.61,2.95,7.45,1.2,3.02,66.39%,160,241,0.47,2.27,5.74,0.76,1.93
clay,450,Alejo Sanchez Quilez,11,60.87%,42,69,0.57,2.56,6.27,1.56,3.82,57.14%,60,105,0.83,3.89,9.55,1.67,4.09
clay,108,Aleksandar Kovacevic,11,45.83%,22,48,0.37,1.71,4.36,0.79,2,60.49%,49,81,0.61,2.89,7.36,1.14,2.91
clay,67,Aleksandar Vukic,7,52.78%,19,36,0.44,1.89,5.14,1,2.71,53.45%,31,58,0.69,3.05,8.29,1.42,3.86
clay,84,Aleksandr Shevchenko,12,40.82%,40,98,0.73,3.38,8.17,1.38,3.33,63.29%,50,79,0.57,2.72,6.58,1,2.42
clay,264,Alex Barrena,47,43.58%,146,335,0.67,3.05,7.13,1.33,3.11,56.01%,205,366,0.73,3.33,7.79,1.46,3.43
clay,498,Alex Hernandez,14,38.32%,41,107,0.6,2.89,7.64,1.11,2.93,54.84%,68,124,0.73,3.35,8.86,1.51,4
clay,517,Alex Marti Pujolras,5,47.06%,16,34,0.69,3.4,6.8,1.6,3.2,55.10%,27,49,1.02,4.9,9.8,2.2,4.4
clay,355,Alex Martinez,11,50.00%,35,70,0.59,2.8,6.36,1.4,3.18,54.17%,39,72,0.62,2.88,6.55,1.32,3
clay,41,Alex Michelsen,13,42.55%,40,94,0.58,2.69,7.23,1.14,3.08,52.27%,46,88,0.54,2.51,6.77,1.2,3.23
clay,81,Alex Molcan,33,44.49%,113,254,0.77,3.53,7.7,1.57,3.42,63.13%,113,179,0.55,2.49,5.42,0.92,2
clay,332,Alex Rybakov,6,45.45%,20,44,0.58,2.93,7.33,1.33,3.33,52.94%,27,51,0.68,3.4,8.5,1.6,4
clay,7,Alex de Minaur,13,44.12%,45,102,0.63,2.91,7.85,1.29,3.46,66.40%,83,125,0.77,3.57,9.62,1.2,3.23
clay,205,Alexander Blockx,26,45.96%,74,161,0.51,2.44,6.19,1.12,2.85,66.88%,103,154,0.47,2.33,5.92,0.77,1.96
clay,11,Alexander Bublik,16,41.46%,34,82,0.44,2.16,5.12,0.89,2.12,64.44%,58,90,0.47,2.37,5.62,0.84,2
clay,549,Alexander Donski,8,40.00%,12,30,0.31,1.58,3.75,0.63,1.5,54.55%,24,44,0.46,2.32,5.5,1.05,2.5
clay,496,Alexander Ritschard,11,51.28%,40,78,0.68,3.12,7.09,1.6,3.64,61.04%,47,77,0.68,3.08,7,1.2,2.73
clay,100,Alexander Shevchenko,15,34.78%,40,115,0.7,3.19,7.67,1.11,2.67,51.65%,47,91,0.56,2.53,6.07,1.22,2.93
clay,592,Alexander Vasilev,16,44.00%,44,100,0.67,3.03,6.25,1.33,2.75,63.50%,87,137,0.94,4.15,8.56,1.52,3.12
clay,3,Alexander Zverev,24,46.60%,96,206,0.67,3.12,8.58,1.45,4,50.53%,48,95,0.31,1.44,3.96,0.71,1.96
clay,132,Alexandre Muller,17,37.50%,30,80,0.45,2.05,4.71,0.77,1.76,63.64%,84,132,0.73,3.38,7.76,1.23,2.82
clay,25,Alexei Popyrin,12,37.10%,23,62,0.42,2,5.17,0.74,1.92,57.41%,31,54,0.36,1.74,4.5,0.74,1.92
clay,413,Alexey Vatutin,6,42.50%,17,40,0.62,2.86,6.67,1.21,2.83,62.96%,34,54,0.87,3.86,9,1.43,3.33
clay,272,Alvaro Guillen Meza,61,42.70%,228,534,0.75,3.61,8.75,1.54,3.74,54.12%,256,473,0.68,3.2,7.75,1.47,3.56
clay,304,Andrea Collarini,35,43.64%,127,291,0.74,3.46,8.31,1.51,3.63,54.65%,141,258,0.65,3.07,7.37,1.39,3.34
clay,227,Andrea Guerrieri,23,44.93%,93,207,0.81,3.91,9,1.75,4.04,55.34%,114,206,0.81,3.89,8.96,1.74,4
clay,137,Andrea Pellegrino,39,42.18%,116,275,0.63,2.89,7.05,1.22,2.97,57.66%,143,248,0.56,2.61,6.36,1.11,2.69
clay,393,Andrea Picchione,8,45.16%,28,62,0.76,3.44,7.75,1.56,3.5,55.10%,27,49,0.58,2.72,6.12,1.22,2.75
clay,404,Andrej Martin,19,35.25%,43,122,0.61,2.84,6.42,1,2.26,55.26%,63,114,0.57,2.65,6,1.19,2.68
clay,244,Andrej Nedic,38,50.51%,148,293,0.74,3.37,7.71,1.7,3.89,54.69%,140,256,0.66,2.94,6.74,1.33,3.05
clay,223,Andres Andrade,10,31.88%,22,69,0.66,3,6.9,0.96,2.2,62.50%,45,72,0.71,3.13,7.2,1.17,2.7
clay,381,Andres Martin,5,38.89%,14,36,0.56,2.77,7.2,1.08,2.8,53.85%,21,39,0.6,3,7.8,1.38,3.6
clay,726,Andres Santamarta Roig,13,52.27%,46,88,0.69,3.26,6.77,1.7,3.54,57.41%,62,108,0.87,4,8.31,1.7,3.54
clay,642,Andrew Paulson,8,36.21%,21,58,0.67,3.05,7.25,1.11,2.62,61.29%,38,62,0.68,3.26,7.75,1.26,3
clay,16,Andrey Rublev,22,38.27%,75,196,0.71,3.38,8.91,1.29,3.41,67.76%,103,152,0.55,2.62,6.91,0.84,2.23
clay,262,Andy Andrade,11,49.30%,35,71,0.57,2.84,6.45,1.4,3.18,60.44%,55,91,0.75,3.64,8.27,1.44,3.27
clay,352,Antoine Ghibaudo,8,40.62%,26,64,0.8,3.56,8,1.44,3.25,66.67%,38,57,0.67,3.17,7.12,1.06,2.38
clay,373,Anton Matusevich,6,40.62%,13,32,0.52,2.46,5.33,1,2.17,65.22%,30,46,0.7,3.54,7.67,1.23,2.67
clay,769,Arklon Huertas Del Pino Cordova,9,37.14%,26,70,0.66,3.33,7.78,1.24,2.89,61.90%,39,63,0.62,3,7,1.14,2.67
clay,114,Arthur Fery,12,38.68%,41,106,0.76,3.79,8.83,1.46,3.42,64.86%,48,74,0.54,2.64,6.17,0.93,2.17
clay,24,Arthur Fils,11,36.62%,26,71,0.62,2.96,6.45,1.08,2.36,69.39%,34,49,0.42,2.04,4.45,0.62,1.36
clay,127,Arthur Gea,21,38.56%,59,153,0.65,3.12,7.29,1.2,2.81,65.73%,94,143,0.6,2.92,6.81,1,2.33
clay,29,Arthur Rinderknech,16,30.51%,36,118,0.6,2.95,7.38,0.9,2.25,67.57%,50,74,0.38,1.85,4.62,0.6,1.5
clay,227,August Holmgren,7,33.96%,18,53,0.6,2.94,7.57,1,2.57,52.94%,18,34,0.39,1.89,4.86,0.89,2.29
clay,525,Aziz Ouakaa,5,25.00%,5,20,0.43,1.82,4,0.45,1,44.74%,17,38,0.86,3.45,7.6,1.91,4.2
clay,300,Beibit Zhukayev,6,36.59%,15,41,0.55,2.73,6.83,1,2.5,63.64%,28,44,0.59,2.93,7.33,1.07,2.67
clay,10,Ben Shelton,13,34.55%,19,55,0.31,1.57,4.23,0.54,1.46,71.43%,40,56,0.31,1.6,4.31,0.46,1.23
clay,70,Benjamin Bonzi,5,37.50%,9,24,0.36,1.71,4.8,0.64,1.8,58.97%,23,39,0.59,2.79,7.8,1.14,3.2
clay,506,Benjamin Hassan,10,38.96%,30,77,0.65,3.08,7.7,1.2,3,59.76%,49,82,0.71,3.28,8.2,1.32,3.3
clay,732,Benjamin Torrealba,5,40.62%,13,32,0.57,2.67,6.4,1.08,2.6,40.91%,18,44,0.83,3.67,8.8,2.17,5.2
clay,834,Bernabe Zapata Miralles,6,39.39%,13,33,0.56,2.36,5.5,0.93,2.17,42.59%,23,54,0.92,3.86,9,2.21,5.17
clay,171,Bernard Tomic,5,36.73%,18,49,0.88,4.08,9.8,1.5,3.6,77.27%,34,44,0.79,3.67,8.8,0.83,2
clay,155,Billy Harris,7,43.33%,13,30,0.39,1.76,4.29,0.76,1.86,44.44%,16,36,0.47,2.12,5.14,1.18,2.86
clay,70,Botic van de Zandschulp,11,41.38%,36,87,0.67,3.22,7.91,1.33,3.27,60.67%,54,89,0.7,3.3,8.09,1.3,3.18
clay,31,Brandon Nakashima,10,50.75%,34,67,0.49,2.39,6.7,1.21,3.4,45.45%,20,44,0.32,1.57,4.4,0.86,2.4
clay,628,Bruno Fernandez,15,39.02%,48,123,0.68,3.32,8.2,1.3,3.2,51.24%,62,121,0.66,3.27,8.07,1.59,3.93
clay,616,Bruno Kuzuhara,6,32.56%,14,43,0.57,2.69,7.17,0.88,2.33,51.11%,23,45,0.59,2.81,7.5,1.38,3.67
clay,251,Buvaysar Gadamauri,27,41.58%,79,190,0.62,2.97,7.04,1.23,2.93,62.03%,116,187,0.61,2.92,6.93,1.11,2.63
clay,291,Calvin Hemery,17,33.68%,32,95,0.54,2.44,5.59,0.82,1.88,66.67%,58,87,0.49,2.23,5.12,0.74,1.71
clay,48,Cameron Norrie,11,40.62%,26,64,0.48,2.37,5.82,0.96,2.36,65.52%,57,87,0.65,3.22,7.91,1.11,2.73
clay,95,Camilo Ugo Carabelli,30,38.40%,91,237,0.67,3.16,7.9,1.21,3.03,59.53%,128,215,0.61,2.87,7.17,1.16,2.9
clay,435,Cannon Kingsley,10,38.33%,23,60,0.49,2.5,6,0.96,2.3,64.47%,49,76,0.62,3.17,7.6,1.12,2.7
clay,389,Carlo Alberto Caniato,21,36.75%,43,117,0.47,2.29,5.57,0.84,2.05,61.48%,83,135,0.54,2.65,6.43,1.02,2.48
clay,2,Carlos Alcaraz,6,52.08%,25,48,0.81,3.69,8,1.92,4.17,66.67%,18,27,0.47,2.08,4.5,0.69,1.5
clay,551,Carlos Lopez Montagud,7,44.90%,22,49,0.68,3.06,7,1.38,3.14,55.81%,24,43,0.6,2.69,6.14,1.19,2.71
clay,412,Carlos Maria Zarate,19,43.64%,48,110,0.53,2.44,5.79,1.07,2.53,59.39%,98,165,0.78,3.67,8.68,1.49,3.53
clay,366,Carlos Sanchez Jover,26,47.45%,93,196,0.67,3.27,7.54,1.55,3.58,57.41%,155,270,0.94,4.5,10.38,1.92,4.42
clay,405,Carlos Taberner,19,36.98%,71,192,0.96,4.27,10.11,1.58,3.74,57.05%,85,149,0.75,3.31,7.84,1.42,3.37
clay,14,Casper Ruud,23,43.58%,78,179,0.65,3.09,7.78,1.34,3.39,62.81%,76,121,0.43,2.09,5.26,0.78,1.96
clay,320,Cedrik-Marcel Stebe,9,47.30%,35,74,0.8,3.52,8.22,1.67,3.89,66.18%,45,68,0.74,3.24,7.56,1.1,2.56
clay,262,Cezar Cretu,27,48.98%,96,196,0.72,3.21,7.26,1.57,3.56,50.53%,96,190,0.7,3.11,7.04,1.54,3.48
clay,191,Chris Rodesch,11,39.19%,29,74,0.52,2.64,6.73,1.04,2.64,62.34%,48,77,0.54,2.75,7,1.04,2.64
clay,424,Christoph Negritu,14,33.04%,37,112,0.63,3.11,8,1.03,2.64,67.33%,68,101,0.56,2.81,7.21,0.92,2.36
clay,234,Chun-Hsin Tseng,27,49.73%,92,185,0.66,3.08,6.85,1.53,3.41,62.44%,128,205,0.75,3.42,7.59,1.28,2.85
clay,159,Clement Tabur,22,43.48%,70,161,0.59,2.88,7.32,1.25,3.18,62.11%,100,161,0.59,2.88,7.32,1.09,2.77
clay,174,Colton Smith,8,36.36%,16,44,0.59,2.59,5.5,0.94,2,64.29%,45,70,0.93,4.12,8.75,1.47,3.12
clay,639,Conner Huertas del Pino,13,41.33%,31,75,0.54,2.68,5.77,1.11,2.38,63.95%,55,86,0.62,3.07,6.62,1.11,2.38
clay,496,Corentin Denolly,15,38.04%,35,92,0.59,2.71,6.13,1.03,2.33,61.54%,80,130,0.87,3.82,8.67,1.47,3.33
clay,69,Corentin Moutet,12,34.86%,38,109,0.74,3.63,9.08,1.27,3.17,58.23%,46,79,0.56,2.63,6.58,1.1,2.75
clay,778,Cosme Rolland De Ravel,6,46.15%,18,39,0.59,2.79,6.5,1.29,3,74.07%,40,54,0.82,3.86,9,1,2.33
clay,114,Cristian Garin,30,41.78%,122,292,0.82,3.84,9.73,1.61,4.07,57.85%,129,223,0.62,2.93,7.43,1.24,3.13
clay,305,Dali Blanch,35,40.86%,123,301,0.79,3.67,8.6,1.5,3.51,59.05%,137,232,0.62,2.83,6.63,1.16,2.71
clay,116,Dalibor Svrcina,20,53.89%,97,180,0.8,3.75,9,2.02,4.85,59.54%,103,173,0.79,3.6,8.65,1.46,3.5
clay,87,Damir Dzumhur,28,43.84%,96,219,0.7,3.27,7.82,1.43,3.43,56.10%,138,246,0.79,3.67,8.79,1.61,3.86
clay,224,Dan Added,7,30.95%,13,42,0.55,2.8,6,0.87,1.86,65.52%,38,58,0.78,3.87,8.29,1.33,2.86
clay,378,Dan Martin,6,28.57%,8,28,0.37,2,4.67,0.57,1.33,65.85%,27,41,0.56,2.93,6.83,1,2.33
clay,93,Daniel Altmaier,26,44.58%,74,166,0.55,2.63,6.38,1.17,2.85,58.79%,97,165,0.54,2.62,6.35,1.08,2.62
clay,689,Daniel Antonio Nunez,5,45.83%,11,24,0.47,2.18,4.8,1,2.2,42.42%,14,33,0.67,3,6.6,1.73,3.8
clay,413,Daniel Dutra da Silva,32,40.87%,94,230,0.68,3.19,7.19,1.31,2.94,51.21%,127,248,0.72,3.44,7.75,1.68,3.78
clay,290,Daniel Elahi Galan,29,37.33%,81,217,0.61,3.01,7.48,1.12,2.79,56.42%,123,218,0.61,3.03,7.52,1.32,3.28
clay,296,Daniel Merida,40,41.62%,139,334,0.72,3.37,8.35,1.4,3.48,61.09%,179,293,0.63,2.96,7.33,1.15,2.85
clay,302,Daniel Michalski,20,50.00%,74,148,0.73,3.36,7.4,1.68,3.7,44.76%,64,143,0.71,3.25,7.15,1.8,3.95
clay,207,Daniel Rincon,35,47.48%,113,238,0.61,2.87,6.8,1.36,3.23,58.90%,172,292,0.76,3.52,8.34,1.45,3.43
clay,167,Daniil Glinka,16,38.53%,42,109,0.68,3.21,6.81,1.24,2.62,61.62%,61,99,0.62,2.91,6.19,1.12,2.38
clay,6,Daniil Medvedev,9,38.10%,32,84,0.72,3.23,9.33,1.23,3.56,52.31%,34,65,0.56,2.5,7.22,1.19,3.44
clay,226,Darwin Blanch,12,43.90%,36,82,0.63,2.93,6.83,1.29,3,59.74%,46,77,0.59,2.75,6.42,1.11,2.58
clay,188,David Jorda Sanchis,35,43.03%,108,251,0.64,3.02,7.17,1.3,3.09,60.09%,137,228,0.58,2.75,6.51,1.1,2.6
clay,58,Denis Shapovalov,7,35.29%,12,34,0.42,2,4.86,0.71,1.71,56.86%,29,51,0.64,3,7.29,1.29,3.14
clay,441,Denis Yevseyev,11,38.36%,28,73,0.62,2.92,6.64,1.12,2.55,57.73%,56,97,0.81,3.88,8.82,1.64,3.73
clay,252,Diego Dedura,37,44.32%,121,273,0.7,3.25,7.38,1.44,3.27,61.63%,151,245,0.62,2.92,6.62,1.12,2.54
clay,375,Dimitar Kuzmanov,23,43.64%,72,165,0.66,3,7.17,1.31,3.13,56.25%,108,192,0.78,3.49,8.35,1.53,3.65
clay,84,Dino Prizmic,22,42.28%,63,149,0.58,2.66,6.77,1.12,2.86,61.54%,72,117,0.43,2.09,5.32,0.8,2.05
clay,652,Dmitry Popko,7,40.00%,18,45,0.64,2.81,6.43,1.12,2.57,48.94%,23,47,0.66,2.94,6.71,1.5,3.43
clay,357,Dominic Stricker,13,38.67%,29,75,0.55,2.68,5.77,1.04,2.23,66.67%,52,78,0.58,2.79,6,0.93,2
clay,307,Duje Ajdukovic,26,35.39%,63,178,0.66,3.24,6.85,1.15,2.42,61.42%,121,197,0.74,3.58,7.58,1.38,2.92
clay,152,Dusan Lajovic,36,38.57%,108,280,0.68,3.33,7.78,1.29,3,54.80%,137,250,0.62,2.98,6.94,1.35,3.14
clay,556,Dylan Dietrich,6,31.15%,19,61,0.85,4.07,10.17,1.27,3.17,66.67%,20,30,0.42,2,5,0.67,1.67
clay,225,Edas Butvilas,21,33.58%,46,137,0.61,2.85,6.52,0.96,2.19,67.76%,103,152,0.68,3.17,7.24,1.02,2.33
clay,375,Eduardo Ribeiro,26,43.37%,85,196,0.69,3.32,7.54,1.44,3.27,53.33%,96,180,0.63,3.05,6.92,1.42,3.23
clay,486,Eero Vasa,10,52.46%,32,61,0.54,2.54,6.1,1.33,3.2,61.86%,60,97,0.86,4.04,9.7,1.54,3.7
clay,314,Eliakim Coulibaly,12,39.24%,31,79,0.71,2.93,6.58,1.15,2.58,60.24%,50,83,0.72,3.07,6.92,1.22,2.75
clay,182,Elias Ymer,7,48.57%,17,35,0.55,2.5,5,1.21,2.43,47.27%,26,55,0.83,3.93,7.86,2.07,4.14
clay,190,Elmer Moller,35,45.55%,133,292,0.82,3.79,8.34,1.73,3.8,53.77%,164,305,0.85,3.96,8.71,1.83,4.03
clay,588,Emilien Demanet,6,43.14%,22,51,0.81,3.64,8.5,1.57,3.67,55.56%,20,36,0.57,2.57,6,1.14,2.67
clay,86,Emilio Nava,39,37.93%,99,261,0.61,2.9,6.69,1.1,2.54,66.41%,174,262,0.6,2.91,6.72,0.98,2.26
clay,323,Enrico Dalla Valle,34,37.85%,81,214,0.58,2.78,6.29,1.05,2.38,59.68%,111,186,0.51,2.42,5.47,0.97,2.21
clay,47,Ethan Quinn,11,26.09%,12,46,0.31,1.59,4.18,0.41,1.09,63.64%,42,66,0.45,2.28,6,0.83,2.18
clay,61,Fabian Marozsan,12,23.46%,19,81,0.57,2.79,6.75,0.66,1.58,60.00%,45,75,0.52,2.59,6.25,1.03,2.5
clay,431,Facundo Bagnis,6,42.86%,21,49,0.69,3.06,8.17,1.31,3.5,45.45%,15,33,0.45,2.06,5.5,1.12,3
clay,107,Facundo Diaz Acosta,71,43.53%,269,618,0.76,3.57,8.7,1.55,3.79,60.84%,289,475,0.57,2.75,6.69,1.08,2.62
clay,332,Facundo Mena,26,39.50%,79,200,0.7,3.28,7.69,1.3,3.04,64.20%,113,176,0.63,2.89,6.77,1.03,2.42
clay,191,Federico Agustin Gomez,34,37.73%,83,220,0.59,2.75,6.47,1.04,2.44,58.72%,138,235,0.62,2.94,6.91,1.21,2.85
clay,481,Federico Arnaboldi,8,24.00%,12,50,0.62,2.78,6.25,0.67,1.5,53.25%,41,77,0.96,4.28,9.62,2,4.5
clay,346,Federico Bondioli,29,41.20%,89,216,0.62,2.96,7.45,1.22,3.07,60.08%,146,243,0.69,3.33,8.38,1.33,3.34
clay,184,Federico Cina,26,46.75%,72,154,0.49,2.33,5.92,1.09,2.77,65.33%,130,199,0.63,3.02,7.65,1.05,2.65
clay,779,Federico Coria,10,38.46%,25,65,0.6,2.83,6.5,1.09,2.5,60.00%,54,90,0.82,3.91,9,1.57,3.6
clay,807,Felipe Meligeni Alves,14,45.33%,34,75,0.49,2.21,5.36,1,2.43,62.04%,67,108,0.7,3.18,7.71,1.21,2.93
clay,29,Felix Auger-Aliassime,13,47.67%,41,86,0.48,2.39,6.62,1.14,3.15,62.67%,47,75,0.41,2.08,5.77,0.78,2.15
clay,248,Felix Balshaw,16,44.80%,56,125,0.73,3.29,7.81,1.47,3.5,57.14%,48,84,0.48,2.21,5.25,0.95,2.25
clay,220,Felix Gill,11,33.80%,24,71,0.58,2.63,6.45,0.89,2.18,58.97%,46,78,0.64,2.89,7.09,1.19,2.91
clay,279,Filip Cristian Jianu,33,43.90%,90,205,0.61,2.81,6.21,1.23,2.73,60.48%,150,248,0.72,3.4,7.52,1.34,2.97
clay,300,Filippo Romano,13,44.12%,30,68,0.52,2.34,5.23,1.03,2.31,60.53%,69,114,0.83,3.93,8.77,1.55,3.46
clay,9,Flavio Cobolli,21,41.89%,62,148,0.57,2.69,7.05,1.13,2.95,63.08%,82,130,0.49,2.36,6.19,0.87,2.29
clay,247,Florent Bax,9,36.36%,16,44,0.43,2.1,4.89,0.76,1.78,67.86%,19,28,0.26,1.33,3.11,0.43,1
clay,292,Florian Broska,10,57.69%,30,52,0.43,2,5.2,1.15,3,63.41%,26,41,0.34,1.58,4.1,0.58,1.5
clay,20,Frances Tiafoe,11,44.23%,46,104,0.54,2.81,9.45,1.24,4.18,61.45%,51,83,0.43,2.24,7.55,0.86,2.91
clay,371,Francesco Forti,20,31.54%,47,149,0.68,3.24,7.45,1.02,2.35,61.64%,90,146,0.65,3.17,7.3,1.22,2.8
clay,149,Francesco Maestrelli,20,37.31%,50,134,0.56,2.68,6.7,1,2.5,62.66%,99,158,0.68,3.16,7.9,1.18,2.95
clay,220,Francesco Passaro,20,39.50%,47,119,0.52,2.59,5.95,1.02,2.35,59.35%,73,123,0.54,2.67,6.15,1.09,2.5
clay,23,Francisco Cerundolo,23,40.62%,91,224,0.9,4.07,9.74,1.65,3.96,63.33%,95,150,0.6,2.73,6.52,1,2.39
clay,91,Francisco Comesana,20,34.38%,55,160,0.57,2.81,8,0.96,2.75,55.17%,80,145,0.5,2.54,7.25,1.14,3.25
clay,265,Franco Agamenone,45,45.38%,172,379,0.75,3.58,8.42,1.62,3.82,60.35%,239,396,0.79,3.74,8.8,1.48,3.49
clay,725,Franco Ribero,7,41.38%,12,29,0.33,1.61,4.14,0.67,1.71,56.86%,29,51,0.6,2.83,7.29,1.22,3.14
clay,225,Franco Roncadelli,52,46.97%,194,413,0.76,3.44,7.94,1.62,3.73,55.08%,233,423,0.76,3.52,8.13,1.58,3.65
clay,235,Frederico Ferreira Silva,36,42.52%,108,254,0.6,2.85,7.06,1.21,3,62.31%,200,321,0.76,3.61,8.92,1.36,3.36
clay,331,Gabi Adrian Boitan,9,47.27%,26,55,0.56,2.5,6.11,1.18,2.89,54.93%,39,71,0.73,3.23,7.89,1.45,3.56
clay,87,Gabriel Diallo,6,30.00%,9,30,0.65,2.73,5,0.82,1.5,50.00%,22,44,0.9,4,7.33,2,3.67
clay,613,Gabriele Pennaforti,5,47.06%,8,17,0.31,1.55,3.4,0.73,1.6,45.71%,16,35,0.67,3.18,7,1.73,3.8
clay,373,Gabriele Piraino,11,36.25%,29,80,0.69,3.08,7.27,1.12,2.64,51.69%,46,89,0.77,3.42,8.09,1.65,3.91
clay,375,Garrett Johns,11,40.98%,25,61,0.52,2.54,5.55,1.04,2.27,63.16%,48,76,0.65,3.17,6.91,1.17,2.55
clay,178,Gauthier Onclin,11,44.32%,39,88,0.64,3.03,8,1.34,3.55,54.12%,46,85,0.62,2.93,7.73,1.34,3.55
clay,200,Genaro Alberto Olivieri,46,41.93%,148,353,0.69,3.15,7.67,1.32,3.22,56.72%,228,402,0.79,3.59,8.74,1.55,3.78
clay,390,Geoffrey Blancaneaux,14,37.78%,34,90,0.63,2.73,6.43,1.03,2.43,53.33%,56,105,0.74,3.18,7.5,1.48,3.5
clay,247,George Loffhagen,6,27.27%,12,44,0.66,3.38,7.33,0.92,2,54.29%,19,35,0.52,2.69,5.83,1.23,2.67
clay,632,Gerard Campana Lee,12,41.56%,32,77,0.56,2.66,6.42,1.1,2.67,48.94%,46,94,0.69,3.24,7.83,1.66,4
clay,196,Gianluca Cadenasso,33,43.40%,125,288,0.83,3.74,8.73,1.62,3.79,50.92%,111,218,0.62,2.83,6.61,1.39,3.24
clay,435,Gianmarco Ferrari,5,42.86%,12,28,0.5,2.33,5.6,1,2.4,72.97%,27,37,0.65,3.08,7.4,0.83,2
clay,230,Gilles Arnaud Bailly,23,38.46%,75,195,0.75,3.48,8.48,1.34,3.26,55.44%,107,193,0.75,3.45,8.39,1.54,3.74
clay,454,Giovanni Fonio,5,38.71%,12,31,0.48,2.38,6.2,0.92,2.4,62.50%,20,32,0.51,2.46,6.4,0.92,2.4
clay,91,Giovanni Mpetshi Perricard,7,29.63%,16,54,0.6,3,7.71,0.89,2.29,65.38%,34,52,0.58,2.89,7.43,1,2.57
clay,160,Gonzalo Bueno,62,46.38%,218,470,0.71,3.26,7.58,1.51,3.52,56.82%,304,535,0.82,3.72,8.63,1.6,3.73
clay,320,Gonzalo Villanueva,41,42.60%,144,338,0.77,3.56,8.24,1.52,3.51,54.21%,193,356,0.81,3.75,8.68,1.72,3.98
clay,146,Grigor Dimitrov,6,35.29%,12,34,0.5,2.43,5.67,0.86,2,21.43%,6,28,0.41,2,4.67,1.57,3.67
clay,223,Guido Ivan Justo,67,46.60%,247,530,0.76,3.49,7.91,1.62,3.69,55.81%,264,473,0.68,3.11,7.06,1.38,3.12
clay,141,Gustavo Heide,43,40.86%,152,372,0.83,3.76,8.65,1.54,3.53,61.04%,152,249,0.56,2.52,5.79,0.98,2.26
clay,1036,Guto Miguel,5,37.78%,17,45,0.88,4.09,9,1.55,3.4,48.39%,15,31,0.6,2.82,6.2,1.45,3.2
clay,195,Guy Den Ouden,25,42.08%,85,202,0.77,3.42,8.08,1.44,3.4,52.57%,92,175,0.66,2.97,7,1.41,3.32
clay,334,Hady Habib,14,39.42%,41,104,0.58,2.89,7.43,1.14,2.93,66.67%,78,117,0.65,3.25,8.36,1.08,2.79
clay,73,Hamad Medjedovic,16,40.62%,52,128,0.64,3.12,8,1.27,3.25,66.37%,75,113,0.56,2.76,7.06,0.93,2.38
clay,255,Harold Mayot,7,26.42%,14,53,0.72,3.12,7.57,0.82,2,41.67%,20,48,0.64,2.82,6.86,1.65,4
clay,214,Henri Squire,46,38.19%,139,364,0.71,3.4,7.91,1.3,3.02,60.95%,192,315,0.61,2.94,6.85,1.15,2.67
clay,123,Henrique Rocha,37,46.98%,132,281,0.68,3.31,7.59,1.55,3.57,57.74%,138,239,0.58,2.81,6.46,1.19,2.73
clay,408,Henry Bernet,11,38.33%,23,60,0.45,2.14,5.45,0.82,2.09,54.17%,39,72,0.53,2.57,6.55,1.18,3
clay,409,Hernan Casanova,30,46.46%,105,226,0.77,3.48,7.53,1.62,3.5,53.93%,103,191,0.66,2.94,6.37,1.35,2.93
clay,18,Hubert Hurkacz,13,37.14%,39,105,0.59,2.92,8.08,1.08,3,64.77%,57,88,0.49,2.44,6.77,0.86,2.38
clay,143,Hugo Dellien,44,41.06%,147,358,0.76,3.51,8.14,1.44,3.34,60.73%,184,303,0.62,2.97,6.89,1.17,2.7
clay,109,Hugo Gaston,20,45.81%,71,155,0.69,3.1,7.75,1.42,3.55,64.64%,117,181,0.8,3.62,9.05,1.28,3.2
clay,221,Hugo Grenier,6,48.84%,21,43,0.69,3.07,7.17,1.5,3.5,56.36%,31,55,0.92,3.93,9.17,1.71,4
clay,268,Hynek Barton,38,38.64%,102,264,0.57,2.84,6.95,1.1,2.68,62.17%,143,230,0.5,2.47,6.05,0.94,2.29
clay,33,Ignacio Buse,48,44.44%,172,387,0.68,3.25,8.06,1.45,3.58,62.28%,208,334,0.58,2.81,6.96,1.06,2.62
clay,693,Ignacio Monzon,8,44.90%,22,49,0.64,3.06,6.12,1.38,2.75,52.86%,37,70,0.93,4.38,8.75,2.06,4.12
clay,318,Igor Marcondes,18,34.21%,52,152,0.71,3.38,8.44,1.16,2.89,53.04%,61,115,0.54,2.56,6.39,1.2,3
clay,304,Ilia Simakin,11,33.33%,23,69,0.52,2.56,6.27,0.85,2.09,59.77%,52,87,0.64,3.22,7.91,1.3,3.18
clay,272,Inaki Montes-De La Torre,22,43.01%,80,186,0.79,3.51,8.45,1.51,3.64,45.75%,70,153,0.66,2.89,6.95,1.57,3.77
clay,351,Ioannis Xilas,7,33.33%,16,48,0.69,3.2,6.86,1.07,2.29,55.71%,39,70,1,4.67,10,2.07,4.43
clay,263,Ivan Gakhov,20,44.78%,60,134,0.63,2.85,6.7,1.28,3,57.51%,111,193,0.9,4.11,9.65,1.74,4.1
clay,584,Ivan Ivanov,7,30.00%,6,20,0.29,1.33,2.86,0.4,0.86,60.00%,45,75,1.15,5,10.71,2,4.29
clay,369,Ivan Marrero Curbelo,9,44.78%,30,67,0.82,3.35,7.44,1.5,3.33,52.54%,31,59,0.74,2.95,6.56,1.4,3.11
clay,389,Jack Kennedy,9,58.62%,51,87,0.8,3.78,9.67,2.22,5.67,48.68%,37,76,0.72,3.3,8.44,1.7,4.33
clay,426,Jack Loge,5,47.83%,22,46,0.7,3.29,9.2,1.57,4.4,54.72%,29,53,0.79,3.79,10.6,1.71,4.8
clay,307,Jacopo Berrettini,7,32.00%,16,50,0.62,2.94,7.14,0.94,2.29,42.86%,18,42,0.55,2.47,6,1.41,3.43
clay,362,Jacopo Vasami,21,36.00%,45,125,0.59,2.78,5.95,1,2.14,61.36%,81,132,0.6,2.93,6.29,1.13,2.43
clay,79,Jaime Faria,42,39.09%,138,353,0.66,3.21,8.4,1.25,3.29,54.91%,151,275,0.51,2.5,6.55,1.13,2.95
clay,17,Jakub Mensik,12,30.36%,34,112,0.64,2.95,9.33,0.89,2.83,58.75%,47,80,0.45,2.11,6.67,0.87,2.75
clay,94,James Duckworth,14,43.02%,37,86,0.53,2.46,6.14,1.06,2.64,78.10%,82,105,0.63,3,7.5,0.66,1.64
clay,931,Jamie Mackenzie,7,42.86%,18,42,0.52,2.47,6,1.06,2.57,60.53%,23,38,0.49,2.24,5.43,0.88,2.14
clay,88,Jan Choinski,51,39.60%,160,404,0.7,3.34,7.92,1.32,3.14,61.67%,177,287,0.49,2.37,5.63,0.91,2.16
clay,508,Jan Kumstat,12,43.75%,35,80,0.62,2.86,6.67,1.25,2.92,67.31%,35,52,0.4,1.86,4.33,0.61,1.42
clay,42,Jan-Lennard Struff,12,41.25%,33,80,0.51,2.58,6.67,1.06,2.75,59.60%,59,99,0.66,3.19,8.25,1.29,3.33
clay,1,Jannik Sinner,19,45.34%,73,161,0.8,3.58,8.47,1.62,3.84,61.70%,29,47,0.23,1.04,2.47,0.4,0.95
clay,43,Jaume Munar,12,40.00%,34,85,0.66,2.93,7.08,1.17,2.83,55.79%,53,95,0.77,3.28,7.92,1.45,3.5
clay,373,Javier Barranco Cosano,6,58.54%,24,41,0.75,3.15,6.83,1.85,4,62.00%,31,50,0.93,3.85,8.33,1.46,3.17
clay,239,Jay Clarke,31,45.32%,121,267,0.75,3.47,8.61,1.57,3.9,63.14%,149,236,0.68,3.06,7.61,1.13,2.81
clay,501,Jelle Sels,17,40.52%,47,116,0.7,3.05,6.82,1.24,2.76,57.34%,82,143,0.87,3.76,8.41,1.61,3.59
clay,1091,Jenson Brooksby,6,35.71%,10,28,0.43,2.15,4.67,0.77,1.67,53.57%,30,56,0.85,4.31,9.33,2,4.33
clay,198,Jerome Kym,13,30.68%,27,88,0.54,2.67,6.77,0.82,2.08,65.38%,51,78,0.48,2.36,6,0.82,2.08
clay,98,Jesper de Jong,25,42.50%,102,240,0.73,3.43,9.6,1.46,4.08,62.56%,132,211,0.63,3.01,8.44,1.13,3.16
clay,12,Jiri Lehecka,10,37.21%,16,43,0.36,1.79,4.3,0.67,1.6,63.27%,31,49,0.41,2.04,4.9,0.75,1.8
clay,448,Joao Eduardo Schiessl,18,34.19%,40,117,0.65,2.92,6.5,1,2.22,56.74%,80,141,0.77,3.52,7.83,1.52,3.39
clay,27,Joao Fonseca,17,44.00%,55,125,0.5,2.45,7.35,1.08,3.24,69.77%,90,129,0.51,2.53,7.59,0.76,2.29
clay,259,Joao Lucas Reis Da Silva,46,43.96%,131,298,0.58,2.66,6.48,1.17,2.85,60.46%,211,349,0.68,3.12,7.59,1.23,3
clay,582,Joaquin Aguilar Cardozo,15,45.95%,51,111,0.72,3.08,7.4,1.42,3.4,53.54%,68,127,0.81,3.53,8.47,1.64,3.93
clay,183,Joel Schwaerzler,38,41.78%,89,213,0.49,2.39,5.61,1,2.34,64.73%,156,241,0.54,2.71,6.34,0.96,2.24
clay,560,Johan Alexander Rodriguez,12,36.26%,33,91,0.71,3.37,7.58,1.22,2.75,63.10%,53,84,0.64,3.11,7,1.15,2.58
clay,412,Johan Nikles,8,41.10%,30,73,0.88,3.84,9.12,1.58,3.75,55.41%,41,74,0.85,3.89,9.25,1.74,4.12
clay,314,Jonas Forejtek,21,40.40%,61,151,0.62,2.96,7.19,1.2,2.9,63.25%,105,166,0.68,3.25,7.9,1.2,2.9
clay,801,Jozef Kovalik,5,53.57%,15,28,0.51,2.33,5.6,1.25,3,41.67%,15,36,0.64,3,7.2,1.75,4.2
clay,276,Juan Bautista Torres,52,48.89%,221,452,0.78,3.65,8.69,1.78,4.25,55.46%,254,458,0.8,3.69,8.81,1.65,3.92
clay,157,Juan Carlos Prado Angelo,52,41.18%,161,391,0.67,3.23,7.52,1.33,3.1,62.61%,273,436,0.73,3.6,8.38,1.35,3.13
clay,457,Juan Cruz Martin Manzano,11,44.29%,31,70,0.57,2.59,6.36,1.15,2.82,54.74%,52,95,0.77,3.52,8.64,1.59,3.91
clay,343,Juan Estevez,19,40.24%,68,169,0.79,3.76,8.89,1.51,3.58,54.11%,79,146,0.69,3.24,7.68,1.49,3.53
clay,52,Juan Manuel Cerundolo,36,45.28%,115,254,0.57,2.76,7.06,1.25,3.19,63.14%,161,255,0.58,2.77,7.08,1.02,2.61
clay,287,Juan Manuel La Serna,41,47.48%,160,337,0.78,3.47,8.22,1.65,3.9,55.66%,182,327,0.74,3.37,7.98,1.49,3.54
clay,273,Juan Pablo Ficovich,22,44.74%,68,152,0.64,2.92,6.91,1.31,3.09,60.96%,89,146,0.61,2.81,6.64,1.1,2.59
clay,274,Juan Pablo Varillas,53,45.36%,166,366,0.63,3.02,6.91,1.37,3.13,63.85%,249,390,0.68,3.22,7.36,1.17,2.66
clay,562,Juan Sebastian Gomez,13,39.39%,39,99,0.7,3.3,7.62,1.3,3,41.18%,35,85,0.59,2.83,6.54,1.67,3.85
clay,840,Juan Sebastian Osorio,5,27.78%,10,36,0.62,2.77,7.2,0.77,2,52.94%,18,34,0.57,2.62,6.8,1.23,3.2
clay,136,Jurij Rodionov,17,37.14%,39,105,0.52,2.56,6.18,0.95,2.29,65.87%,83,126,0.62,3.07,7.41,1.05,2.53
clay,190,Justin Engel,17,40.48%,34,84,0.4,1.95,4.94,0.79,2,61.49%,99,161,0.75,3.74,9.47,1.44,3.65
clay,39,Karen Khachanov,13,39.56%,36,91,0.51,2.53,7,1,2.77,67.65%,69,102,0.58,2.83,7.85,0.92,2.54
clay,611,Karl Poling,5,60.00%,15,25,0.47,2.08,5,1.25,3,37.50%,15,40,0.74,3.33,8,2.08,5
clay,209,Keegan Smith,6,52.00%,13,25,0.4,1.92,4.17,1,2.17,67.50%,27,40,0.62,3.08,6.67,1,2.17
clay,242,Kilian Feldbausch,37,46.63%,159,341,0.85,3.97,9.22,1.85,4.3,57.69%,150,260,0.67,3.02,7.03,1.28,2.97
clay,199,Kimmer Coppejans,34,44.04%,144,327,0.89,4.19,9.62,1.85,4.24,59.04%,160,271,0.74,3.47,7.97,1.42,3.26
clay,270,Kyrian Jacquet,9,37.93%,33,87,0.82,3.62,9.67,1.38,3.67,60.00%,48,80,0.76,3.33,8.89,1.33,3.56
clay,221,Laslo Djere,25,35.47%,72,203,0.75,3.69,8.12,1.31,2.88,56.46%,83,147,0.54,2.67,5.88,1.16,2.56
clay,473,Laurent Lokoli,6,40.54%,15,37,0.59,2.64,6.17,1.07,2.5,58.14%,25,43,0.7,3.07,7.17,1.29,3
clay,213,Lautaro Midon,50,45.43%,189,416,0.71,3.33,8.32,1.51,3.78,54.25%,230,424,0.73,3.39,8.48,1.55,3.88
clay,19,Learner Tien,13,46.36%,51,110,0.64,2.97,8.46,1.38,3.92,53.54%,53,99,0.58,2.68,7.62,1.24,3.54
clay,646,Leo Raquillet,5,57.69%,15,26,0.46,2.17,5.2,1.25,3,48.78%,20,41,0.72,3.42,8.2,1.75,4.2
clay,202,Liam Broady,7,39.29%,22,56,0.77,3.29,8,1.29,3.14,51.06%,24,47,0.62,2.76,6.71,1.35,3.29
clay,246,Liam Draxl,7,37.50%,21,56,0.69,3.29,8,1.24,3,53.45%,31,58,0.75,3.41,8.29,1.59,3.86
clay,298,Lilian Marmousez,8,51.79%,29,56,0.56,2.67,7,1.38,3.62,48.39%,30,62,0.61,2.95,7.75,1.52,4
clay,477,Lorenzo Carboni,11,36.59%,30,82,0.67,3.04,7.45,1.11,2.73,48.78%,40,82,0.68,3.04,7.45,1.56,3.82
clay,201,Lorenzo Giustino,34,39.30%,101,257,0.69,3.17,7.56,1.25,2.97,59.24%,141,238,0.62,2.94,7,1.2,2.85
clay,454,Lorenzo Joaquin Rodriguez,21,35.46%,50,141,0.67,3.07,6.71,1.09,2.38,57.36%,74,129,0.61,2.8,6.14,1.2,2.62
clay,13,Lorenzo Musetti,10,43.14%,22,51,0.5,2.55,5.1,1.1,2.2,67.69%,44,65,0.64,3.25,6.5,1.05,2.1
clay,88,Lorenzo Sonego,10,30.77%,20,65,0.52,2.5,6.5,0.77,2,56.41%,44,78,0.63,3,7.8,1.31,3.4
clay,173,Luca Nardi,7,40.30%,27,67,0.75,3.72,9.57,1.5,3.86,62.82%,49,78,0.87,4.33,11.14,1.61,4.14
clay,589,Luca Staeheli,5,44.44%,16,36,0.64,3,7.2,1.33,3.2,60.00%,27,45,0.8,3.75,9,1.5,3.6
clay,129,Luca Van Assche,30,49.83%,143,287,0.77,3.54,9.57,1.77,4.77,61.22%,161,263,0.7,3.25,8.77,1.26,3.4
clay,813,Lucas Andrade Da Silva,6,25.00%,10,40,0.56,2.86,6.67,0.71,1.67,50.00%,13,26,0.38,1.86,4.33,0.93,2.17
clay,22,Luciano Darderi,38,42.07%,130,309,0.71,3.32,8.13,1.4,3.42,58.53%,127,217,0.5,2.33,5.71,0.97,2.37
clay,311,Luciano Emanuel Ambrogi,38,48.15%,117,243,0.58,2.67,6.39,1.29,3.08,56.13%,151,269,0.65,2.96,7.08,1.3,3.11
clay,380,Lucio Ratti,11,42.03%,29,69,0.64,2.76,6.27,1.16,2.64,55.56%,40,72,0.67,2.88,6.55,1.28,2.91
clay,195,Luka Mikrut,33,45.70%,117,256,0.7,3.2,7.76,1.46,3.55,62.63%,124,198,0.53,2.48,6,0.93,2.24
clay,208,Luka Pavlovic,29,38.19%,55,144,0.44,2.03,4.97,0.77,1.9,60.38%,128,212,0.64,2.99,7.31,1.18,2.9
clay,173,Lukas Neumayer,38,41.74%,134,321,0.78,3.65,8.45,1.52,3.53,60.38%,157,260,0.64,2.95,6.84,1.17,2.71
clay,145,Mackenzie McDonald,6,41.67%,10,24,0.38,1.85,4,0.77,1.67,51.52%,17,33,0.54,2.54,5.5,1.23,2.67
clay,233,Maks Kasnikowski,20,37.93%,55,145,0.62,2.9,7.25,1.1,2.75,48.54%,50,103,0.45,2.06,5.15,1.06,2.65
clay,372,Manas Dhamne,16,41.06%,62,151,0.75,3.77,9.44,1.55,3.88,60.93%,92,151,0.77,3.77,9.44,1.48,3.69
clay,381,Marat Sharipov,10,45.33%,34,75,0.74,3.41,7.5,1.55,3.4,59.52%,50,84,0.8,3.82,8.4,1.55,3.4
clay,297,Marc-Andrea Huesler,8,30.19%,16,53,0.62,2.94,6.62,0.89,2,62.79%,27,43,0.48,2.39,5.38,0.89,2
clay,174,Marco Cecchinato,68,38.60%,188,487,0.65,3.06,7.16,1.18,2.76,63.21%,280,443,0.57,2.79,6.51,1.03,2.4
clay,95,Marco Trungelliti,51,39.61%,185,467,0.79,3.8,9.16,1.5,3.63,62.73%,207,330,0.55,2.68,6.47,1,2.41
clay,45,Marcos Giron,7,35.56%,16,45,0.45,2.25,6.43,0.8,2.29,53.33%,24,45,0.46,2.25,6.43,1.05,3
clay,624,Mariano Kestelboim,9,60.71%,17,28,0.33,1.47,3.11,0.89,1.89,48.61%,35,72,0.87,3.79,8,1.95,4.11
clay,46,Mariano Navone,40,43.85%,171,390,0.88,4.11,9.75,1.8,4.28,55.39%,149,269,0.61,2.83,6.72,1.26,3
clay,182,Marin Cilic,9,33.33%,16,48,0.49,2.4,5.33,0.8,1.78,60.00%,33,55,0.58,2.75,6.11,1.1,2.44
clay,189,Mark Lajal,6,48.72%,19,39,0.53,2.6,6.5,1.27,3.17,57.14%,20,35,0.46,2.33,5.83,1,2.5
clay,348,Marko Topo,21,40.46%,53,131,0.53,2.52,6.24,1.02,2.52,54.88%,90,164,0.68,3.15,7.81,1.42,3.52
clay,326,Martin Damm,8,28.12%,9,32,0.36,1.78,4,0.5,1.12,60.47%,26,43,0.47,2.39,5.38,0.94,2.12
clay,261,Martin Krumich,30,40.78%,115,282,0.79,3.76,9.4,1.53,3.83,52.21%,118,226,0.63,3.01,7.53,1.44,3.6
clay,143,Martin Landaluce,21,41.83%,64,153,0.56,2.68,7.29,1.12,3.05,66.88%,103,154,0.57,2.7,7.33,0.89,2.43
clay,372,Marvin Moeller,13,39.82%,45,113,0.77,3.65,8.69,1.45,3.46,54.12%,46,85,0.57,2.74,6.54,1.26,3
clay,254,Matej Dodig,28,42.21%,84,199,0.6,2.84,7.11,1.2,3,58.76%,114,194,0.59,2.77,6.93,1.14,2.86
clay,548,Mateus Alves,12,34.78%,24,69,0.55,2.46,5.75,0.86,2,56.18%,50,89,0.71,3.18,7.42,1.39,3.25
clay,297,Matheus Pucinelli De Almeida,38,51.68%,169,327,0.79,3.59,8.61,1.86,4.45,57.48%,169,294,0.7,3.23,7.74,1.37,3.29
clay,377,Mathys Erhard,31,42.33%,80,189,0.59,2.78,6.1,1.18,2.58,58.70%,108,184,0.57,2.71,5.94,1.12,2.45
clay,296,Matias Soto,42,44.94%,120,267,0.6,2.78,6.36,1.25,2.86,60.80%,183,301,0.68,3.14,7.17,1.23,2.81
clay,35,Matteo Arnaldi,17,40.11%,71,177,0.69,3.4,10.41,1.37,4.18,62.00%,93,150,0.58,2.88,8.82,1.1,3.35
clay,35,Matteo Berrettini,22,41.09%,53,129,0.47,2.35,5.86,0.96,2.41,64.46%,78,121,0.45,2.2,5.5,0.78,1.95
clay,280,Matteo Martineau,14,42.86%,30,70,0.49,2.26,5,0.97,2.14,58.25%,60,103,0.72,3.32,7.36,1.39,3.07
clay,101,Mattia Bellucci,18,42.72%,44,103,0.52,2.58,5.72,1.1,2.44,61.61%,69,112,0.58,2.8,6.22,1.07,2.39
clay,700,Matyas Cerny,7,35.09%,20,57,0.72,3.17,8.14,1.11,2.86,38.46%,15,39,0.51,2.17,5.57,1.33,3.43
clay,704,Matyas Fuele,5,42.11%,16,38,0.63,2.92,7.6,1.23,3.2,53.66%,22,41,0.71,3.15,8.2,1.46,3.8
clay,181,Max Alcala Gurri,30,46.55%,135,290,0.94,4.26,9.67,1.99,4.5,51.74%,89,172,0.56,2.53,5.73,1.22,2.77
clay,1378,Max Dahlin,5,25.00%,9,36,0.49,2.57,7.2,0.64,1.8,54.17%,13,24,0.33,1.71,4.8,0.79,2.2
clay,339,Max Hans Rehberg,17,42.20%,46,109,0.53,2.66,6.41,1.12,2.71,67.42%,60,89,0.45,2.17,5.24,0.71,1.71
clay,241,Max Houkes,26,44.89%,79,176,0.62,2.93,6.77,1.32,3.04,58.71%,118,201,0.72,3.35,7.73,1.38,3.19
clay,310,Max Schoenhaus,14,36.00%,36,100,0.62,2.94,7.14,1.06,2.57,54.65%,47,86,0.51,2.53,6.14,1.15,2.79
clay,554,Max Wiskandt,6,29.41%,15,51,0.88,3.92,8.5,1.15,2.5,48.78%,20,41,0.67,3.15,6.83,1.62,3.5
clay,304,Maxim Mrva,29,45.73%,107,234,0.67,3.3,8.07,1.51,3.69,50.20%,126,251,0.72,3.54,8.66,1.76,4.31
clay,488,Maxime Chazal,5,35.29%,12,34,0.59,2.83,6.8,1,2.4,63.46%,33,52,0.95,4.33,10.4,1.58,3.8
clay,832,Maximilian Neuchrist,6,22.22%,4,18,0.22,1.12,3,0.25,0.67,60.47%,26,43,0.55,2.69,7.17,1.06,2.83
clay,625,Maximo Zeitune,11,39.29%,22,56,0.46,2.15,5.09,0.85,2,55.43%,51,92,0.77,3.54,8.36,1.58,3.73
clay,298,Mert Alkaya,7,38.89%,21,54,0.79,3.6,7.71,1.4,3,58.33%,28,48,0.68,3.2,6.86,1.33,2.86
clay,342,Michael Geerts,5,38.10%,8,21,0.38,1.75,4.2,0.67,1.6,65.71%,23,35,0.62,2.92,7,1,2.4
clay,187,Michael Mmoh,5,41.67%,10,24,0.45,2.18,4.8,0.91,2,65.38%,17,26,0.5,2.36,5.2,0.82,1.8
clay,267,Michele Ribecai,24,47.49%,85,179,0.68,3.09,7.46,1.47,3.54,59.16%,113,191,0.72,3.29,7.96,1.34,3.25
clay,286,Miguel Damas,39,43.59%,136,312,0.76,3.47,8,1.51,3.49,54.73%,185,338,0.8,3.76,8.67,1.7,3.92
clay,473,Miguel Tobon,21,40.31%,52,129,0.56,2.58,6.14,1.04,2.48,57.69%,105,182,0.8,3.64,8.67,1.54,3.67
clay,415,Mika Brunold,15,44.76%,47,105,0.61,3,7,1.34,3.13,52.68%,59,112,0.67,3.2,7.47,1.51,3.53
clay,434,Mika Petkovic,7,43.75%,14,32,0.42,2,4.57,0.88,2,58.46%,38,65,0.86,4.06,9.29,1.69,3.86
clay,352,Mili Poljicak,31,36.80%,92,250,0.74,3.42,8.06,1.26,2.97,56.99%,110,193,0.57,2.64,6.23,1.14,2.68
clay,461,Milos Karol,10,40.28%,29,72,0.56,2.67,7.2,1.07,2.9,58.82%,40,68,0.52,2.52,6.8,1.04,2.8
clay,55,Miomir Kecmanovic,15,45.28%,48,106,0.59,2.72,7.07,1.23,3.2,63.89%,69,108,0.6,2.77,7.2,1,2.6
clay,364,Mitchell Krueger,7,41.54%,27,65,0.72,3.61,9.29,1.5,3.86,44.90%,22,49,0.55,2.72,7,1.5,3.86
clay,151,Moez Echargui,9,29.17%,14,48,0.49,2.29,5.33,0.67,1.56,56.00%,42,75,0.77,3.57,8.33,1.57,3.67
clay,213,Moise Kouame,8,30.77%,20,65,0.58,2.83,8.12,0.87,2.5,64.10%,50,78,0.71,3.39,9.75,1.22,3.5
clay,317,Murkel Dellien,41,41.99%,139,331,0.8,3.52,8.07,1.48,3.39,56.11%,170,303,0.74,3.22,7.39,1.41,3.24
clay,235,Nerman Fatic,23,39.43%,69,175,0.68,3.3,7.61,1.3,3,58.23%,92,158,0.63,2.98,6.87,1.25,2.87
clay,267,Nick Hardt,17,54.26%,70,129,0.69,3.07,7.59,1.67,4.12,62.77%,86,137,0.73,3.26,8.06,1.21,3
clay,131,Nicolai Budkov Kjaer,14,43.21%,35,81,0.6,2.79,5.79,1.21,2.5,52.27%,46,88,0.65,3.03,6.29,1.45,3
clay,475,Nicolas Alvarez Varona,9,41.07%,23,56,0.58,2.55,6.22,1.05,2.56,48.53%,33,68,0.72,3.09,7.56,1.59,3.89
clay,155,Nicolas Jarry,6,38.64%,17,44,0.66,3.14,7.33,1.21,2.83,72.00%,18,25,0.38,1.79,4.17,0.5,1.17
clay,369,Nicolas Kicker,42,50.74%,138,272,0.62,2.86,6.48,1.45,3.29,58.79%,184,313,0.73,3.29,7.45,1.36,3.07
clay,223,Nicolas Mejia,26,36.79%,78,212,0.75,3.53,8.15,1.3,3,69.66%,101,145,0.5,2.42,5.58,0.73,1.69
clay,664,Nicolas Villalon,9,44.05%,37,84,0.74,3.65,9.33,1.61,4.11,59.52%,50,84,0.76,3.65,9.33,1.48,3.78
clay,802,Nicolas Zanellato,5,42.42%,14,33,0.54,2.54,6.6,1.08,2.8,40.00%,18,45,0.74,3.46,9,2.08,5.4
clay,509,Niels McDonald,12,39.13%,36,92,0.72,3.54,7.67,1.38,3,59.41%,60,101,0.78,3.88,8.42,1.58,3.42
clay,439,Niels Visker,5,58.33%,7,12,0.27,1.2,2.4,0.7,1.4,52.00%,13,25,0.52,2.5,5,1.2,2.4
clay,214,Nikolas Sanchez Izquierdo,60,39.25%,210,535,0.8,3.77,8.92,1.48,3.5,54.04%,214,396,0.6,2.79,6.6,1.28,3.03
clay,133,Nikoloz Basilashvili,17,39.50%,47,119,0.58,2.7,7,1.07,2.76,56.72%,76,134,0.64,3.05,7.88,1.32,3.41
clay,148,Nishesh Basavareddy,18,42.96%,58,135,0.64,2.93,7.5,1.26,3.22,60.87%,84,138,0.64,3,7.67,1.17,3
clay,423,Norbert Gombos,21,34.43%,42,122,0.55,2.54,5.81,0.88,2,58.39%,87,149,0.69,3.1,7.1,1.29,2.95
clay,36,Nuno Borges,20,39.72%,56,141,0.59,2.82,7.05,1.12,2.8,64.39%,85,132,0.55,2.64,6.6,0.94,2.35
clay,357,Ognjen Milic,8,37.74%,20,53,0.57,2.52,6.62,0.95,2.5,55.22%,37,67,0.71,3.19,8.38,1.43,3.75
clay,400,Oleg Prihodko,13,37.50%,27,72,0.53,2.67,5.54,1,2.08,62.24%,61,98,0.74,3.63,7.54,1.37,2.85
clay,386,Olle Wallin,10,44.78%,30,67,0.59,2.79,6.7,1.25,3,64.52%,40,62,0.56,2.58,6.2,0.92,2.2
clay,319,Oriol Roca Batalla,12,33.85%,22,65,0.5,2.5,5.42,0.85,1.83,56.94%,41,72,0.55,2.77,6,1.19,2.58
clay,115,Otto Virtanen,14,42.27%,41,97,0.61,3.03,6.93,1.28,2.93,52.70%,39,74,0.48,2.31,5.29,1.09,2.5
clay,184,Pablo Carreno Busta,41,43.63%,154,353,0.7,3.27,8.61,1.43,3.76,54.58%,143,262,0.52,2.43,6.39,1.1,2.9
clay,129,Pablo Llamas Ruiz,36,42.38%,114,269,0.69,3.2,7.47,1.36,3.17,60.80%,121,199,0.51,2.37,5.53,0.93,2.17
clay,503,Paulo Andre Saraiva Dos Santos,16,38.52%,47,122,0.62,2.98,7.62,1.15,2.94,55.74%,68,122,0.63,2.98,7.62,1.32,3.38
clay,243,Pavel Kotov,7,38.00%,19,50,0.66,2.94,7.14,1.12,2.71,58.33%,35,60,0.79,3.53,8.57,1.47,3.57
clay,256,Pedro Boscardin Dias,46,45.87%,139,303,0.61,2.86,6.59,1.31,3.02,55.16%,203,368,0.75,3.47,8,1.56,3.59
clay,148,Pedro Martinez,30,40.66%,98,241,0.73,3.39,8.03,1.38,3.27,52.75%,115,218,0.68,3.07,7.27,1.45,3.43
clay,496,Pedro Sakamoto,19,42.62%,52,122,0.57,2.77,6.42,1.18,2.74,62.30%,119,191,0.89,4.34,10.05,1.64,3.79
clay,530,Pedro Vives Marcos,5,41.67%,10,24,0.63,2.67,4.8,1.11,2,61.76%,21,34,0.85,3.78,6.8,1.44,2.6
clay,787,Peter Bertran,7,41.30%,19,46,0.61,2.71,6.57,1.12,2.71,62.75%,32,51,0.69,3,7.29,1.12,2.71
clay,567,Peter Fajta,5,37.84%,14,37,0.79,3.7,7.4,1.4,2.8,57.69%,15,26,0.53,2.6,5.2,1.1,2.2
clay,285,Petr Bar Biryukov,7,32.73%,18,55,0.63,3.06,7.86,1,2.57,60.29%,41,68,0.78,3.78,9.71,1.5,3.86
clay,340,Petr Brunclik,16,33.61%,40,119,0.7,3.31,7.44,1.11,2.5,64.65%,64,99,0.59,2.75,6.19,0.97,2.19
clay,396,Petr Nesterov,8,53.19%,25,47,0.57,2.61,5.88,1.39,3.12,65.31%,32,49,0.59,2.72,6.12,0.94,2.12
clay,295,Philip Henning,9,32.47%,25,77,0.8,3.67,8.56,1.19,2.78,62.35%,53,85,0.89,4.05,9.44,1.52,3.56
clay,839,Pierluigi Basile,9,45.61%,26,57,0.55,2.59,6.33,1.18,2.89,59.72%,43,72,0.7,3.27,8,1.32,3.22
clay,232,Pierre-Hugues Herbert,6,39.39%,13,33,0.42,2.06,5.5,0.81,2.17,73.77%,45,61,0.75,3.81,10.17,1,2.67
clay,446,Pietro Fellin,5,29.03%,9,31,0.66,2.82,6.2,0.82,1.8,57.14%,20,35,0.74,3.18,7,1.36,3
clay,222,Pol Martin Tiffon,32,34.82%,78,224,0.64,3.03,7,1.05,2.44,61.60%,154,250,0.73,3.38,7.81,1.3,3
clay,83,Quentin Halys,16,36.14%,30,83,0.43,2.13,5.19,0.77,1.88,70.89%,56,79,0.4,2.03,4.94,0.59,1.44
clay,519,Radu Albot,13,40.16%,51,127,0.86,4.1,9.77,1.65,3.92,52.50%,63,120,0.82,3.87,9.23,1.84,4.38
clay,15,Rafael Jodar,23,45.41%,94,207,0.75,3.34,9,1.52,4.09,64.96%,89,137,0.48,2.21,5.96,0.77,2.09
clay,38,Raphael Collignon,27,45.66%,79,173,0.55,2.66,6.41,1.22,2.93,66.90%,95,142,0.45,2.18,5.26,0.72,1.74
clay,410,Raphael Perot,5,28.21%,11,39,0.87,3.9,7.8,1.1,2.2,57.58%,19,33,0.75,3.3,6.6,1.4,2.8
clay,231,Raul Brancaccio,31,39.57%,91,230,0.67,3.07,7.42,1.21,2.94,60.44%,136,225,0.65,3,7.26,1.19,2.87
clay,538,Reda Bennani,5,34.78%,8,23,0.35,1.77,4.6,0.62,1.6,67.50%,27,40,0.65,3.08,8,1,2.6
clay,150,Rei Sakamoto,7,43.33%,13,30,0.42,2,4.29,0.87,1.86,50.00%,18,36,0.5,2.4,5.14,1.2,2.57
clay,182,Remy Bertola,22,40.65%,63,155,0.67,3.04,7.05,1.24,2.86,64.00%,128,200,0.84,3.92,9.09,1.41,3.27
clay,93,Rinky Hijikata,9,36.36%,20,55,0.47,2.2,6.11,0.8,2.22,61.11%,44,72,0.63,2.88,8,1.12,3.11
clay,183,Roberto Bautista Agut,11,39.62%,21,53,0.45,2.04,4.82,0.81,1.91,49.30%,35,71,0.6,2.73,6.45,1.38,3.27
clay,176,Roberto Carballes Baena,34,42.58%,109,256,0.69,3.08,7.53,1.31,3.21,57.08%,129,226,0.61,2.72,6.65,1.17,2.85
clay,320,Rodrigo Pacheco Mendez,21,30.99%,53,171,0.7,3.29,8.14,1.02,2.52,60.80%,76,125,0.52,2.4,5.95,0.94,2.33
clay,152,Roman Andres Burruchaga,59,44.16%,242,548,0.84,3.89,9.29,1.72,4.1,59.38%,247,416,0.64,2.95,7.05,1.2,2.86
clay,132,Roman Safiullin,23,46.49%,86,185,0.7,3.25,8.04,1.51,3.74,61.74%,92,149,0.55,2.61,6.48,1,2.48
clay,484,Rudolf Molleker,10,29.63%,24,81,0.68,3.24,8.1,0.96,2.4,57.83%,48,83,0.7,3.32,8.3,1.4,3.5
clay,594,Ryan Dickerson,9,40.43%,19,47,0.53,2.35,5.22,0.95,2.11,60.98%,50,82,0.92,4.1,9.11,1.6,3.56
clay,488,Ryan Nijboer,9,39.13%,18,46,0.51,2.42,5.11,0.95,2,62.30%,38,61,0.69,3.21,6.78,1.21,2.56
clay,750,Ryan Seggerman,7,28.33%,17,60,0.72,3.53,8.57,1,2.43,67.44%,29,43,0.52,2.53,6.14,0.82,2
clay,665,Saba Purtseladze,6,39.29%,11,28,0.44,2,4.67,0.79,1.83,52.54%,31,59,0.94,4.21,9.83,2,4.67
clay,656,Samuel Alejandro Linde Palacios,10,40.91%,18,44,0.46,2,4.4,0.82,1.8,54.29%,57,105,1.15,4.77,10.5,2.18,4.8
clay,727,Samuel Heredia,11,33.80%,24,71,0.55,2.63,6.45,0.89,2.18,61.29%,57,93,0.73,3.44,8.45,1.33,3.27
clay,400,Samuele Pieri,14,42.05%,37,88,0.53,2.59,6.29,1.09,2.64,56.03%,65,116,0.72,3.41,8.29,1.5,3.64
clay,293,Sandro Kopp,31,41.25%,99,240,0.65,3.16,7.74,1.3,3.19,59.05%,124,210,0.58,2.76,6.77,1.13,2.77
clay,625,Santiago De La Fuente,10,54.10%,33,61,0.54,2.65,6.1,1.43,3.3,52.99%,62,117,1.05,5.09,11.7,2.39,5.5
clay,384,Santiago Rodriguez Taverna,35,35.83%,86,240,0.57,2.7,6.86,0.97,2.46,58.70%,145,247,0.58,2.78,7.06,1.15,2.91
clay,313,Sascha Gueymard Wayenburg,21,38.02%,46,121,0.54,2.52,5.76,0.96,2.19,58.90%,96,163,0.7,3.4,7.76,1.4,3.19
clay,341,Sean Cuenin,5,40.00%,10,25,0.54,2.78,5,1.11,2,58.82%,20,34,0.74,3.78,6.8,1.56,2.8
clay,28,Sebastian Baez,31,43.81%,92,210,0.63,3,6.77,1.31,2.97,60.00%,141,235,0.72,3.36,7.58,1.34,3.03
clay,516,Sebastian Gima,12,41.54%,27,65,0.53,2.5,5.42,1.04,2.25,52.44%,43,82,0.69,3.15,6.83,1.5,3.25
clay,124,Sebastian Ofner,29,40.20%,80,199,0.6,2.97,6.86,1.19,2.76,65.95%,122,185,0.57,2.76,6.38,0.94,2.17
clay,302,Sergey Fomin,11,44.05%,37,84,0.67,3.11,7.64,1.37,3.36,54.64%,53,97,0.76,3.59,8.82,1.63,4
clay,452,Sergio Callejon Hernando,6,48.21%,27,56,0.85,4,9.33,1.93,4.5,52.00%,26,50,0.78,3.57,8.33,1.71,4
clay,117,Shintaro Mochizuki,6,48.21%,27,56,0.79,3.73,9.33,1.8,4.5,58.46%,38,65,0.94,4.33,10.83,1.8,4.5
clay,118,Stan Wawrinka,11,30.00%,21,70,0.48,2.41,6.36,0.72,1.91,57.69%,45,78,0.53,2.69,7.09,1.14,3
clay,261,Stefan Dostanic,13,43.90%,36,82,0.6,2.65,6.31,1.16,2.77,53.85%,42,78,0.57,2.52,6,1.16,2.77
clay,296,Stefan Kozlov,9,41.03%,32,78,0.81,3.71,8.67,1.52,3.56,56.72%,38,67,0.71,3.19,7.44,1.38,3.22
clay,411,Stefan Palosi,19,39.13%,54,138,0.68,3.07,7.26,1.2,2.84,53.85%,84,156,0.77,3.47,8.21,1.6,3.79
clay,229,Stefano Napolitano,28,43.18%,76,176,0.59,2.75,6.29,1.19,2.71,52.71%,68,129,0.43,2.02,4.61,0.95,2.18
clay,142,Stefano Travaglia,39,43.21%,156,361,0.82,3.97,9.26,1.71,4,56.08%,143,255,0.58,2.8,6.54,1.23,2.87
clay,153,Stefanos Sakellaridis,17,45.13%,51,113,0.56,2.76,6.65,1.24,3,58.59%,58,99,0.48,2.41,5.82,1,2.41
clay,11,Stefanos Tsitsipas,16,38.54%,37,96,0.45,2.34,6,0.9,2.31,73.86%,65,88,0.42,2.15,5.5,0.56,1.44
clay,246,Sumit Nagal,34,42.90%,130,303,0.8,3.79,8.91,1.62,3.82,56.88%,153,269,0.71,3.36,7.91,1.45,3.41
clay,584,Svyatoslav Gulin,10,38.57%,27,70,0.63,2.8,7,1.08,2.7,42.67%,32,75,0.68,3,7.5,1.72,4.3
clay,69,Tallon Griekspoor,10,35.71%,25,70,0.55,2.69,7,0.96,2.5,58.97%,46,78,0.62,3,7.8,1.23,3.2
clay,194,Taro Daniel,16,47.93%,58,121,0.7,3.36,7.56,1.61,3.62,65.79%,75,114,0.66,3.17,7.12,1.08,2.44
clay,46,Terence Atmane,11,35.85%,19,53,0.38,1.89,4.82,0.68,1.73,58.73%,37,63,0.44,2.25,5.73,0.93,2.36
clay,115,Thiago Agustin Tirante,40,45.56%,113,248,0.52,2.58,6.2,1.18,2.83,62.50%,140,224,0.47,2.33,5.6,0.88,2.1
clay,722,Thiago Cigarran,8,40.30%,27,67,0.76,3.53,8.38,1.42,3.38,59.76%,49,82,0.93,4.32,10.25,1.74,4.12
clay,303,Thiago Monteiro,37,42.99%,95,221,0.54,2.63,5.97,1.13,2.57,56.93%,115,202,0.5,2.4,5.46,1.04,2.35
clay,206,Thiago Seyboth Wild,34,49.57%,115,232,0.64,2.94,6.82,1.46,3.38,63.51%,141,222,0.6,2.81,6.53,1.03,2.38
clay,321,Thomas Faurel,14,42.05%,37,88,0.51,2.51,6.29,1.06,2.64,61.48%,75,122,0.71,3.49,8.71,1.34,3.36
clay,371,Tiago Pereira,21,41.74%,48,115,0.52,2.4,5.48,1,2.29,50.00%,93,186,0.87,3.88,8.86,1.94,4.43
clay,427,Tiago Torres,5,56.00%,14,25,0.56,2.5,5,1.4,2.8,61.22%,30,49,1.04,4.9,9.8,1.9,3.8
clay,500,Tibo Colson,5,25.71%,9,35,0.6,2.92,7,0.75,1.8,61.29%,19,31,0.52,2.58,6.2,1,2.4
clay,150,Timofey Skatov,35,42.05%,111,264,0.69,3.18,7.54,1.34,3.17,57.48%,169,294,0.77,3.54,8.4,1.51,3.57
clay,185,Titouan Droguet,25,44.17%,72,163,0.6,2.72,6.52,1.2,2.88,62.84%,93,148,0.53,2.47,5.92,0.92,2.2
clay,112,Toby Samuel,14,41.90%,44,105,0.64,3,7.5,1.26,3.14,59.34%,54,91,0.55,2.6,6.5,1.06,2.64
clay,186,Tom Gentzsch,31,42.01%,92,219,0.64,3.08,7.06,1.3,2.97,64.82%,129,199,0.58,2.8,6.42,0.99,2.26
clay,139,Tomas Barrios Vera,44,43.30%,152,351,0.73,3.44,7.98,1.49,3.45,60.47%,182,301,0.62,2.95,6.84,1.17,2.7
clay,43,Tomas Machac,11,38.96%,30,77,0.54,2.57,7,1,2.73,53.09%,43,81,0.56,2.7,7.36,1.27,3.45
clay,30,Tomas Martin Etcheverry,28,40.35%,69,171,0.49,2.41,6.11,0.97,2.46,52.82%,75,142,0.42,2,5.07,0.94,2.39
clay,567,Tomasz Berkieta,6,31.71%,13,41,0.65,3.15,6.83,1,2.17,58.14%,25,43,0.7,3.31,7.17,1.38,3
clay,358,Tommaso Compagnucci,13,52.94%,36,68,0.49,2.34,5.23,1.24,2.77,59.38%,57,96,0.69,3.31,7.38,1.34,3
clay,21,Tommy Paul,16,42.07%,61,145,0.65,3.22,9.06,1.36,3.81,60.53%,69,114,0.51,2.53,7.12,1,2.81
clay,162,Tristan Boyer,20,47.97%,71,148,0.64,2.9,7.4,1.39,3.55,59.15%,97,164,0.68,3.22,8.2,1.31,3.35
clay,604,Tristan McCormick,5,50.00%,11,22,0.41,2,4.4,1,2.2,64.10%,25,39,0.74,3.55,7.8,1.27,2.8
clay,148,Tristan Schoolkate,9,37.68%,26,69,0.64,3.14,7.67,1.18,2.89,56.86%,29,51,0.46,2.32,5.67,1,2.44
clay,343,Tyler Zink,6,33.33%,21,63,0.94,4.2,10.5,1.4,3.5,62.00%,31,50,0.75,3.33,8.33,1.27,3.17
clay,173,Ugo Blanchet,5,40.00%,8,20,0.38,1.82,4,0.73,1.6,61.36%,27,44,0.81,4,8.8,1.55,3.4
clay,28,Ugo Humbert,10,41.67%,25,60,0.49,2.4,6,1,2.5,60.87%,42,69,0.55,2.76,6.9,1.08,2.7
clay,203,Valentin Royer,24,40.24%,66,164,0.6,2.83,6.83,1.14,2.75,57.86%,92,159,0.59,2.74,6.62,1.16,2.79
clay,18,Valentin Vacherot,14,35.71%,40,112,0.64,3.11,8,1.11,2.86,70.65%,65,92,0.52,2.56,6.57,0.75,1.93
clay,442,Valerio Aboian,25,44.13%,79,179,0.67,3.14,7.16,1.39,3.16,59.28%,131,221,0.84,3.88,8.84,1.58,3.6
clay,128,Vilius Gaubas,45,39.45%,144,365,0.67,3.23,8.11,1.27,3.2,61.50%,238,387,0.69,3.42,8.6,1.32,3.31
clay,125,Vit Kopriva,40,44.48%,125,281,0.63,2.9,7.03,1.29,3.12,58.04%,166,286,0.64,2.95,7.15,1.24,3
clay,215,Vitaliy Sachko,29,40.53%,92,227,0.68,3.2,7.83,1.3,3.17,58.90%,129,219,0.65,3.08,7.55,1.27,3.1
clay,530,Vladyslav Orlov,6,32.08%,17,53,0.76,3.53,8.83,1.13,2.83,48.28%,28,58,0.83,3.87,9.67,2,5
clay,801,Wilson Leite,5,35.29%,12,34,0.76,3.09,6.8,1.09,2.4,46.15%,18,39,0.85,3.55,7.8,1.91,4.2
clay,98,Yannick Hanfmann,23,36.73%,54,147,0.52,2.67,6.39,0.98,2.35,63.46%,66,104,0.37,1.89,4.52,0.69,1.65
clay,106,Yibing Wu,11,45.88%,39,85,0.65,3.15,7.73,1.44,3.55,56.45%,35,62,0.46,2.3,5.64,1,2.45
clay,222,Yu Hsiou Hsu,5,41.18%,14,34,0.59,2.62,6.8,1.08,2.8,45.16%,14,31,0.55,2.38,6.2,1.31,3.4
clay,165,Zachary Svajda,8,45.45%,20,44,0.35,1.69,5.5,0.77,2.5,50.85%,30,59,0.47,2.27,7.38,1.12,3.62
clay,154,Zdenek Kolar,67,40.76%,225,552,0.79,3.66,8.24,1.49,3.36,58.80%,254,432,0.62,2.86,6.45,1.18,2.66
clay,156,Zhizhen Zhang,7,48.15%,13,27,0.34,1.59,3.86,0.76,1.86,57.41%,31,54,0.68,3.18,7.71,1.35,3.29
clay,34,Zizou Bergs,15,43.16%,41,95,0.57,2.71,6.33,1.17,2.73,55.06%,49,89,0.54,2.54,5.93,1.14,2.67
clay,119,Zsombor Piros,31,47.09%,105,223,0.68,3.05,7.19,1.44,3.39,63.28%,112,177,0.52,2.42,5.71,0.89,2.1
grass,91,Adam Walton,8,41.79%,28,67,0.67,3.35,8.38,1.4,3.5,56.25%,27,48,0.48,2.4,6,1.05,2.62
grass,73,Adrian Mannarino,11,44.44%,32,72,0.53,2.57,6.55,1.14,2.91,56.41%,44,78,0.59,2.79,7.09,1.21,3.09
grass,265,Alastair Gray,5,42.42%,14,33,0.72,3.3,6.6,1.4,2.8,55.00%,11,20,0.42,2,4,0.9,1.8
grass,20,Alejandro Davidovich Fokina,12,38.46%,35,91,0.57,2.84,7.58,1.09,2.92,71.64%,48,67,0.43,2.09,5.58,0.59,1.58
grass,41,Alex Michelsen,5,56.67%,17,30,0.51,2.31,6,1.31,3.4,60.61%,20,33,0.54,2.54,6.6,1,2.6
grass,7,Alex de Minaur,11,45.37%,49,108,0.81,3.86,9.82,1.75,4.45,64.79%,46,71,0.53,2.54,6.45,0.89,2.27
grass,11,Alexander Bublik,8,30.95%,13,42,0.33,1.68,5.25,0.52,1.62,59.46%,22,37,0.28,1.48,4.62,0.6,1.88
grass,3,Alexander Zverev,11,35.14%,26,74,0.42,2.18,6.73,0.76,2.36,69.44%,25,36,0.2,1.06,3.27,0.32,1
grass,200,Alexis Galarneau,8,35.71%,25,70,0.64,3.18,8.75,1.14,3.12,58.46%,38,65,0.6,2.95,8.12,1.23,3.38
grass,114,Arthur Fery,15,41.41%,53,128,0.56,2.72,8.53,1.13,3.53,58.76%,57,97,0.42,2.06,6.47,0.85,2.67
grass,127,Arthur Gea,7,40.82%,20,49,0.56,2.72,7,1.11,2.86,65.31%,32,49,0.54,2.72,7,0.94,2.43
grass,29,Arthur Rinderknech,5,29.63%,8,27,0.32,1.69,5.4,0.5,1.6,80.00%,24,30,0.34,1.88,6,0.38,1.2
grass,227,August Holmgren,5,30.77%,8,26,0.48,2.36,5.2,0.73,1.6,59.26%,16,27,0.53,2.45,5.4,1,2.2
grass,10,Ben Shelton,8,25.00%,13,52,0.39,2.08,6.5,0.52,1.62,74.36%,29,39,0.29,1.56,4.88,0.4,1.25
grass,70,Benjamin Bonzi,7,40.91%,18,44,0.51,2.32,6.29,0.95,2.57,61.36%,27,44,0.5,2.32,6.29,0.89,2.43
grass,155,Billy Harris,8,28.57%,16,56,0.48,2.55,7,0.73,2,62.50%,35,56,0.49,2.55,7,0.95,2.62
grass,31,Brandon Nakashima,6,48.84%,21,43,0.47,2.53,7.17,1.24,3.5,64.52%,20,31,0.34,1.82,5.17,0.65,1.83
grass,64,Christopher O'Connell,7,31.25%,15,48,0.56,3,6.86,0.94,2.14,65.52%,19,29,0.35,1.81,4.14,0.62,1.43
grass,204,Clement Chidekh,8,34.52%,29,84,0.85,4.2,10.5,1.45,3.62,51.16%,22,43,0.44,2.15,5.38,1.05,2.62
grass,69,Corentin Moutet,5,38.10%,8,21,0.31,1.62,4.2,0.62,1.6,58.97%,23,39,0.57,3,7.8,1.23,3.2
grass,121,Dane Sweeny,6,28.89%,13,45,0.57,3,7.5,0.87,2.17,63.16%,24,38,0.49,2.53,6.33,0.93,2.33
grass,93,Daniel Altmaier,8,24.53%,13,53,0.51,2.52,6.62,0.62,1.62,64.44%,29,45,0.43,2.14,5.62,0.76,2
grass,6,Daniil Medvedev,9,42.86%,30,70,0.57,2.8,7.78,1.2,3.33,64.15%,34,53,0.43,2.12,5.89,0.76,2.11
grass,226,Darwin Blanch,7,43.24%,16,37,0.39,1.95,5.29,0.84,2.29,64.29%,36,56,0.59,2.95,8,1.05,2.86
grass,47,Ethan Quinn,9,36.76%,25,68,0.57,2.83,7.56,1.04,2.78,62.50%,30,48,0.39,2,5.33,0.75,2
grass,61,Fabian Marozsan,9,29.09%,16,55,0.5,2.39,6.11,0.7,1.78,69.23%,45,65,0.59,2.83,7.22,0.87,2.22
grass,29,Felix Auger-Aliassime,10,40.00%,26,65,0.4,2.03,6.5,0.81,2.6,75.68%,28,37,0.23,1.16,3.7,0.28,0.9
grass,220,Felix Gill,10,29.03%,18,62,0.46,2.3,6.2,0.67,1.8,63.49%,40,63,0.47,2.33,6.3,0.85,2.3
grass,300,Filippo Romano,8,42.86%,21,49,0.46,2.23,6.12,0.95,2.62,69.12%,47,68,0.62,3.09,8.5,0.95,2.62
grass,9,Flavio Cobolli,6,38.78%,19,49,0.48,2.33,8.17,0.9,3.17,61.02%,36,59,0.58,2.81,9.83,1.1,3.83
grass,20,Frances Tiafoe,11,38.27%,31,81,0.52,2.61,7.36,1,2.82,79.03%,49,62,0.39,2,5.64,0.42,1.18
grass,23,Francisco Cerundolo,6,38.10%,24,63,0.77,3.71,10.5,1.41,4,66.04%,35,53,0.64,3.12,8.83,1.06,3
grass,87,Gabriel Diallo,7,44.44%,20,45,0.38,1.96,6.43,0.87,2.86,66.13%,41,62,0.54,2.7,8.86,0.91,3
grass,91,Giovanni Mpetshi Perricard,5,31.58%,6,19,0.24,1.36,3.8,0.43,1.2,65.22%,15,23,0.29,1.64,4.6,0.57,1.6
grass,146,Grigor Dimitrov,10,37.50%,27,72,0.51,2.48,7.2,0.93,2.7,65.45%,36,55,0.38,1.9,5.5,0.66,1.9
grass,205,Harry Wendelken,5,30.77%,8,26,0.39,2,5.2,0.62,1.6,60.00%,24,40,0.62,3.08,8,1.23,3.2
grass,273,Henry Searle,10,40.32%,25,62,0.55,2.7,6.2,1.09,2.5,89.74%,35,39,0.34,1.7,3.9,0.17,0.4
grass,18,Hubert Hurkacz,7,34.62%,18,52,0.45,2.26,7.43,0.78,2.57,76.92%,30,39,0.32,1.7,5.57,0.39,1.29
grass,33,Ignacio Buse,6,39.39%,13,33,0.43,2.06,5.5,0.81,2.17,55.77%,29,52,0.67,3.25,8.67,1.44,3.83
grass,172,Jack Pinnington Jones,7,35.09%,20,57,0.56,3,8.14,1.05,2.86,59.26%,32,54,0.55,2.84,7.71,1.16,3.14
grass,86,Jacob Fearnley,15,41.18%,63,153,0.75,3.64,10.2,1.5,4.2,53.92%,55,102,0.5,2.43,6.8,1.12,3.13
grass,88,Jan Choinski,5,38.24%,13,34,0.49,2.27,6.8,0.87,2.6,71.05%,27,38,0.55,2.53,7.6,0.73,2.2
grass,42,Jan-Lennard Struff,9,39.62%,21,53,0.32,1.66,5.89,0.66,2.33,69.57%,48,69,0.41,2.16,7.67,0.66,2.33
grass,1,Jannik Sinner,7,35.82%,24,67,0.55,2.79,9.57,1,3.43,68.42%,13,19,0.16,0.79,2.71,0.25,0.86
grass,43,Jaume Munar,5,35.48%,11,31,0.48,2.21,6.2,0.79,2.2,71.43%,25,35,0.54,2.5,7,0.71,2
grass,1091,Jenson Brooksby,8,40.62%,26,64,0.67,3.05,8,1.24,3.25,54.00%,27,50,0.53,2.38,6.25,1.1,2.88
grass,12,Jiri Lehecka,9,33.33%,21,63,0.45,2.33,7,0.78,2.33,76.74%,33,43,0.31,1.59,4.78,0.37,1.11
grass,136,Jurij Rodionov,5,37.50%,12,32,0.68,3.2,6.4,1.2,2.4,50.00%,6,12,0.25,1.2,2.4,0.6,1.2
grass,117,Kamil Majchrzak,12,41.46%,34,82,0.53,2.65,6.83,1.1,2.83,61.54%,32,52,0.33,1.68,4.33,0.65,1.67
grass,270,Kyrian Jacquet,7,40.38%,21,52,0.6,2.89,7.43,1.17,3,55.81%,24,43,0.49,2.39,6.14,1.06,2.71
grass,88,Lorenzo Sonego,6,41.94%,13,31,0.28,1.48,5.17,0.62,2.17,63.89%,23,36,0.32,1.71,6,0.62,2.17
grass,145,Mackenzie McDonald,6,38.24%,13,34,0.47,2.27,5.67,0.87,2.17,61.70%,29,47,0.66,3.13,7.83,1.2,3
grass,45,Marcos Giron,7,37.78%,17,45,0.42,2.25,6.43,0.85,2.43,67.92%,36,53,0.49,2.65,7.57,0.85,2.43
grass,182,Marin Cilic,5,50.00%,12,24,0.36,1.71,4.8,0.86,2.4,42.11%,16,38,0.56,2.71,7.6,1.57,4.4
grass,189,Mark Lajal,8,37.25%,19,51,0.57,2.68,6.38,1,2.38,55.32%,26,47,0.52,2.47,5.88,1.11,2.62
grass,326,Martin Damm,6,33.33%,10,30,0.32,1.76,5,0.59,1.67,79.17%,38,48,0.53,2.82,8,0.59,1.67
grass,143,Martin Landaluce,5,30.00%,9,30,0.39,2,6,0.6,1.8,65.79%,25,38,0.5,2.53,7.6,0.87,2.6
grass,100,Marton Fucsovics,6,35.48%,11,31,0.39,1.94,5.17,0.69,1.83,70.83%,34,48,0.63,3,8,0.88,2.33
grass,101,Mattia Bellucci,7,43.75%,14,32,0.33,1.68,4.57,0.74,2,68.42%,26,38,0.4,2,5.43,0.63,1.71
grass,257,Max Basing,5,25.00%,9,36,0.58,2.57,7.2,0.64,1.8,55.32%,26,47,0.71,3.36,9.4,1.5,4.2
grass,754,Michael Zheng,5,42.42%,14,33,0.35,1.83,6.6,0.78,2.8,72.50%,29,40,0.42,2.22,8,0.61,2.2
grass,55,Miomir Kecmanovic,5,20.00%,6,30,0.38,1.88,6,0.38,1.2,68.89%,31,45,0.59,2.81,9,0.88,2.8
grass,8,Novak Djokovic,6,39.53%,17,43,0.39,1.87,7.17,0.74,2.83,75.00%,39,52,0.46,2.26,8.67,0.57,2.17
grass,36,Nuno Borges,9,34.48%,20,58,0.52,2.64,6.44,0.91,2.22,64.86%,24,37,0.34,1.68,4.11,0.59,1.44
grass,348,Oliver Tarvet,6,33.33%,13,39,0.49,2.44,6.5,0.81,2.17,72.41%,21,29,0.37,1.81,4.83,0.5,1.33
grass,115,Otto Virtanen,12,30.38%,24,79,0.45,2.39,6.58,0.73,2,83.33%,55,66,0.38,2,5.5,0.33,0.92
grass,83,Quentin Halys,5,41.38%,12,29,0.47,2.23,5.8,0.92,2.4,56.25%,18,32,0.51,2.46,6.4,1.08,2.8
grass,38,Raphael Collignon,5,31.82%,7,22,0.34,1.69,4.4,0.54,1.4,66.67%,16,24,0.36,1.85,4.8,0.62,1.6
grass,182,Remy Bertola,5,36.36%,8,22,0.42,2,4.4,0.73,1.6,52.00%,13,25,0.45,2.27,5,1.09,2.4
grass,93,Rinky Hijikata,9,40.38%,21,52,0.45,2.26,5.78,0.91,2.33,62.50%,35,56,0.48,2.43,6.22,0.91,2.33
grass,132,Roman Safiullin,8,34.25%,25,73,0.55,2.61,9.12,0.89,3.12,62.50%,30,48,0.35,1.71,6,0.64,2.25
grass,117,Shintaro Mochizuki,8,39.74%,31,78,0.71,3.55,9.75,1.41,3.88,63.01%,46,73,0.68,3.32,9.12,1.23,3.38
grass,194,Sho Shimabukuro,9,38.46%,20,52,0.44,2.26,5.78,0.87,2.22,61.70%,29,47,0.41,2.04,5.22,0.78,2
grass,8,Taylor Fritz,14,37.08%,33,89,0.43,2.23,6.36,0.82,2.36,64.71%,33,51,0.24,1.27,3.64,0.45,1.29
grass,46,Terence Atmane,5,18.52%,5,27,0.37,1.93,5.4,0.36,1,61.76%,21,34,0.48,2.43,6.8,0.93,2.6
grass,185,Titouan Droguet,5,47.62%,10,21,0.35,1.62,4.2,0.77,2,62.50%,20,32,0.54,2.46,6.4,0.92,2.4
grass,112,Toby Samuel,8,38.89%,21,54,0.52,2.45,6.75,0.95,2.62,65.75%,48,73,0.69,3.32,9.12,1.14,3.12
grass,21,Tommy Paul,8,43.10%,25,58,0.57,2.76,7.25,1.19,3.12,64.52%,20,31,0.3,1.48,3.88,0.52,1.38
grass,148,Tristan Schoolkate,5,25.58%,11,43,0.64,3.07,8.6,0.79,2.2,65.71%,23,35,0.5,2.5,7,0.86,2.4
grass,28,Ugo Humbert,12,44.83%,26,58,0.4,1.87,4.83,0.84,2.17,70.15%,47,67,0.44,2.16,5.58,0.65,1.67
grass,125,Vit Kopriva,5,52.38%,11,21,0.32,1.62,4.2,0.85,2.2,70.00%,28,40,0.65,3.08,8,0.92,2.4
grass,98,Yannick Hanfmann,8,20.37%,11,54,0.5,2.7,6.75,0.55,1.38,66.67%,24,36,0.35,1.8,4.5,0.6,1.5
grass,239,Yi Zhou,6,42.31%,22,52,0.79,3.71,8.67,1.57,3.67,70.00%,35,50,0.76,3.57,8.33,1.07,2.5
grass,106,Yibing Wu,5,33.33%,13,39,0.58,2.79,7.8,0.93,2.6,65.12%,28,43,0.64,3.07,8.6,1.07,3
grass,109,Yunchaokete Bu,11,53.49%,23,43,0.36,1.72,3.91,0.92,2.09,72.73%,40,55,0.45,2.2,5,0.6,1.36
grass,156,Zhizhen Zhang,8,30.43%,14,46,0.43,2.3,5.75,0.7,1.75,72.97%,27,37,0.35,1.85,4.62,0.5,1.25
grass,34,Zizou Bergs,10,45.16%,42,93,0.6,2.91,9.3,1.31,4.2,58.73%,37,63,0.4,1.97,6.3,0.81,2.6
hard,261,Abdullah Shelbayh,28,48.95%,93,190,0.64,2.97,6.79,1.45,3.32,63.27%,124,196,0.66,3.06,7,1.12,2.57
hard,91,Adam Walton,47,41.94%,117,279,0.49,2.41,5.94,1.01,2.49,59.62%,155,260,0.46,2.24,5.53,0.91,2.23
hard,777,Adhithya Ganesan,6,41.94%,13,31,0.41,2.07,5.17,0.87,2.17,50.00%,23,46,0.58,3.07,7.67,1.53,3.83
hard,975,Aditya Vishal Balsekar,5,33.33%,2,6,0.13,0.55,1.2,0.18,0.4,48.89%,22,45,1.05,4.09,9,2.09,4.6
hard,373,Adria Soriano Barrera,7,20.00%,5,25,0.29,1.47,3.57,0.29,0.71,58.14%,25,43,0.52,2.53,6.14,1.06,2.57
hard,73,Adrian Mannarino,29,43.50%,77,177,0.48,2.39,6.1,1.04,2.66,61.93%,109,176,0.47,2.38,6.07,0.91,2.31
hard,659,Aidan Kim,5,31.03%,9,29,0.62,2.64,5.8,0.82,1.8,64.29%,27,42,0.86,3.82,8.4,1.36,3
hard,689,Aidan Mayo,10,25.00%,19,76,0.58,3.04,7.6,0.76,1.9,60.00%,33,55,0.43,2.2,5.5,0.88,2.2
hard,293,Akira Santillan,21,44.44%,60,135,0.61,2.7,6.43,1.2,2.86,44.86%,48,107,0.47,2.14,5.1,1.18,2.81
hard,444,Alafia Ayeni,11,30.23%,26,86,0.7,3.44,7.82,1.04,2.36,63.77%,44,69,0.56,2.76,6.27,1,2.27
hard,650,Alan Magadan,5,27.78%,10,36,0.67,3.27,7.2,0.91,2,50.00%,18,36,0.65,3.27,7.2,1.64,3.6
hard,265,Alastair Gray,25,37.27%,60,161,0.56,2.6,6.44,0.97,2.4,65.68%,111,169,0.58,2.73,6.76,0.94,2.32
hard,618,Alberto Barroso Campos,8,44.64%,25,56,0.65,2.8,7,1.25,3.12,59.38%,38,64,0.74,3.2,8,1.3,3.25
hard,20,Alejandro Davidovich Fokina,29,40.82%,60,147,0.44,2.16,5.07,0.88,2.07,65.24%,107,164,0.5,2.41,5.66,0.84,1.97
hard,222,Alejandro Moro Canas,21,36.30%,53,146,0.6,2.81,6.95,1.02,2.52,61.54%,88,143,0.58,2.75,6.81,1.06,2.62
hard,26,Alejandro Tabilo,32,39.61%,61,154,0.42,2.05,4.81,0.81,1.91,68.42%,104,152,0.41,2.03,4.75,0.64,1.5
hard,450,Alejo Sanchez Quilez,7,48.89%,22,45,0.61,3,6.43,1.47,3.14,56.52%,26,46,0.61,3.07,6.57,1.33,2.86
hard,108,Aleksandar Kovacevic,30,30.30%,40,132,0.35,1.78,4.4,0.54,1.33,62.79%,81,129,0.34,1.74,4.3,0.65,1.6
hard,67,Aleksandar Vukic,29,30.54%,51,167,0.47,2.29,5.76,0.7,1.76,61.11%,110,180,0.51,2.47,6.21,0.96,2.41
hard,157,Alex Bolt,31,39.90%,77,193,0.58,2.76,6.23,1.1,2.48,64.67%,97,150,0.43,2.14,4.84,0.76,1.71
hard,498,Alex Hernandez,11,43.10%,25,58,0.52,2.42,5.27,1.04,2.27,54.74%,52,95,0.87,3.96,8.64,1.79,3.91
hard,355,Alex Martinez,9,50.94%,27,53,0.53,2.52,5.89,1.29,3,55.00%,33,60,0.6,2.86,6.67,1.29,3
hard,41,Alex Michelsen,39,39.09%,95,243,0.54,2.59,6.23,1.01,2.44,65.49%,148,226,0.49,2.4,5.79,0.83,2
hard,81,Alex Molcan,13,40.45%,36,89,0.72,3.18,6.85,1.29,2.77,55.38%,36,65,0.52,2.32,5,1.04,2.23
hard,332,Alex Rybakov,20,38.60%,44,114,0.56,2.53,5.7,0.98,2.2,64.63%,95,147,0.72,3.27,7.35,1.16,2.6
hard,7,Alex de Minaur,45,41.05%,117,285,0.56,2.64,6.33,1.08,2.6,68.15%,184,270,0.52,2.5,6,0.8,1.91
hard,479,Alexander Binda,7,51.52%,17,33,0.49,2.2,4.71,1.13,2.43,52.83%,28,53,0.76,3.53,7.57,1.67,3.57
hard,205,Alexander Blockx,30,34.05%,63,185,0.53,2.43,6.17,0.83,2.1,69.68%,108,155,0.44,2.04,5.17,0.62,1.57
hard,11,Alexander Bublik,34,37.16%,68,183,0.44,2.18,5.38,0.81,2,73.51%,111,151,0.36,1.8,4.44,0.48,1.18
hard,549,Alexander Donski,7,36.73%,18,49,0.52,2.58,7,0.95,2.57,73.85%,48,65,0.66,3.42,9.29,0.89,2.43
hard,496,Alexander Ritschard,5,35.71%,15,42,0.78,3.5,8.4,1.25,3,58.62%,17,29,0.54,2.42,5.8,1,2.4
hard,100,Alexander Shevchenko,24,32.28%,41,127,0.43,2.12,5.29,0.68,1.71,64.50%,109,169,0.59,2.82,7.04,1,2.5
hard,3,Alexander Zverev,38,35.82%,72,201,0.45,2.21,5.29,0.79,1.89,62.67%,94,150,0.34,1.65,3.95,0.62,1.47
hard,464,Alexandr Binda,5,53.33%,16,30,0.47,2.31,6,1.23,3.2,46.51%,20,43,0.68,3.31,8.6,1.77,4.6
hard,132,Alexandre Muller,18,35.96%,32,89,0.41,2.02,4.94,0.73,1.78,59.38%,76,128,0.59,2.91,7.11,1.18,2.89
hard,25,Alexei Popyrin,20,32.95%,29,88,0.37,1.83,4.4,0.6,1.45,49.48%,48,97,0.43,2.02,4.85,1.02,2.45
hard,200,Alexis Galarneau,47,42.35%,130,307,0.57,2.77,6.53,1.17,2.77,61.45%,204,332,0.61,2.99,7.06,1.15,2.72
hard,409,Alfredo Perez,14,37.93%,33,87,0.57,2.81,6.21,1.06,2.36,67.78%,61,90,0.61,2.9,6.43,0.94,2.07
hard,248,Andre Ilagan,51,41.82%,156,373,0.61,3.03,7.31,1.27,3.06,64.96%,267,411,0.69,3.34,8.06,1.17,2.82
hard,227,Andrea Guerrieri,5,36.00%,9,25,0.42,2.08,5,0.75,1.8,82.35%,28,34,0.57,2.83,6.8,0.5,1.2
hard,614,Andrea Vavassori,8,41.67%,20,48,0.52,2.4,6,1,2.5,68.42%,39,57,0.61,2.85,7.12,0.9,2.25
hard,223,Andres Andrade,17,46.36%,51,110,0.61,2.89,6.47,1.34,3,56.78%,67,118,0.66,3.11,6.94,1.34,3
hard,381,Andres Martin,37,36.99%,91,246,0.57,2.8,6.65,1.03,2.46,58.10%,147,253,0.58,2.88,6.84,1.2,2.86
hard,399,Andrew Fenty,16,38.46%,30,78,0.44,2.11,4.88,0.81,1.88,60.19%,65,108,0.59,2.92,6.75,1.16,2.69
hard,16,Andrey Rublev,25,36.72%,65,177,0.54,2.72,7.08,1,2.6,63.38%,90,142,0.44,2.18,5.68,0.8,2.08
hard,348,Antoine Escoffier,7,48.15%,26,54,0.69,3.38,7.71,1.62,3.71,55.10%,27,49,0.64,3.06,7,1.38,3.14
hard,352,Antoine Ghibaudo,25,38.05%,43,113,0.43,2.05,4.52,0.78,1.72,64.19%,95,148,0.55,2.69,5.92,0.96,2.12
hard,911,Aoran Wang,5,50.00%,7,14,0.23,1.17,2.8,0.58,1.4,56.52%,13,23,0.4,1.92,4.6,0.83,2
hard,808,Arda Azkara,10,40.00%,22,55,0.48,2.5,5.5,1,2.2,64.29%,45,70,0.62,3.18,7,1.14,2.5
hard,492,Aristotelis Thanos,5,45.45%,15,33,0.57,2.75,6.6,1.25,3,39.47%,15,38,0.67,3.17,7.6,1.92,4.6
hard,439,Arthur Bouquier,14,31.96%,31,97,0.53,2.62,6.93,0.84,2.21,69.17%,83,120,0.66,3.24,8.57,1,2.64
hard,73,Arthur Cazaux,21,38.58%,49,127,0.51,2.49,6.05,0.96,2.33,67.83%,78,115,0.47,2.25,5.48,0.73,1.76
hard,114,Arthur Fery,18,40.00%,50,125,0.63,2.98,6.94,1.19,2.78,58.82%,50,85,0.44,2.02,4.72,0.83,1.94
hard,24,Arthur Fils,22,39.84%,49,123,0.53,2.51,5.59,1,2.23,66.34%,67,101,0.42,2.06,4.59,0.69,1.55
hard,127,Arthur Gea,23,49.69%,80,161,0.64,2.98,7,1.48,3.48,60.61%,80,132,0.52,2.44,5.74,0.96,2.26
hard,29,Arthur Rinderknech,32,38.69%,65,168,0.4,1.98,5.25,0.76,2.03,71.64%,144,201,0.48,2.36,6.28,0.67,1.78
hard,417,Arthur Weber,8,34.69%,17,49,0.59,2.72,6.12,0.94,2.12,54.10%,33,61,0.73,3.39,7.62,1.56,3.5
hard,414,Aryan Shah,9,36.96%,17,46,0.45,2,5.11,0.74,1.89,57.14%,36,63,0.64,2.74,7,1.17,3
hard,227,August Holmgren,34,33.68%,65,193,0.48,2.35,5.68,0.79,1.91,65.59%,122,186,0.47,2.27,5.47,0.78,1.88
hard,664,Aziz Dougaz,5,32.26%,10,31,0.46,2.38,6.2,0.77,2,74.19%,23,31,0.5,2.38,6.2,0.62,1.6
hard,525,Aziz Ouakaa,7,54.17%,13,24,0.33,1.5,3.43,0.81,1.86,50.00%,32,64,0.9,4,9.14,2,4.57
hard,300,Beibit Zhukayev,19,31.96%,31,97,0.44,2.11,5.11,0.67,1.63,66.91%,93,139,0.65,3.02,7.32,1,2.42
hard,746,Ben Jones,5,42.86%,6,14,0.27,1.27,2.8,0.55,1.2,58.33%,14,24,0.47,2.18,4.8,0.91,2
hard,10,Ben Shelton,27,37.04%,50,135,0.38,1.96,5,0.72,1.85,70.29%,97,138,0.39,2,5.11,0.59,1.52
hard,70,Benjamin Bonzi,29,35.11%,66,188,0.5,2.47,6.48,0.87,2.28,62.42%,98,157,0.41,2.07,5.41,0.78,2.03
hard,506,Benjamin Hassan,18,40.20%,41,102,0.5,2.43,5.67,0.98,2.28,52.21%,71,136,0.69,3.24,7.56,1.55,3.61
hard,917,Benoit Paire,5,47.62%,10,21,0.38,1.62,4.2,0.77,2,60.00%,33,55,0.98,4.23,11,1.69,4.4
hard,171,Bernard Tomic,35,36.97%,88,238,0.59,2.83,6.8,1.05,2.51,64.19%,138,215,0.54,2.56,6.14,0.92,2.2
hard,155,Billy Harris,25,33.33%,59,177,0.57,2.85,7.08,0.95,2.36,65.48%,110,168,0.54,2.71,6.72,0.94,2.32
hard,344,Blaise Bicknell,29,30.99%,53,171,0.5,2.38,5.9,0.74,1.83,61.00%,122,200,0.58,2.78,6.9,1.08,2.69
hard,502,Blake Ellis,27,29.01%,47,162,0.48,2.45,6,0.71,1.74,68.31%,125,183,0.55,2.77,6.78,0.88,2.15
hard,443,Bor Artnak,5,29.73%,11,37,0.82,3.7,7.4,1.1,2.2,52.50%,21,40,0.83,4,8,1.9,3.8
hard,169,Borna Gojo,29,42.63%,81,190,0.58,2.84,6.55,1.21,2.79,64.29%,72,112,0.33,1.67,3.86,0.6,1.38
hard,70,Botic van de Zandschulp,28,40.38%,63,156,0.45,2.26,5.57,0.91,2.25,56.18%,100,178,0.53,2.58,6.36,1.13,2.79
hard,234,Braden Shick,17,49.04%,51,104,0.57,2.67,6.12,1.31,3,58.93%,66,112,0.6,2.87,6.59,1.18,2.71
hard,109,Brandon Holt,15,38.61%,39,101,0.54,2.59,6.73,1,2.6,60.58%,63,104,0.56,2.67,6.93,1.05,2.73
hard,31,Brandon Nakashima,38,36.71%,76,207,0.45,2.25,5.45,0.83,2,67.24%,117,174,0.37,1.89,4.58,0.62,1.5
hard,251,Buvaysar Gadamauri,14,41.58%,42,101,0.63,2.97,7.21,1.24,3,61.11%,55,90,0.57,2.65,6.43,1.03,2.5
hard,291,Calvin Hemery,26,38.46%,45,117,0.44,2.05,4.5,0.79,1.73,64.15%,102,159,0.59,2.79,6.12,1,2.19
hard,48,Cameron Norrie,39,39.02%,103,264,0.54,2.69,6.77,1.05,2.64,64.41%,143,222,0.45,2.27,5.69,0.81,2.03
hard,95,Camilo Ugo Carabelli,16,37.14%,26,70,0.42,2.06,4.38,0.76,1.62,57.94%,62,107,0.64,3.15,6.69,1.32,2.81
hard,435,Cannon Kingsley,18,40.82%,40,98,0.48,2.28,5.44,0.93,2.22,61.54%,64,104,0.5,2.42,5.78,0.93,2.22
hard,436,Carl Emil Overbeck,12,35.62%,26,73,0.59,2.92,6.08,1.04,2.17,47.83%,22,46,0.37,1.84,3.83,0.96,2
hard,2,Carlos Alcaraz,38,39.12%,124,317,0.68,3.2,8.34,1.25,3.26,65.94%,91,138,0.3,1.39,3.63,0.47,1.24
hard,14,Casper Ruud,28,40.41%,59,146,0.46,2.21,5.21,0.89,2.11,70.45%,93,132,0.4,2,4.71,0.59,1.39
hard,320,Cedrik-Marcel Stebe,16,36.07%,44,122,0.67,3.21,7.62,1.16,2.75,62.22%,84,135,0.74,3.55,8.44,1.34,3.19
hard,283,Charles Broom,31,42.86%,87,203,0.55,2.64,6.55,1.13,2.81,57.45%,108,188,0.51,2.44,6.06,1.04,2.58
hard,191,Chris Rodesch,25,37.84%,56,148,0.55,2.69,5.92,1.02,2.24,63.73%,65,102,0.37,1.85,4.08,0.67,1.48
hard,467,Christian Langmo,23,38.32%,41,107,0.42,2.06,4.65,0.79,1.78,67.11%,100,149,0.61,2.87,6.48,0.94,2.13
hard,424,Christoph Negritu,12,30.43%,21,69,0.47,2.38,5.75,0.72,1.75,62.96%,51,81,0.55,2.79,6.75,1.03,2.5
hard,64,Christopher O'Connell,21,40.00%,36,90,0.41,2,4.29,0.8,1.71,64.29%,72,112,0.53,2.49,5.33,0.89,1.9
hard,234,Chun-Hsin Tseng,10,37.84%,28,74,0.64,2.96,7.4,1.12,2.8,55.07%,38,69,0.61,2.76,6.9,1.24,3.1
hard,204,Clement Chidekh,44,36.90%,145,393,0.78,3.71,8.93,1.37,3.3,62.58%,189,302,0.6,2.85,6.86,1.07,2.57
hard,159,Clement Tabur,20,44.09%,56,127,0.52,2.54,6.35,1.12,2.8,64.52%,80,124,0.5,2.48,6.2,0.88,2.2
hard,108,Coleman Wong,51,42.57%,126,296,0.49,2.43,5.8,1.03,2.47,63.14%,197,312,0.51,2.56,6.12,0.94,2.25
hard,511,Colin Sinclair,6,35.00%,7,20,0.27,1.33,3.33,0.47,1.17,55.32%,26,47,0.65,3.13,7.83,1.4,3.5
hard,174,Colton Smith,23,41.67%,65,156,0.6,3,6.78,1.25,2.83,65.79%,100,152,0.58,2.92,6.61,1,2.26
hard,507,Constantin Bittoun Kouzmine,11,40.00%,26,65,0.55,2.6,5.91,1.04,2.36,66.67%,60,90,0.76,3.6,8.18,1.2,2.73
hard,69,Corentin Moutet,30,45.98%,80,174,0.49,2.38,5.8,1.1,2.67,66.53%,157,236,0.68,3.23,7.87,1.08,2.63
hard,612,Cruz Hewitt,11,29.33%,22,75,0.61,2.88,6.82,0.85,2,58.57%,41,70,0.56,2.69,6.36,1.12,2.64
hard,116,Dalibor Svrcina,21,47.50%,76,160,0.85,3.64,7.62,1.73,3.62,58.57%,82,140,0.73,3.18,6.67,1.32,2.76
hard,87,Damir Dzumhur,17,37.36%,34,91,0.43,2.12,5.35,0.79,2,58.21%,78,134,0.63,3.12,7.88,1.3,3.29
hard,224,Dan Added,45,43.06%,121,281,0.57,2.73,6.24,1.17,2.69,60.47%,182,301,0.62,2.92,6.69,1.16,2.64
hard,378,Dan Martin,12,40.00%,22,55,0.38,1.96,4.58,0.79,1.83,61.11%,44,72,0.5,2.57,6,1,2.33
hard,121,Dane Sweeny,33,41.45%,97,234,0.66,3.08,7.09,1.28,2.94,61.19%,134,219,0.62,2.88,6.64,1.12,2.58
hard,93,Daniel Altmaier,24,31.54%,41,130,0.46,2.13,5.42,0.67,1.71,57.33%,86,150,0.53,2.46,6.25,1.05,2.67
hard,184,Daniel Evans,5,38.78%,19,49,0.77,3.77,9.8,1.46,3.8,56.00%,14,25,0.41,1.92,5,0.85,2.2
hard,371,Daniel Masur,15,38.53%,42,109,0.57,2.95,7.27,1.14,2.8,58.42%,59,101,0.53,2.73,6.73,1.14,2.8
hard,296,Daniel Merida,20,49.67%,76,153,0.76,3.4,7.65,1.69,3.8,55.75%,63,113,0.56,2.51,5.65,1.11,2.5
hard,302,Daniel Michalski,12,47.06%,40,85,0.54,2.66,7.08,1.25,3.33,48.75%,39,80,0.51,2.5,6.67,1.28,3.42
hard,325,Daniel Milavsky,23,41.30%,57,138,0.55,2.56,6,1.06,2.48,64.78%,103,159,0.64,2.94,6.91,1.04,2.43
hard,207,Daniel Rincon,13,43.81%,46,105,0.7,3.39,8.08,1.48,3.54,50.62%,41,81,0.54,2.61,6.23,1.29,3.08
hard,167,Daniil Glinka,38,39.41%,93,236,0.53,2.59,6.21,1.02,2.45,66.81%,153,229,0.52,2.52,6.03,0.84,2
hard,6,Daniil Medvedev,42,42.39%,142,335,0.7,3.35,7.98,1.42,3.38,66.15%,127,192,0.4,1.92,4.57,0.65,1.55
hard,226,Darwin Blanch,32,35.82%,72,201,0.51,2.51,6.28,0.9,2.25,62.00%,124,200,0.51,2.5,6.25,0.95,2.38
hard,236,David Goffin,13,34.82%,39,112,0.73,3.39,8.62,1.18,3,45.45%,40,88,0.57,2.67,6.77,1.45,3.69
hard,188,David Jorda Sanchis,7,32.00%,16,50,0.64,3.12,7.14,1,2.29,64.15%,34,53,0.68,3.31,7.57,1.19,2.71
hard,58,Denis Shapovalov,29,39.06%,91,233,0.66,3.11,8.03,1.21,3.14,59.20%,119,201,0.57,2.68,6.93,1.09,2.83
hard,441,Denis Yevseyev,18,37.04%,60,162,0.78,3.52,9,1.3,3.33,52.48%,74,141,0.68,3.07,7.83,1.46,3.72
hard,436,Dhakshineswar Suresh,20,37.50%,30,80,0.37,1.78,4,0.67,1.5,69.44%,75,108,0.49,2.4,5.4,0.73,1.65
hard,551,Digvijaypratap Singh,6,20.83%,5,24,0.36,1.85,4,0.38,0.83,57.58%,19,33,0.52,2.54,5.5,1.08,2.33
hard,375,Dimitar Kuzmanov,26,46.45%,85,183,0.68,3.1,7.04,1.44,3.27,54.70%,99,181,0.65,3.07,6.96,1.39,3.15
hard,84,Dino Prizmic,10,32.31%,21,65,0.58,2.17,6.5,0.7,2.1,59.65%,34,57,0.5,1.9,5.7,0.77,2.3
hard,652,Dmitry Popko,10,37.50%,24,64,0.58,2.78,6.4,1.04,2.4,60.66%,37,61,0.56,2.65,6.1,1.04,2.4
hard,357,Dominic Stricker,8,43.24%,16,37,0.5,2.31,4.62,1,2,54.84%,17,31,0.43,1.94,3.88,0.88,1.75
hard,498,Dominik Palan,14,30.77%,24,78,0.47,2.36,5.57,0.73,1.71,66.29%,59,89,0.55,2.7,6.36,0.91,2.14
hard,307,Duje Ajdukovic,22,50.00%,70,140,0.52,2.59,6.36,1.3,3.18,58.02%,94,162,0.61,3,7.36,1.26,3.09
hard,1789,Duncan Chan,11,50.00%,25,50,0.4,1.92,4.55,0.96,2.27,56.72%,38,67,0.53,2.58,6.09,1.12,2.64
hard,152,Dusan Lajovic,5,33.33%,8,24,0.52,2.67,4.8,0.89,1.6,63.16%,12,19,0.41,2.11,3.8,0.78,1.4
hard,225,Edas Butvilas,29,41.55%,86,207,0.66,3.09,7.14,1.28,2.97,57.71%,101,175,0.56,2.61,6.03,1.1,2.55
hard,391,Edward Winter,26,36.61%,82,224,0.77,3.61,8.62,1.32,3.15,59.65%,102,171,0.58,2.76,6.58,1.11,2.65
hard,486,Eero Vasa,5,50.00%,15,30,0.5,2.5,6,1.25,3,53.12%,17,32,0.56,2.67,6.4,1.25,3
hard,314,Eliakim Coulibaly,29,50.27%,93,185,0.57,2.72,6.38,1.37,3.21,64.14%,127,198,0.6,2.91,6.83,1.04,2.45
hard,182,Elias Ymer,19,41.79%,56,134,0.6,2.79,7.05,1.17,2.95,57.14%,64,112,0.51,2.33,5.89,1,2.53
hard,91,Eliot Spizzirri,18,43.64%,48,110,0.47,2.24,6.11,0.98,2.67,51.95%,40,77,0.34,1.57,4.28,0.76,2.06
hard,190,Elmer Moller,5,80.00%,4,5,0.11,0.5,1,0.4,0.8,64.86%,24,37,0.82,3.7,7.4,1.3,2.6
hard,547,Emil Ruusuvuori,11,41.67%,20,48,0.32,1.66,4.36,0.69,1.82,64.18%,43,67,0.45,2.31,6.09,0.83,2.18
hard,86,Emilio Nava,5,22.73%,5,22,0.34,1.69,4.4,0.38,1,65.96%,31,47,0.72,3.62,9.4,1.23,3.2
hard,323,Enrico Dalla Valle,5,32.43%,12,37,0.69,3.36,7.4,1.09,2.4,57.69%,15,26,0.48,2.36,5.2,1,2.2
hard,623,Erik Arutiunian,5,37.50%,9,24,0.5,2.4,4.8,0.9,1.8,62.96%,17,27,0.56,2.7,5.4,1,2
hard,47,Ethan Quinn,19,37.84%,28,74,0.31,1.76,3.89,0.67,1.47,64.00%,64,100,0.42,2.38,5.26,0.86,1.89
hard,607,Evan Zhu,6,50.00%,6,12,0.19,0.92,2,0.46,1,59.18%,29,49,0.82,3.77,8.17,1.54,3.33
hard,61,Fabian Marozsan,23,38.58%,49,127,0.45,2.19,5.52,0.84,2.13,56.30%,67,119,0.41,2.05,5.17,0.9,2.26
hard,351,Fabrizio Andaloro,5,42.50%,17,40,0.82,4.44,8,1.89,3.4,56.00%,28,50,1,5.56,10,2.44,4.4
hard,107,Facundo Diaz Acosta,5,40.00%,14,35,0.7,3.18,7,1.27,2.8,66.67%,18,27,0.52,2.45,5.4,0.82,1.8
hard,332,Facundo Mena,6,30.30%,10,33,0.46,2.36,5.5,0.71,1.67,67.74%,21,31,0.44,2.21,5.17,0.71,1.67
hard,324,Fajing Sun,41,37.63%,105,279,0.62,2.94,6.8,1.11,2.56,63.43%,170,268,0.61,2.82,6.54,1.03,2.39
hard,191,Federico Agustin Gomez,13,37.00%,37,100,0.63,2.94,7.69,1.09,2.85,66.67%,48,72,0.42,2.12,5.54,0.71,1.85
hard,481,Federico Arnaboldi,5,36.59%,15,41,0.59,3.15,8.2,1.15,3,52.50%,21,40,0.57,3.08,8,1.46,3.8
hard,184,Federico Cina,17,43.14%,44,102,0.59,2.76,6,1.19,2.59,62.26%,66,106,0.61,2.86,6.24,1.08,2.35
hard,607,Federico Iannaccone,5,65.52%,19,29,0.57,2.42,5.8,1.58,3.8,45.71%,16,35,0.67,2.92,7,1.58,3.8
hard,29,Felix Auger-Aliassime,46,36.30%,98,270,0.49,2.5,5.87,0.91,2.13,70.21%,132,188,0.35,1.74,4.09,0.52,1.22
hard,220,Felix Gill,10,21.43%,18,84,0.65,3.11,8.4,0.67,1.8,68.12%,47,69,0.53,2.56,6.9,0.81,2.2
hard,81,Filip Misolic,9,20.75%,11,53,0.57,2.79,5.89,0.58,1.22,62.07%,36,58,0.62,3.05,6.44,1.16,2.44
hard,488,Filip Peliwo,7,38.46%,15,39,0.59,2.6,5.57,1,2.14,58.21%,39,67,0.99,4.47,9.57,1.87,4
hard,487,Filippo Moroni,5,53.19%,25,47,0.81,3.92,9.4,2.08,5,50.94%,27,53,0.93,4.42,10.6,2.17,5.2
hard,300,Filippo Romano,9,37.50%,21,56,0.51,2.55,6.22,0.95,2.33,65.45%,36,55,0.49,2.5,6.11,0.86,2.11
hard,9,Flavio Cobolli,33,35.18%,70,199,0.5,2.46,6.03,0.86,2.12,65.56%,158,241,0.6,2.98,7.3,1.02,2.52
hard,247,Florent Bax,18,30.36%,34,112,0.55,2.6,6.22,0.79,1.89,66.67%,80,120,0.58,2.79,6.67,0.93,2.22
hard,20,Frances Tiafoe,29,45.58%,67,147,0.42,2.01,5.07,0.92,2.31,64.77%,125,193,0.56,2.64,6.66,0.93,2.34
hard,149,Francesco Maestrelli,18,41.24%,40,97,0.51,2.37,5.39,0.98,2.22,68.75%,66,96,0.51,2.34,5.33,0.73,1.67
hard,220,Francesco Passaro,19,37.04%,30,81,0.35,1.72,4.26,0.64,1.58,68.91%,82,119,0.5,2.53,6.26,0.79,1.95
hard,23,Francisco Cerundolo,24,41.82%,69,165,0.56,2.75,6.88,1.15,2.88,60.00%,117,195,0.68,3.25,8.12,1.3,3.25
hard,91,Francisco Comesana,14,44.62%,29,65,0.39,1.91,4.64,0.85,2.07,51.02%,50,98,0.58,2.88,7,1.41,3.43
hard,235,Frederico Ferreira Silva,31,43.53%,111,255,0.75,3.59,8.23,1.56,3.58,56.72%,114,201,0.59,2.83,6.48,1.23,2.81
hard,,Gabriel Debru,5,41.07%,23,56,0.84,4,11.2,1.64,4.6,57.58%,19,33,0.5,2.36,6.6,1,2.8
hard,87,Gabriel Diallo,28,42.86%,51,119,0.35,1.75,4.25,0.75,1.82,55.74%,68,122,0.36,1.79,4.36,0.79,1.93
hard,373,Gabriele Piraino,6,50.00%,14,28,0.39,1.87,4.67,0.93,2.33,57.41%,31,54,0.75,3.6,9,1.53,3.83
hard,52,Gael Monfils,9,37.50%,24,64,0.55,2.56,7.11,0.96,2.67,57.58%,38,66,0.57,2.64,7.33,1.12,3.11
hard,375,Garrett Johns,18,32.58%,43,132,0.67,3.3,7.33,1.07,2.39,57.78%,78,135,0.7,3.38,7.5,1.43,3.17
hard,178,Gauthier Onclin,21,38.51%,62,161,0.76,3.5,7.67,1.35,2.95,64.34%,83,129,0.61,2.8,6.14,1,2.19
hard,390,Geoffrey Blancaneaux,13,41.51%,22,53,0.4,1.77,4.08,0.73,1.69,58.89%,53,90,0.68,3,6.92,1.23,2.85
hard,247,George Loffhagen,13,44.21%,42,95,0.65,2.97,7.31,1.31,3.23,56.25%,45,80,0.55,2.5,6.15,1.09,2.69
hard,258,Giles Hussey,27,44.32%,78,176,0.62,2.84,6.52,1.26,2.89,53.92%,110,204,0.72,3.29,7.56,1.52,3.48
hard,230,Gilles Arnaud Bailly,12,48.00%,36,75,0.54,2.42,6.25,1.16,3,58.44%,45,77,0.58,2.48,6.42,1.03,2.67
hard,91,Giovanni Mpetshi Perricard,32,32.04%,33,103,0.25,1.3,3.22,0.42,1.03,62.99%,80,127,0.31,1.61,3.97,0.59,1.47
hard,153,Giulio Zeppieri,16,38.46%,30,78,0.45,2.05,4.88,0.79,1.88,65.17%,58,89,0.51,2.34,5.56,0.82,1.94
hard,146,Grigor Dimitrov,8,36.84%,14,38,0.4,2,4.75,0.74,1.75,63.16%,24,38,0.4,2,4.75,0.74,1.75
hard,568,Guillaume Dalmasso,6,32.00%,8,25,0.48,2.08,4.17,0.67,1.33,48.57%,17,35,0.62,2.92,5.83,1.5,3
hard,195,Guy Den Ouden,11,47.83%,33,69,0.59,2.65,6.27,1.27,3,62.50%,40,64,0.53,2.46,5.82,0.92,2.18
hard,73,Hamad Medjedovic,16,32.84%,22,67,0.35,1.76,4.19,0.58,1.38,65.66%,65,99,0.53,2.61,6.19,0.89,2.12
hard,332,Hamish Stewart,24,37.06%,63,170,0.64,3.04,7.08,1.12,2.62,58.56%,65,111,0.42,1.98,4.62,0.82,1.92
hard,255,Harold Mayot,28,39.92%,95,238,0.77,3.66,8.5,1.46,3.39,58.97%,92,156,0.51,2.4,5.57,0.98,2.29
hard,205,Harry Wendelken,40,42.90%,160,373,0.83,3.85,9.32,1.65,4,58.98%,174,295,0.67,3.04,7.38,1.25,3.02
hard,309,Hayato Matsuoka,37,37.92%,91,240,0.58,2.82,6.49,1.07,2.46,58.87%,136,231,0.56,2.72,6.24,1.12,2.57
hard,214,Henri Squire,9,35.56%,16,45,0.42,2.05,5,0.73,1.78,61.54%,32,52,0.48,2.36,5.78,0.91,2.22
hard,123,Henrique Rocha,14,42.86%,36,84,0.53,2.55,6,1.09,2.57,56.63%,47,83,0.52,2.52,5.93,1.09,2.57
hard,408,Henry Bernet,6,38.46%,10,26,0.35,1.62,4.33,0.62,1.67,62.50%,35,56,0.77,3.5,9.33,1.31,3.5
hard,273,Henry Searle,9,38.30%,18,47,0.52,2.47,5.22,0.95,2,56.25%,27,48,0.55,2.53,5.33,1.11,2.33
hard,442,Hikaru Shiraishi,7,44.44%,20,45,0.49,2.5,6.43,1.11,2.86,65.15%,43,66,0.75,3.67,9.43,1.28,3.29
hard,507,Hiroki Moriya,18,39.85%,53,133,0.64,3.09,7.39,1.23,2.94,58.45%,83,142,0.7,3.3,7.89,1.37,3.28
hard,11,Holger Rune,13,40.59%,41,101,0.62,3.16,7.77,1.28,3.15,62.12%,41,66,0.4,2.06,5.08,0.78,1.92
hard,18,Hubert Hurkacz,14,36.54%,19,52,0.3,1.58,3.71,0.58,1.36,65.62%,42,64,0.37,1.94,4.57,0.67,1.57
hard,109,Hugo Gaston,32,39.33%,94,239,0.69,3.14,7.47,1.24,2.94,60.59%,123,203,0.58,2.67,6.34,1.05,2.5
hard,221,Hugo Grenier,27,44.00%,77,175,0.57,2.73,6.48,1.2,2.85,62.34%,96,154,0.51,2.41,5.7,0.91,2.15
hard,644,Hyeon Chung,17,43.48%,60,138,0.78,3.63,8.12,1.58,3.53,54.05%,80,148,0.85,3.89,8.71,1.79,4
hard,268,Hynek Barton,16,36.09%,48,133,0.71,3.41,8.31,1.23,3,61.26%,68,111,0.59,2.85,6.94,1.1,2.69
hard,33,Ignacio Buse,7,31.43%,11,35,0.44,2.06,5,0.65,1.57,66.13%,41,62,0.78,3.65,8.86,1.24,3
hard,318,Igor Marcondes,5,43.48%,10,23,0.49,2.3,4.6,1,2,68.18%,15,22,0.47,2.2,4.4,0.7,1.4
hard,304,Ilia Simakin,30,42.77%,74,173,0.49,2.37,5.77,1.01,2.47,65.61%,124,189,0.53,2.59,6.3,0.89,2.17
hard,406,Ilya Ivashka,24,39.66%,71,179,0.74,3.2,7.46,1.27,2.96,59.84%,73,122,0.5,2.18,5.08,0.88,2.04
hard,272,Inaki Montes-De La Torre,15,41.96%,47,112,0.69,3.29,7.47,1.38,3.13,65.57%,80,122,0.74,3.59,8.13,1.24,2.8
hard,351,Ioannis Xilas,20,46.39%,77,166,0.83,3.77,8.3,1.75,3.85,45.83%,66,144,0.73,3.27,7.2,1.77,3.9
hard,263,Ivan Gakhov,9,45.10%,23,51,0.45,2.43,5.67,1.1,2.56,62.07%,36,58,0.53,2.76,6.44,1.05,2.44
hard,369,Ivan Marrero Curbelo,6,32.76%,19,58,0.88,4.14,9.67,1.36,3.17,48.15%,13,27,0.43,1.93,4.5,1,2.33
hard,585,Izan Almazan Valiente,5,36.59%,15,41,0.71,3.42,8.2,1.25,3,60.00%,21,35,0.59,2.92,7,1.17,2.8
hard,563,J.J. Wolf,11,46.48%,33,71,0.55,2.73,6.45,1.27,3,58.49%,31,53,0.41,2.04,4.82,0.85,2
hard,143,Jack Draper,10,40.98%,25,61,0.48,2.35,6.1,0.96,2.5,58.97%,23,39,0.3,1.5,3.9,0.62,1.6
hard,389,Jack Kennedy,7,45.83%,22,48,0.64,3,6.86,1.38,3.14,54.55%,36,66,0.92,4.12,9.43,1.88,4.29
hard,172,Jack Pinnington Jones,22,51.40%,55,107,0.52,2.33,4.86,1.2,2.5,66.39%,79,119,0.57,2.59,5.41,0.87,1.82
hard,86,Jacob Fearnley,28,43.20%,73,169,0.53,2.49,6.04,1.07,2.61,58.21%,117,201,0.64,2.96,7.18,1.24,3
hard,307,Jacopo Berrettini,7,36.17%,17,47,0.66,2.94,6.71,1.06,2.43,46.00%,23,50,0.74,3.12,7.14,1.69,3.86
hard,79,Jaime Faria,8,36.92%,24,65,0.68,3.25,8.12,1.2,3,53.33%,32,60,0.65,3,7.5,1.4,3.5
hard,503,Jake Delaney,10,24.32%,9,37,0.33,1.61,3.7,0.39,0.9,64.62%,42,65,0.59,2.83,6.5,1,2.3
hard,17,Jakub Mensik,35,36.67%,88,240,0.57,2.73,6.86,1,2.51,63.78%,118,185,0.42,2.1,5.29,0.76,1.91
hard,522,Jakub Paul,7,43.28%,29,67,0.79,3.72,9.57,1.61,4.14,61.76%,42,68,0.81,3.78,9.71,1.44,3.71
hard,94,James Duckworth,38,34.47%,81,235,0.56,2.67,6.18,0.92,2.13,69.76%,143,205,0.48,2.33,5.39,0.7,1.63
hard,240,James McCabe,38,36.89%,83,225,0.53,2.62,5.92,0.97,2.18,60.10%,125,208,0.49,2.42,5.47,0.97,2.18
hard,442,James Trotter,22,31.62%,37,117,0.46,2.17,5.32,0.69,1.68,60.48%,75,124,0.47,2.3,5.64,0.91,2.23
hard,717,James Watt,5,28.57%,10,35,0.66,2.92,7,0.83,2,67.50%,27,40,0.7,3.33,8,1.08,2.6
hard,88,Jan Choinski,7,38.24%,13,34,0.39,2,4.86,0.76,1.86,64.71%,33,51,0.57,3,7.29,1.06,2.57
hard,42,Jan-Lennard Struff,28,34.52%,68,197,0.54,2.59,7.04,0.89,2.43,59.39%,98,165,0.45,2.17,5.89,0.88,2.39
hard,1,Jannik Sinner,46,42.98%,156,363,0.73,3.24,7.89,1.39,3.39,74.31%,107,144,0.28,1.29,3.13,0.33,0.8
hard,1107,Jason Jung,9,46.30%,25,54,0.52,2.45,6,1.14,2.78,47.22%,34,72,0.69,3.27,8,1.73,4.22
hard,179,Jason Kubler,9,42.11%,16,38,0.43,1.9,4.22,0.8,1.78,48.65%,18,37,0.43,1.85,4.11,0.95,2.11
hard,43,Jaume Munar,30,44.27%,85,192,0.55,2.7,6.4,1.2,2.83,60.12%,101,168,0.47,2.37,5.6,0.94,2.23
hard,373,Javier Barranco Cosano,7,38.46%,15,39,0.59,2.79,5.57,1.07,2.14,54.55%,30,55,0.87,3.93,7.86,1.79,3.57
hard,239,Jay Clarke,18,39.34%,48,122,0.62,2.9,6.78,1.14,2.67,61.32%,65,106,0.54,2.52,5.89,0.98,2.28
hard,376,Jay Friend,28,38.14%,82,215,0.64,3.12,7.68,1.19,2.93,63.16%,108,171,0.51,2.48,6.11,0.91,2.25
hard,1091,Jenson Brooksby,25,37.13%,62,167,0.58,2.83,6.68,1.05,2.48,59.46%,88,148,0.52,2.51,5.92,1.02,2.4
hard,198,Jerome Kym,11,32.86%,23,70,0.37,2.12,6.36,0.7,2.09,53.85%,35,65,0.35,1.97,5.91,0.91,2.73
hard,98,Jesper de Jong,16,45.00%,36,80,0.42,2,5,0.9,2.25,55.14%,59,107,0.56,2.67,6.69,1.2,3
hard,470,Jie Cui,20,39.84%,49,123,0.51,2.51,6.15,1,2.45,51.24%,62,121,0.51,2.47,6.05,1.2,2.95
hard,12,Jiri Lehecka,37,33.73%,84,249,0.6,2.8,6.73,0.94,2.27,64.74%,101,156,0.37,1.75,4.22,0.62,1.49
hard,27,Joao Fonseca,21,42.50%,51,120,0.47,2.4,5.71,1.02,2.43,61.46%,59,96,0.38,1.92,4.57,0.74,1.76
hard,183,Joel Schwaerzler,15,36.26%,33,91,0.52,2.46,6.07,0.89,2.2,67.48%,83,123,0.7,3.32,8.2,1.08,2.67
hard,315,Johannus Monday,33,42.68%,70,164,0.44,2.1,4.97,0.9,2.12,66.21%,96,145,0.38,1.86,4.39,0.63,1.48
hard,314,Jonas Forejtek,7,41.94%,13,31,0.39,1.82,4.43,0.76,1.86,68.18%,30,44,0.53,2.59,6.29,0.82,2
hard,113,Jordan Thompson,15,29.00%,29,100,0.59,2.86,6.67,0.83,1.93,65.00%,52,80,0.48,2.29,5.33,0.8,1.87
hard,157,Juan Carlos Prado Angelo,6,54.84%,17,31,0.45,2.21,5.17,1.21,2.83,56.60%,30,53,0.77,3.79,8.83,1.64,3.83
hard,52,Juan Manuel Cerundolo,15,36.36%,40,110,0.69,3.06,7.33,1.11,2.67,57.69%,45,78,0.5,2.17,5.2,0.92,2.2
hard,273,Juan Pablo Ficovich,14,47.50%,38,80,0.49,2.35,5.71,1.12,2.71,61.43%,43,70,0.43,2.06,5,0.79,1.93
hard,270,Juncheng Shang,16,40.74%,33,81,0.41,1.98,5.06,0.8,2.06,62.50%,60,96,0.49,2.34,6,0.88,2.25
hard,136,Jurij Rodionov,41,42.86%,129,301,0.66,3.04,7.34,1.3,3.15,60.16%,148,246,0.53,2.48,6,0.99,2.39
hard,393,Justin Boulais,24,39.86%,57,143,0.57,2.7,5.96,1.08,2.38,59.38%,114,192,0.76,3.62,8,1.47,3.25
hard,190,Justin Engel,28,35.86%,52,145,0.46,2.13,5.18,0.76,1.86,60.67%,91,150,0.47,2.21,5.36,0.87,2.11
hard,259,Kaichi Uchida,36,44.25%,77,174,0.44,2.07,4.83,0.92,2.14,61.58%,125,203,0.51,2.42,5.64,0.93,2.17
hard,117,Kamil Majchrzak,27,36.52%,65,178,0.52,2.58,6.59,0.94,2.41,64.77%,114,176,0.52,2.55,6.52,0.9,2.3
hard,554,Karan Singh,17,26.03%,19,73,0.39,1.87,4.29,0.49,1.12,59.84%,73,122,0.67,3.13,7.18,1.26,2.88
hard,39,Karen Khachanov,22,40.48%,51,126,0.42,2.1,5.73,0.85,2.32,63.41%,78,123,0.41,2.05,5.59,0.75,2.05
hard,518,Karim Bennani,5,30.00%,9,30,0.58,2.5,6,0.75,1.8,52.38%,11,21,0.39,1.75,4.2,0.83,2
hard,611,Karl Poling,9,32.31%,21,65,0.6,3.1,7.22,1,2.33,67.69%,44,65,0.6,3.1,7.22,1,2.33
hard,421,Kasidit Samrej,15,33.78%,25,74,0.44,2.24,4.93,0.76,1.67,61.62%,61,99,0.59,3,6.6,1.15,2.53
hard,664,Kaylan Bigun,6,17.86%,5,28,0.54,2.33,4.67,0.42,0.83,50.00%,17,34,0.64,2.83,5.67,1.42,2.83
hard,831,Keegan Rice,10,51.43%,36,70,0.56,2.69,7,1.38,3.6,54.55%,54,99,0.78,3.81,9.9,1.73,4.5
hard,209,Keegan Smith,37,36.00%,72,200,0.46,2.25,5.41,0.81,1.95,68.21%,133,195,0.44,2.19,5.27,0.7,1.68
hard,721,Kei Nishikori,9,45.65%,21,46,0.46,2.19,5.11,1,2.33,42.86%,15,35,0.36,1.67,3.89,0.95,2.22
hard,602,Kenta Miyoshi,12,45.22%,52,115,0.86,3.83,9.58,1.73,4.33,47.89%,34,71,0.52,2.37,5.92,1.23,3.08
hard,1340,Khololwam Montsi,5,44.00%,22,50,0.88,4.17,10,1.83,4.4,55.56%,20,36,0.63,3,7.2,1.33,3.2
hard,199,Kimmer Coppejans,18,38.46%,70,182,0.82,3.96,10.11,1.52,3.89,53.06%,78,147,0.67,3.2,8.17,1.5,3.83
hard,478,Koki Matsuda,8,42.00%,21,50,0.54,2.63,6.25,1.11,2.62,66.13%,41,62,0.69,3.26,7.75,1.11,2.62
hard,534,Kokoro Isomura,16,37.33%,28,75,0.45,2.08,4.69,0.78,1.75,61.42%,78,127,0.75,3.53,7.94,1.36,3.06
hard,962,Kriish Tyagi,6,42.50%,17,40,0.56,2.86,6.67,1.21,2.83,53.85%,21,39,0.56,2.79,6.5,1.29,3
hard,270,Kyrian Jacquet,24,42.31%,77,182,0.65,3.08,7.58,1.31,3.21,61.36%,81,132,0.46,2.24,5.5,0.86,2.12
hard,221,Laslo Djere,8,34.29%,12,35,0.37,1.84,4.38,0.63,1.5,48.72%,19,39,0.41,2.05,4.88,1.05,2.5
hard,473,Laurent Lokoli,12,38.64%,34,88,0.65,3.03,7.33,1.17,2.83,61.95%,70,113,0.83,3.9,9.42,1.48,3.58
hard,213,Lautaro Midon,5,51.22%,21,41,0.73,3.42,8.2,1.75,4.2,63.64%,28,44,0.77,3.67,8.8,1.33,3.2
hard,117,Leandro Riedi,21,33.92%,58,171,0.78,3.49,8.14,1.18,2.76,65.79%,75,114,0.5,2.33,5.43,0.8,1.86
hard,19,Learner Tien,40,40.57%,114,281,0.59,2.63,7.03,1.07,2.85,59.46%,154,259,0.54,2.42,6.47,0.98,2.62
hard,549,Leo Borg,8,42.00%,21,50,0.6,2.63,6.25,1.11,2.62,47.37%,27,57,0.7,3,7.12,1.58,3.75
hard,651,Leo Vithoontien,7,39.39%,13,33,0.43,2.06,4.71,0.81,1.86,62.50%,25,40,0.51,2.5,5.71,0.94,2.14
hard,350,Li Tu,19,35.19%,38,108,0.48,2.45,5.68,0.86,2,62.62%,67,107,0.48,2.43,5.63,0.91,2.11
hard,202,Liam Broady,31,41.64%,112,269,0.81,3.68,8.68,1.53,3.61,60.57%,106,175,0.52,2.4,5.65,0.95,2.23
hard,246,Liam Draxl,32,36.73%,90,245,0.74,3.4,7.66,1.25,2.81,56.98%,98,172,0.52,2.39,5.38,1.03,2.31
hard,186,Lloyd Harris,19,45.45%,65,143,0.62,2.98,7.53,1.35,3.42,65.74%,71,108,0.46,2.25,5.68,0.77,1.95
hard,477,Lorenzo Carboni,6,37.84%,14,37,0.69,3.08,6.17,1.17,2.33,41.46%,17,41,0.8,3.42,6.83,2,4
hard,201,Lorenzo Giustino,18,43.44%,53,122,0.62,3.05,6.78,1.32,2.94,64.23%,88,137,0.7,3.42,7.61,1.23,2.72
hard,13,Lorenzo Musetti,40,40.44%,110,272,0.59,2.72,6.8,1.1,2.75,63.21%,122,193,0.42,1.93,4.83,0.71,1.77
hard,88,Lorenzo Sonego,21,34.78%,48,138,0.52,2.51,6.57,0.87,2.29,68.38%,93,136,0.52,2.47,6.48,0.78,2.05
hard,435,Luca Castelnuovo,12,28.38%,21,74,0.52,2.64,6.17,0.75,1.75,60.98%,50,82,0.6,2.93,6.83,1.14,2.67
hard,173,Luca Nardi,20,38.35%,51,133,0.61,2.89,6.65,1.11,2.55,64.84%,83,128,0.6,2.78,6.4,0.98,2.25
hard,425,Luca Potenza,11,36.36%,28,77,0.69,3.5,7,1.27,2.55,52.24%,35,67,0.59,3.05,6.09,1.45,2.91
hard,129,Luca Van Assche,21,49.60%,62,125,0.56,2.55,5.95,1.27,2.95,69.11%,85,123,0.55,2.51,5.86,0.78,1.81
hard,439,Lucas Poullain,13,36.78%,32,87,0.65,3.11,6.69,1.14,2.46,51.49%,52,101,0.76,3.61,7.77,1.75,3.77
hard,22,Luciano Darderi,22,46.02%,52,113,0.43,2.05,5.14,0.95,2.36,57.05%,85,149,0.58,2.71,6.77,1.16,2.91
hard,195,Luka Mikrut,5,35.14%,13,37,0.6,2.64,7.4,0.93,2.6,66.67%,32,48,0.73,3.43,9.6,1.14,3.2
hard,208,Luka Pavlovic,13,38.89%,28,72,0.5,2.4,5.54,0.93,2.15,70.13%,54,77,0.55,2.57,5.92,0.77,1.77
hard,150,Lukas Klein,10,32.61%,15,46,0.39,1.92,4.6,0.62,1.5,62.26%,33,53,0.44,2.21,5.3,0.83,2
hard,173,Lukas Neumayer,12,43.84%,32,73,0.56,2.7,6.08,1.19,2.67,63.01%,46,73,0.55,2.7,6.08,1,2.25
hard,145,Mackenzie McDonald,22,40.32%,50,124,0.48,2.38,5.64,0.96,2.27,57.02%,65,114,0.45,2.19,5.18,0.94,2.23
hard,518,Mae Malige,13,45.07%,32,71,0.56,2.54,5.46,1.14,2.46,58.95%,56,95,0.73,3.39,7.31,1.39,3
hard,233,Maks Kasnikowski,21,47.97%,59,123,0.53,2.51,5.86,1.2,2.81,64.39%,85,132,0.59,2.69,6.29,0.96,2.24
hard,372,Manas Dhamne,12,46.27%,31,67,0.52,2.48,5.58,1.15,2.58,44.64%,25,56,0.43,2.07,4.67,1.15,2.58
hard,737,Manish Sureshkumar,7,33.33%,11,33,0.49,2.2,4.71,0.73,1.57,56.25%,27,48,0.74,3.2,6.86,1.4,3
hard,381,Marat Sharipov,19,30.89%,38,123,0.57,2.8,6.47,0.86,2,58.06%,54,93,0.42,2.11,4.89,0.89,2.05
hard,366,Marc Polmans,10,38.18%,21,55,0.45,2.12,5.5,0.81,2.1,63.41%,52,82,0.65,3.15,8.2,1.15,3
hard,297,Marc-Andrea Huesler,24,29.84%,37,124,0.44,2.18,5.17,0.65,1.54,67.67%,90,133,0.47,2.33,5.54,0.75,1.79
hard,45,Marcos Giron,36,41.15%,93,226,0.5,2.48,6.28,1.02,2.58,64.81%,140,216,0.49,2.37,6,0.84,2.11
hard,336,Marek Gengel,27,42.56%,83,195,0.65,3,7.22,1.28,3.07,55.74%,102,183,0.61,2.82,6.78,1.25,3
hard,46,Mariano Navone,19,43.45%,63,145,0.61,2.96,7.63,1.29,3.32,58.45%,83,142,0.59,2.9,7.47,1.2,3.11
hard,182,Marin Cilic,25,39.13%,36,92,0.32,1.64,3.68,0.64,1.44,67.52%,79,117,0.4,2.09,4.68,0.68,1.52
hard,189,Mark Lajal,46,39.52%,132,334,0.59,2.9,7.26,1.15,2.87,65.91%,203,308,0.54,2.68,6.7,0.91,2.28
hard,348,Marko Topo,7,36.11%,13,36,0.47,2.25,5.14,0.81,1.86,76.32%,29,38,0.5,2.38,5.43,0.56,1.29
hard,326,Martin Damm,35,34.85%,69,198,0.47,2.39,5.66,0.83,1.97,64.80%,81,125,0.29,1.51,3.57,0.53,1.26
hard,261,Martin Krumich,8,42.86%,18,42,0.47,2.33,5.25,1,2.25,56.10%,23,41,0.49,2.28,5.12,1,2.25
hard,143,Martin Landaluce,30,40.00%,76,190,0.59,2.64,6.33,1.06,2.53,61.36%,108,176,0.56,2.44,5.87,0.94,2.27
hard,100,Marton Fucsovics,30,36.71%,87,237,0.74,3.54,7.9,1.3,2.9,57.14%,88,154,0.49,2.3,5.13,0.99,2.2
hard,418,Masamichi Imamura,19,44.72%,55,123,0.65,3,6.47,1.34,2.89,48.44%,62,128,0.68,3.12,6.74,1.61,3.47
hard,425,Massimo Giunta,7,40.00%,14,35,0.38,1.94,5,0.78,2,72.22%,39,54,0.59,3,7.71,0.83,2.14
hard,254,Matej Dodig,21,33.04%,37,112,0.49,2.33,5.33,0.77,1.76,62.60%,77,123,0.53,2.56,5.86,0.96,2.19
hard,377,Mathys Erhard,7,29.03%,9,31,0.41,2.07,4.43,0.6,1.29,60.00%,30,50,0.68,3.33,7.14,1.33,2.86
hard,298,Mats Rosenkranz,33,48.66%,91,187,0.56,2.63,5.67,1.28,2.76,66.12%,121,183,0.55,2.58,5.55,0.87,1.88
hard,748,Matt Kuhar,5,50.00%,13,26,0.55,2.36,5.2,1.18,2.6,47.37%,18,38,0.79,3.45,7.6,1.82,4
hard,35,Matteo Arnaldi,12,29.33%,22,75,0.5,2.42,6.25,0.71,1.83,53.85%,35,65,0.44,2.1,5.42,0.97,2.5
hard,35,Matteo Berrettini,21,38.24%,39,102,0.44,2.22,4.86,0.85,1.86,67.06%,57,85,0.37,1.85,4.05,0.61,1.33
hard,280,Matteo Martineau,28,38.41%,58,151,0.46,2.25,5.39,0.87,2.07,65.59%,122,186,0.56,2.78,6.64,0.96,2.29
hard,448,Matthew Dellavedova,8,42.86%,18,42,0.52,2.21,5.25,0.95,2.25,45.16%,28,62,0.78,3.26,7.75,1.79,4.25
hard,101,Mattia Bellucci,24,40.62%,52,128,0.52,2.46,5.33,1,2.17,61.54%,88,143,0.6,2.75,5.96,1.06,2.29
hard,257,Max Basing,11,36.63%,37,101,0.83,3.74,9.18,1.37,3.36,61.00%,61,100,0.81,3.7,9.09,1.44,3.55
hard,339,Max Hans Rehberg,6,53.12%,17,32,0.5,2.29,5.33,1.21,2.83,79.59%,39,49,0.78,3.5,8.17,0.71,1.67
hard,554,Max Wiskandt,14,37.11%,36,97,0.61,2.85,6.93,1.06,2.57,45.26%,43,95,0.58,2.79,6.79,1.53,3.71
hard,304,Maxim Mrva,22,52.78%,95,180,0.77,3.53,8.18,1.86,4.32,50.00%,88,176,0.77,3.45,8,1.73,4
hard,211,Maxim Zhukov,5,31.71%,13,41,0.72,3.42,8.2,1.08,2.6,59.62%,31,52,0.93,4.33,10.4,1.75,4.2
hard,488,Maxime Chazal,6,39.13%,9,23,0.37,1.77,3.83,0.69,1.5,59.26%,16,27,0.44,2.08,4.5,0.85,1.83
hard,572,Maxime Janvier,8,40.00%,18,45,0.45,2.25,5.62,0.9,2.25,59.70%,40,67,0.65,3.35,8.38,1.35,3.38
hard,419,Maximus Jones,31,42.33%,91,215,0.58,2.72,6.94,1.15,2.94,62.45%,163,261,0.69,3.3,8.42,1.24,3.16
hard,471,Mees Rottgering,8,42.86%,18,42,0.48,2.1,5.25,0.9,2.25,59.38%,38,64,0.74,3.2,8,1.3,3.25
hard,298,Mert Alkaya,18,44.25%,50,113,0.56,2.57,6.28,1.14,2.78,60.61%,60,99,0.47,2.25,5.5,0.89,2.17
hard,794,Micah Braswell,7,36.00%,18,50,0.67,2.94,7.14,1.06,2.57,44.19%,19,43,0.59,2.53,6.14,1.41,3.43
hard,342,Michael Geerts,33,40.00%,80,200,0.55,2.67,6.06,1.07,2.42,62.30%,119,191,0.54,2.55,5.79,0.96,2.18
hard,187,Michael Mmoh,39,44.89%,123,274,0.65,3.15,7.03,1.41,3.15,59.66%,142,238,0.56,2.74,6.1,1.1,2.46
hard,754,Michael Zheng,24,43.48%,90,207,0.78,3.7,8.62,1.61,3.75,63.82%,97,152,0.58,2.71,6.33,0.98,2.29
hard,267,Michele Ribecai,5,52.17%,12,23,0.38,1.77,4.6,0.92,2.4,63.04%,29,46,0.77,3.54,9.2,1.31,3.4
hard,286,Miguel Damas,5,42.31%,11,26,0.54,2.36,5.2,1,2.2,35.48%,11,31,0.62,2.82,6.2,1.82,4
hard,473,Miguel Tobon,9,43.48%,20,46,0.4,1.92,5.11,0.83,2.22,53.57%,30,56,0.5,2.33,6.22,1.08,2.89
hard,415,Mika Brunold,12,37.37%,37,99,0.68,3.41,8.25,1.28,3.08,62.12%,41,66,0.47,2.28,5.5,0.86,2.08
hard,281,Mikhail Kukushkin,36,41.39%,101,244,0.62,2.98,6.78,1.23,2.81,58.70%,108,184,0.47,2.24,5.11,0.93,2.11
hard,714,Millen Hurrion,5,25.00%,5,20,0.38,1.82,4,0.45,1,40.00%,12,30,0.57,2.73,6,1.64,3.6
hard,461,Milos Karol,8,40.91%,18,44,0.44,2.32,5.5,0.95,2.25,73.81%,31,42,0.41,2.21,5.25,0.58,1.38
hard,55,Miomir Kecmanovic,34,40.00%,94,235,0.55,2.73,6.91,1.09,2.76,60.09%,134,223,0.53,2.59,6.56,1.03,2.62
hard,364,Mitchell Krueger,24,39.89%,71,178,0.67,3.18,7.42,1.27,2.96,64.23%,88,137,0.53,2.45,5.71,0.88,2.04
hard,545,Mitsuki Wei Kang Leong,11,37.50%,27,72,0.59,2.77,6.55,1.04,2.45,58.82%,50,85,0.69,3.27,7.73,1.35,3.18
hard,425,Moerani Bouzige,18,33.33%,24,72,0.39,1.8,4,0.6,1.33,54.46%,61,112,0.62,2.8,6.22,1.27,2.83
hard,151,Moez Echargui,26,40.22%,72,179,0.63,2.98,6.88,1.2,2.77,57.72%,71,123,0.42,2.05,4.73,0.87,2
hard,213,Moise Kouame,13,35.44%,28,79,0.6,2.72,6.08,0.97,2.15,66.29%,59,89,0.69,3.07,6.85,1.03,2.31
hard,517,Mukund Sasikumar,12,31.94%,23,72,0.51,2.57,6,0.82,1.92,54.55%,42,77,0.54,2.75,6.42,1.25,2.92
hard,285,Murphy Cassone,40,46.41%,97,209,0.48,2.25,5.22,1.04,2.42,65.38%,187,286,0.65,3.08,7.15,1.06,2.48
hard,961,Naoya Honda,8,35.59%,21,59,0.71,3.11,7.38,1.11,2.62,51.22%,21,41,0.49,2.16,5.12,1.05,2.5
hard,425,Neil Oberleitner,9,34.15%,14,41,0.47,2.16,4.56,0.74,1.56,51.02%,25,49,0.54,2.58,5.44,1.26,2.67
hard,131,Nicolai Budkov Kjaer,36,40.76%,97,238,0.63,2.67,6.61,1.09,2.69,59.60%,118,198,0.52,2.22,5.5,0.9,2.22
hard,718,Nicolas Arseneault,5,50.00%,12,24,0.38,1.85,4.8,0.92,2.4,53.12%,17,32,0.52,2.46,6.4,1.15,3
hard,155,Nicolas Jarry,5,14.81%,4,27,0.47,2.45,5.4,0.36,0.8,52.00%,13,25,0.46,2.27,5,1.09,2.4
hard,223,Nicolas Mejia,31,40.34%,71,176,0.53,2.55,5.68,1.03,2.29,63.16%,156,247,0.75,3.58,7.97,1.32,2.94
hard,439,Niels Visker,13,21.54%,14,65,0.45,2.24,5,0.48,1.08,70.77%,46,65,0.45,2.24,5,0.66,1.46
hard,494,Nikolay Vylegzhanin,5,46.88%,15,32,0.67,2.91,6.4,1.36,3,57.89%,22,38,0.78,3.45,7.6,1.45,3.2
hard,133,Nikoloz Basilashvili,14,32.86%,23,70,0.49,2.5,5,0.82,1.64,63.41%,52,82,0.58,2.93,5.86,1.07,2.14
hard,148,Nishesh Basavareddy,14,41.46%,34,82,0.56,2.22,5.86,0.92,2.43,60.00%,39,65,0.45,1.76,4.64,0.7,1.86
hard,423,Norbert Gombos,12,41.25%,33,80,0.54,2.58,6.67,1.06,2.75,50.63%,40,79,0.54,2.55,6.58,1.26,3.25
hard,8,Novak Djokovic,22,42.07%,69,164,0.55,2.48,7.45,1.05,3.14,70.15%,94,134,0.44,2.03,6.09,0.61,1.82
hard,36,Nuno Borges,32,32.79%,60,183,0.46,2.35,5.72,0.77,1.88,64.89%,122,188,0.47,2.41,5.88,0.85,2.06
hard,357,Ognjen Milic,14,42.17%,35,83,0.58,2.59,5.93,1.09,2.5,61.04%,47,77,0.51,2.41,5.5,0.94,2.14
hard,507,Olaf Pieczkowski,5,41.67%,10,24,0.53,2.4,4.8,1,2,75.00%,30,40,0.91,4,8,1,2
hard,400,Oleg Prihodko,8,58.70%,27,46,0.52,2.3,5.75,1.35,3.38,63.83%,30,47,0.52,2.35,5.88,0.85,2.12
hard,237,Oliver Crawford,38,44.13%,109,247,0.53,2.6,6.5,1.15,2.87,62.45%,143,229,0.48,2.41,6.03,0.91,2.26
hard,348,Oliver Tarvet,12,41.10%,30,73,0.58,2.7,6.08,1.11,2.5,54.26%,51,94,0.73,3.48,7.83,1.59,3.58
hard,386,Olle Wallin,13,34.33%,23,67,0.48,2.16,5.15,0.74,1.77,53.00%,53,100,0.76,3.23,7.69,1.52,3.62
hard,520,Omar Jasika,19,34.48%,40,116,0.53,2.52,6.11,0.87,2.11,60.69%,105,173,0.79,3.76,9.11,1.48,3.58
hard,1215,Orel Kimhi,7,43.14%,22,51,0.75,3.64,7.29,1.57,3.14,50.00%,29,58,0.84,4.14,8.29,2.07,4.14
hard,115,Otto Virtanen,25,41.40%,65,157,0.55,2.71,6.28,1.12,2.6,60.68%,71,117,0.41,2.02,4.68,0.79,1.84
hard,184,Pablo Carreno Busta,19,38.66%,46,119,0.55,2.64,6.26,1.02,2.42,60.71%,68,112,0.51,2.49,5.89,0.98,2.32
hard,129,Pablo Llamas Ruiz,14,38.84%,47,121,0.76,3.56,8.64,1.38,3.36,61.63%,53,86,0.54,2.53,6.14,0.97,2.36
hard,113,Patrick Kypson,31,48.04%,86,179,0.51,2.45,5.77,1.18,2.77,65.81%,102,155,0.44,2.12,5,0.73,1.71
hard,401,Patrick Zahraj,18,39.45%,43,109,0.57,2.79,6.06,1.1,2.39,57.76%,93,161,0.88,4.13,8.94,1.74,3.78
hard,679,Paul Inchauspe,9,38.89%,21,54,0.52,2.45,6,0.95,2.33,72.88%,43,59,0.57,2.68,6.56,0.73,1.78
hard,325,Paul Jubb,15,38.78%,57,147,0.84,3.97,9.8,1.54,3.8,51.28%,60,117,0.66,3.16,7.8,1.54,3.8
hard,243,Pavel Kotov,28,34.27%,61,178,0.58,2.7,6.36,0.92,2.18,62.83%,71,113,0.37,1.71,4.04,0.64,1.5
hard,528,Pavle Marinkov,8,48.57%,17,35,0.38,1.75,4.38,0.85,2.12,47.46%,28,59,0.67,2.95,7.38,1.55,3.88
hard,1025,Pavlos Tsitsipas,6,36.59%,15,41,0.57,2.73,6.83,1,2.5,50.00%,26,52,0.71,3.47,8.67,1.73,4.33
hard,148,Pedro Martinez,14,35.16%,32,91,0.61,2.84,6.5,1,2.29,62.35%,53,85,0.57,2.66,6.07,1,2.29
hard,285,Petr Bar Biryukov,29,39.50%,47,119,0.36,1.7,4.1,0.67,1.62,64.67%,119,184,0.54,2.63,6.34,0.93,2.24
hard,340,Petr Brunclik,22,42.62%,78,183,0.8,3.59,8.32,1.53,3.55,61.24%,79,129,0.58,2.53,5.86,0.98,2.27
hard,396,Petr Nesterov,5,30.43%,14,46,0.79,3.83,9.2,1.17,2.8,50.00%,18,36,0.61,3,7.2,1.5,3.6
hard,295,Philip Henning,15,43.55%,54,124,0.81,3.54,8.27,1.54,3.6,64.95%,63,97,0.65,2.77,6.47,0.97,2.27
hard,301,Philip Sekulic,38,45.28%,96,212,0.5,2.41,5.58,1.09,2.53,59.52%,172,289,0.68,3.28,7.61,1.33,3.08
hard,232,Pierre-Hugues Herbert,15,36.19%,38,105,0.61,3,7,1.09,2.53,59.09%,52,88,0.5,2.51,5.87,1.03,2.4
hard,446,Pietro Fellin,10,42.19%,27,64,0.7,3.2,6.4,1.35,2.7,54.93%,39,71,0.76,3.55,7.1,1.6,3.2
hard,222,Pol Martin Tiffon,13,38.74%,43,111,0.72,3.36,8.54,1.3,3.31,61.76%,42,68,0.44,2.06,5.23,0.79,2
hard,83,Quentin Halys,25,32.06%,42,131,0.45,2.22,5.24,0.71,1.68,64.52%,100,155,0.53,2.63,6.2,0.93,2.2
hard,466,Quinn Vandecasteele,12,28.57%,24,84,0.67,3.36,7,0.96,2,65.52%,57,87,0.67,3.48,7.25,1.2,2.5
hard,519,Radu Albot,10,32.86%,23,70,0.74,3.33,7,1.1,2.3,63.86%,53,83,0.86,3.95,8.3,1.43,3
hard,15,Rafael Jodar,56,45.19%,183,405,0.74,3.21,7.23,1.45,3.27,60.92%,159,261,0.46,2.07,4.66,0.81,1.82
hard,38,Raphael Collignon,37,38.52%,94,244,0.56,2.8,6.59,1.08,2.54,59.79%,113,189,0.43,2.17,5.11,0.87,2.05
hard,410,Raphael Perot,7,46.34%,19,41,0.45,2.16,5.86,1,2.71,53.33%,24,45,0.49,2.37,6.43,1.11,3
hard,231,Raul Brancaccio,9,35.48%,22,62,0.63,3.1,6.89,1.1,2.44,54.17%,26,48,0.49,2.4,5.33,1.1,2.44
hard,150,Rei Sakamoto,27,39.75%,64,161,0.52,2.48,5.96,0.98,2.37,65.47%,91,139,0.45,2.14,5.15,0.74,1.78
hard,76,Reilly Opelka,18,27.27%,12,44,0.2,1.05,2.44,0.29,0.67,71.23%,52,73,0.32,1.74,4.06,0.5,1.17
hard,182,Remy Bertola,21,33.33%,35,105,0.47,2.23,5,0.74,1.67,55.24%,58,105,0.46,2.23,5,1,2.24
hard,330,Renta Tokuda,19,40.19%,43,107,0.5,2.33,5.63,0.93,2.26,56.55%,82,145,0.69,3.15,7.63,1.37,3.32
hard,836,Rigele Te,6,36.00%,9,25,0.38,1.79,4.17,0.64,1.5,63.49%,40,63,0.94,4.5,10.5,1.64,3.83
hard,93,Rinky Hijikata,36,45.18%,103,228,0.57,2.71,6.33,1.23,2.86,60.96%,153,251,0.62,2.99,6.97,1.17,2.72
hard,216,Rio Noguchi,51,47.03%,166,353,0.65,3.07,6.92,1.44,3.25,56.44%,184,326,0.6,2.83,6.39,1.23,2.78
hard,476,Robert Strombachs,14,35.63%,31,87,0.54,2.72,6.21,0.97,2.21,60.44%,55,91,0.58,2.84,6.5,1.12,2.57
hard,183,Roberto Bautista Agut,13,33.33%,26,78,0.52,2.6,6,0.87,2,56.04%,51,91,0.61,3.03,7,1.33,3.08
hard,176,Roberto Carballes Baena,6,25.64%,10,39,0.51,2.6,6.5,0.67,1.67,65.79%,25,38,0.48,2.53,6.33,0.87,2.17
hard,284,Robin Bertrand,25,42.38%,89,210,0.75,3.56,8.4,1.51,3.56,54.33%,113,208,0.76,3.53,8.32,1.61,3.8
hard,320,Rodrigo Pacheco Mendez,24,39.10%,61,156,0.61,2.94,6.5,1.15,2.54,66.23%,100,151,0.6,2.85,6.29,0.96,2.12
hard,132,Roman Safiullin,7,34.04%,16,47,0.52,2.47,6.71,0.84,2.29,55.74%,34,61,0.69,3.21,8.71,1.42,3.86
hard,231,Ryan Peniston,18,46.63%,76,163,0.79,3.88,9.06,1.81,4.22,51.49%,69,134,0.67,3.19,7.44,1.55,3.61
hard,995,Ryotaro Taguchi,5,21.74%,5,23,0.43,2.09,4.6,0.45,1,61.29%,19,31,0.61,2.82,6.2,1.09,2.4
hard,565,Ryuki Matsuda,6,43.75%,14,32,0.46,2.13,5.33,0.93,2.33,50.98%,26,51,0.74,3.4,8.5,1.67,4.17
hard,653,S D Prajwal Dev,5,23.81%,5,21,0.53,2.33,4.2,0.56,1,55.81%,24,43,1.16,4.78,8.6,2.11,3.8
hard,665,Saba Purtseladze,9,25.00%,7,28,0.32,1.47,3.11,0.37,0.78,55.38%,36,65,0.72,3.42,7.22,1.53,3.22
hard,349,Samir Banerjee,11,42.68%,35,82,0.69,3.28,7.45,1.4,3.18,58.46%,38,65,0.54,2.6,5.91,1.08,2.45
hard,293,Sandro Kopp,8,38.30%,18,47,0.59,2.47,5.88,0.95,2.25,58.00%,29,50,0.62,2.63,6.25,1.11,2.62
hard,369,Sanhui Shin,13,46.24%,43,93,0.7,3.21,7.15,1.48,3.31,50.93%,55,108,0.82,3.72,8.31,1.83,4.08
hard,313,Sascha Gueymard Wayenburg,24,42.86%,57,133,0.51,2.46,5.54,1.06,2.38,60.00%,87,145,0.55,2.69,6.04,1.07,2.42
hard,28,Sebastian Baez,22,45.99%,63,137,0.59,2.8,6.23,1.29,2.86,66.67%,114,171,0.75,3.49,7.77,1.16,2.59
hard,36,Sebastian Korda,41,37.41%,107,286,0.6,2.89,6.98,1.08,2.61,62.63%,119,190,0.39,1.92,4.63,0.72,1.73
hard,124,Sebastian Ofner,18,36.73%,36,98,0.44,2.13,5.44,0.78,2,60.00%,54,90,0.41,1.96,5,0.78,2
hard,421,Semen Pankin,10,39.19%,29,74,0.64,2.96,7.4,1.16,2.9,61.90%,39,63,0.53,2.52,6.3,0.96,2.4
hard,302,Sergey Fomin,18,41.84%,41,98,0.47,2.28,5.44,0.95,2.28,50.45%,56,111,0.53,2.58,6.17,1.28,3.06
hard,452,Sergio Callejon Hernando,5,44.12%,15,34,0.63,2.62,6.8,1.15,3,53.85%,21,39,0.71,3,7.8,1.38,3.6
hard,117,Shintaro Mochizuki,30,40.64%,89,219,0.66,3.04,7.3,1.24,2.97,55.60%,134,241,0.75,3.35,8.03,1.49,3.57
hard,194,Sho Shimabukuro,48,38.91%,128,329,0.6,2.89,6.85,1.12,2.67,63.32%,183,289,0.53,2.54,6.02,0.93,2.21
hard,537,Shunsuke Mitsui,5,44.00%,11,25,0.52,2.5,5,1.1,2.2,61.29%,19,31,0.65,3.1,6.2,1.2,2.4
hard,540,Sidharth Rawat,9,40.82%,20,49,0.53,2.45,5.44,1,2.22,55.42%,46,83,0.91,4.15,9.22,1.85,4.11
hard,158,Soonwoo Kwon,22,43.11%,72,167,0.77,3.41,7.59,1.47,3.27,67.68%,67,99,0.44,2.02,4.5,0.65,1.45
hard,524,Spencer Johnson,5,45.45%,10,22,0.43,2,4.4,0.91,2,59.09%,13,22,0.42,2,4.4,0.82,1.8
hard,118,Stan Wawrinka,28,35.46%,50,141,0.45,2.24,5.04,0.79,1.79,65.12%,84,129,0.41,2.05,4.61,0.71,1.61
hard,261,Stefan Dostanic,17,39.86%,59,148,0.76,3.7,8.71,1.48,3.47,62.77%,59,94,0.49,2.35,5.53,0.88,2.06
hard,296,Stefan Kozlov,27,39.82%,90,226,0.74,3.37,8.37,1.34,3.33,53.80%,92,171,0.56,2.55,6.33,1.18,2.93
hard,229,Stefano Napolitano,12,35.16%,32,91,0.64,3.14,7.58,1.1,2.67,65.75%,48,73,0.51,2.52,6.08,0.86,2.08
hard,142,Stefano Travaglia,19,44.20%,61,138,0.62,3,7.26,1.33,3.21,61.00%,61,100,0.45,2.17,5.26,0.85,2.05
hard,153,Stefanos Sakellaridis,27,45.93%,79,172,0.55,2.57,6.37,1.18,2.93,53.01%,88,166,0.53,2.48,6.15,1.16,2.89
hard,11,Stefanos Tsitsipas,24,35.81%,53,148,0.54,2.6,6.17,0.93,2.21,59.05%,62,105,0.37,1.84,4.38,0.75,1.79
hard,384,Stuart Parker,9,54.10%,33,61,0.64,2.77,6.78,1.5,3.67,50.00%,28,56,0.6,2.55,6.22,1.27,3.11
hard,246,Sumit Nagal,13,41.57%,37,89,0.66,2.97,6.85,1.23,2.85,69.79%,67,96,0.75,3.2,7.38,0.97,2.23
hard,512,Tai Sach,12,34.52%,29,84,0.64,2.8,7,0.97,2.42,48.39%,45,93,0.7,3.1,7.75,1.6,4
hard,523,Takuya Kumasaka,9,40.00%,16,40,0.42,1.9,4.44,0.76,1.78,56.32%,49,87,0.92,4.14,9.67,1.81,4.22
hard,69,Tallon Griekspoor,27,28.23%,35,124,0.38,1.91,4.59,0.54,1.3,65.04%,80,123,0.38,1.89,4.56,0.66,1.59
hard,194,Taro Daniel,17,42.45%,45,106,0.5,2.41,6.24,1.02,2.65,59.14%,55,93,0.43,2.11,5.47,0.86,2.24
hard,8,Taylor Fritz,45,30.00%,84,280,0.49,2.46,6.22,0.74,1.87,72.03%,170,236,0.4,2.07,5.24,0.58,1.47
hard,31,Taym Al Azmeh,5,63.16%,24,38,0.69,3.45,7.6,2.18,4.8,52.17%,24,46,0.82,4.18,9.2,2,4.4
hard,46,Terence Atmane,27,38.64%,51,132,0.45,2.1,4.89,0.81,1.89,62.00%,93,150,0.49,2.38,5.56,0.9,2.11
hard,115,Thiago Agustin Tirante,16,37.61%,44,117,0.69,3.16,7.31,1.19,2.75,56.47%,48,85,0.5,2.3,5.31,1,2.31
hard,321,Thomas Faurel,5,57.89%,11,19,0.36,1.73,3.8,1,2.2,64.71%,22,34,0.71,3.09,6.8,1.09,2.4
hard,371,Tiago Pereira,12,39.51%,32,81,0.57,2.79,6.75,1.1,2.67,49.44%,44,89,0.62,3.07,7.42,1.55,3.75
hard,427,Tiago Torres,5,37.93%,22,58,0.98,4.14,11.6,1.57,4.4,57.45%,27,47,0.78,3.36,9.4,1.43,4
hard,500,Tibo Colson,8,25.86%,15,58,0.6,2.9,7.25,0.75,1.88,55.81%,24,43,0.46,2.15,5.38,0.95,2.38
hard,961,Timo Legout,10,46.43%,39,84,0.86,4,8.4,1.86,3.9,59.68%,37,62,0.65,2.95,6.2,1.19,2.5
hard,150,Timofey Skatov,19,47.37%,45,95,0.46,2.26,5,1.07,2.37,57.83%,48,83,0.4,1.98,4.37,0.83,1.84
hard,185,Titouan Droguet,29,35.03%,62,177,0.51,2.46,6.1,0.86,2.14,59.88%,97,162,0.47,2.25,5.59,0.9,2.24
hard,112,Toby Samuel,33,48.12%,128,266,0.86,3.8,8.06,1.83,3.88,66.28%,114,172,0.53,2.46,5.21,0.83,1.76
hard,186,Tom Gentzsch,22,43.36%,49,113,0.45,2.22,5.14,0.96,2.23,68.87%,104,151,0.6,2.96,6.86,0.92,2.14
hard,372,Tom Paris,14,36.00%,27,75,0.48,2.34,5.36,0.84,1.93,56.94%,41,72,0.45,2.25,5.14,0.97,2.21
hard,139,Tomas Barrios Vera,5,45.00%,9,20,0.34,1.82,4,0.82,1.8,66.67%,22,33,0.58,3,6.6,1,2.2
hard,43,Tomas Machac,19,45.74%,43,94,0.44,2,4.95,0.91,2.26,66.67%,68,102,0.49,2.17,5.37,0.72,1.79
hard,30,Tomas Martin Etcheverry,24,39.01%,55,141,0.49,2.39,5.88,0.93,2.29,60.61%,80,132,0.46,2.24,5.5,0.88,2.17
hard,21,Tommy Paul,24,36.97%,61,165,0.51,2.54,6.88,0.94,2.54,62.99%,80,127,0.4,1.95,5.29,0.72,1.96
hard,436,Trevor Svajda,13,41.11%,37,90,0.63,3.1,6.92,1.28,2.85,62.04%,67,108,0.76,3.72,8.31,1.41,3.15
hard,162,Tristan Boyer,9,42.00%,21,50,0.49,2.38,5.56,1,2.33,57.41%,31,54,0.52,2.57,6,1.1,2.56
hard,604,Tristan McCormick,5,32.14%,9,28,0.47,2.33,5.6,0.75,1.8,72.00%,36,50,0.88,4.17,10,1.17,2.8
hard,148,Tristan Schoolkate,24,30.61%,45,147,0.51,2.53,6.12,0.78,1.88,60.45%,81,134,0.46,2.31,5.58,0.91,2.21
hard,612,Tsung-Hao Huang,8,40.74%,22,54,0.62,2.84,6.75,1.16,2.75,58.46%,38,65,0.75,3.42,8.12,1.42,3.38
hard,329,Tung-Lin Wu,35,34.94%,87,249,0.6,2.86,7.11,1,2.49,61.28%,144,235,0.57,2.7,6.71,1.05,2.6
hard,343,Tyler Zink,35,33.16%,63,190,0.51,2.44,5.43,0.81,1.8,60.50%,121,200,0.53,2.56,5.71,1.01,2.26
hard,173,Ugo Blanchet,23,36.07%,44,122,0.44,2.18,5.3,0.79,1.91,65.09%,110,169,0.61,3.02,7.35,1.05,2.57
hard,28,Ugo Humbert,34,37.27%,60,161,0.42,2.06,4.74,0.77,1.76,68.45%,115,168,0.43,2.15,4.94,0.68,1.56
hard,416,Vadym Ursu,14,45.28%,48,106,0.68,3.12,7.57,1.41,3.43,53.73%,72,134,0.85,3.94,9.57,1.82,4.43
hard,203,Valentin Royer,28,38.36%,56,146,0.42,2.12,5.21,0.81,2,66.49%,125,188,0.54,2.72,6.71,0.91,2.25
hard,18,Valentin Vacherot,33,38.42%,73,190,0.49,2.38,5.76,0.91,2.21,70.76%,121,171,0.44,2.14,5.18,0.62,1.52
hard,493,Viktor Durasovic,21,37.21%,48,129,0.54,2.58,6.14,0.96,2.29,48.23%,68,141,0.61,2.82,6.71,1.46,3.48
hard,128,Vilius Gaubas,8,51.52%,34,66,0.65,3.14,8.25,1.62,4.25,70.59%,48,68,0.65,3.24,8.5,0.95,2.5
hard,125,Vit Kopriva,15,33.01%,34,103,0.63,3.03,6.87,1,2.27,57.14%,52,91,0.55,2.68,6.07,1.15,2.6
hard,215,Vitaliy Sachko,8,27.59%,8,29,0.29,1.45,3.62,0.4,1,64.00%,32,50,0.52,2.5,6.25,0.9,2.25
hard,287,Yanki Erel,13,31.73%,33,104,0.65,3.25,8,1.03,2.54,60.27%,44,73,0.47,2.28,5.62,0.91,2.23
hard,98,Yannick Hanfmann,22,41.13%,58,141,0.54,2.61,6.41,1.07,2.64,55.21%,53,96,0.38,1.78,4.36,0.8,1.95
hard,312,Yasutaka Uchiyama,32,39.90%,81,203,0.54,2.64,6.34,1.05,2.53,62.78%,113,180,0.48,2.34,5.62,0.87,2.09
hard,662,Ye Cong Mo,5,53.85%,14,26,0.52,2.36,5.2,1.27,2.8,40.00%,10,25,0.52,2.27,5,1.36,3
hard,239,Yi Zhou,30,38.42%,68,177,0.51,2.42,5.9,0.93,2.27,59.77%,104,174,0.5,2.38,5.8,0.96,2.33
hard,106,Yibing Wu,14,32.00%,24,75,0.49,2.42,5.36,0.77,1.71,58.06%,36,62,0.4,2,4.43,0.84,1.86
hard,131,Yoshihito Nishioka,22,43.53%,74,170,0.66,3.15,7.73,1.37,3.36,56.55%,82,145,0.58,2.69,6.59,1.17,2.86
hard,316,Yosuke Watanuki,18,52.00%,52,100,0.52,2.27,5.56,1.18,2.89,62.50%,75,120,0.62,2.73,6.67,1.02,2.5
hard,222,Yu Hsiou Hsu,30,43.84%,89,203,0.62,2.94,6.77,1.29,2.97,58.95%,135,229,0.69,3.32,7.63,1.36,3.13
hard,578,Yuki Mochizuki,5,37.50%,6,16,0.37,1.6,3.2,0.6,1.2,42.50%,17,40,0.91,4,8,2.3,4.6
hard,109,Yunchaokete Bu,33,36.70%,80,218,0.58,2.87,6.61,1.05,2.42,68.79%,108,157,0.42,2.07,4.76,0.64,1.48
hard,670,Yusuke Takahashi,12,38.46%,25,65,0.49,2.32,5.42,0.89,2.08,51.65%,47,91,0.69,3.25,7.58,1.57,3.67
hard,383,Yuta Shimizu,37,36.01%,103,286,0.64,3.18,7.73,1.14,2.78,59.73%,175,293,0.67,3.26,7.92,1.31,3.19
hard,165,Zachary Svajda,16,39.81%,41,103,0.54,2.58,6.44,1.02,2.56,58.16%,57,98,0.51,2.45,6.12,1.02,2.56
hard,154,Zdenek Kolar,10,45.00%,27,60,0.5,2.5,6,1.12,2.7,54.55%,30,55,0.47,2.29,5.5,1.04,2.5
hard,156,Zhizhen Zhang,21,33.33%,38,114,0.48,2.38,5.43,0.79,1.81,70.68%,94,133,0.54,2.77,6.33,0.81,1.86
hard,34,Zizou Bergs,32,37.04%,70,189,0.5,2.49,5.91,0.92,2.19,55.87%,100,179,0.48,2.36,5.59,1.04,2.47
hard,119,Zsombor Piros,12,33.64%,36,107,0.79,3.82,8.92,1.29,3,70.13%,54,77,0.55,2.75,6.42,0.82,1.92
